0.004957772791385651
0.004942519124597311
0.004927265923470259
0.004911965224891901
0.004896692465990782
0.004881427623331547
0.004866165108978748
0.004850876517593861
0.004835591651499271
0.004820264410227537
0.004804982338100672
0.004789702594280243
0.004774375818669796
0.004759074654430151
0.004743758589029312
0.004728446714580059
0.004713146016001701
0.004697796888649464
0.004682464525103569
0.004667134955525398
0.004651747643947601
0.004636453464627266
0.0046211169101297855
0.00460570165887475
0.004590385127812624
0.004575032275170088
0.004559638909995556
0.004544286523014307
0.004528908524662256
0.004513502586632967
0.004498177208006382
0.004482786171138287
0.004467373248189688
0.004451983142644167
0.0044365935027599335
0.004421198274940252
0.004405776038765907
0.00439035939052701
0.004374961368739605
0.004359563812613487
0.0043441252782940865
0.004328701179474592
0.004313230514526367
0.0042978208512067795
0.004282375797629356
0.004266898147761822
0.004251507576555014
0.0042360457591712475
0.004220513626933098
0.004205077886581421
0.004189630970358849
0.004174123518168926
0.004158651921898127
0.004143217578530312
0.004127718508243561
0.00411220733076334
0.0040967329405248165
0.004081233404576778
0.004065734334290028
0.004050259478390217
0.00403472688049078
0.004019226413220167
0.004003693349659443
0.0039881388656795025
0.003972643055021763
0.003957130014896393
0.0039415606297552586
0.003926040604710579
0.003910486586391926
0.003894916269928217
0.0038793100975453854
0.0038637786637991667
0.0038482188247144222
0.0038326650392264128
0.003817036049440503
0.0038014573510736227
0.003785878187045455
0.0037703036796301603
0.0037547401152551174
0.0037390966899693012
0.003723492380231619
0.0037079157773405313
0.0036922856234014034
0.0036766398698091507
0.0036610367242246866
0.003645390272140503
0.003629822051152587
0.0036141485907137394
0.003598474431782961
0.0035828333348035812
0.0035671566147357225
0.003551551140844822
0.003535845084115863
0.0035201548598706722
0.003504497231915593
0.0034888889640569687
0.0034731451887637377
0.0034574426244944334
0.0034417700953781605
0.0034261143300682306
0.0034103880170732737
0.0033946505282074213
0.0033789717126637697
0.0033632416743785143
0.003347455058246851
0.003331799991428852
0.0033160774037241936
0.00330032454803586
0.003284600330516696
0.003268835600465536
0.0032531004399061203
0.003237338038161397
0.0032215684186667204
0.0032058260403573513
0.003190032672137022
0.0031742770224809647
0.0031584922689944506
0.0031427177600562572
0.003126883879303932
0.003111081663519144
0.0030953006353229284
0.003079514019191265
0.003063682932406664
0.0030479137785732746
0.0030320624355226755
0.003016245551407337
0.003000384196639061
0.0029845722019672394
0.0029687548521906137
0.0029529090970754623
0.0029370547272264957
0.002921187086030841
0.002905364381149411
0.002889487659558654
0.002873547375202179
0.002857743063941598
0.0028418777510523796
0.0028259437531232834
0.0028100861236453056
0.002794125350192189
0.0027782549150288105
0.0027623537462204695
0.0027464551385492086
0.0027305767871439457
0.0027146341744810343
0.0026987127494066954
0.0026827880647033453
0.002666869666427374
0.002650903770700097
0.0026350037660449743
0.0026190225034952164
0.002603077795356512
0.0025871465913951397
0.002571193967014551
0.002555164974182844
0.0025391969829797745
0.0025232378393411636
0.0025072561111301184
0.0024913065135478973
0.002475314773619175
0.0024592673871666193
0.002443326637148857
0.0024272941518574953
0.0024112886749207973
0.002395296236500144
0.0023792663123458624
0.0023632498923689127
0.0023472250904887915
0.0023311732802540064
0.0023151200730353594
0.0022990982979536057
0.002283042063936591
0.002267043571919203
0.0022509440314024687
0.0022348968777805567
0.0022188620641827583
0.0022027487866580486
0.0021866625174880028
0.0021706081461161375
0.0021545172203332186
0.002138385083526373
0.0021223388612270355
0.0021062614396214485
0.002090107649564743
0.0020740400068461895
0.002057901816442609
0.0020418877247720957
0.0020257087890058756
0.002009578514844179
0.0019934247247874737
0.0019773447420448065
0.0019611769821494818
0.001944979652762413
0.0019289281917735934
0.0019126979168504477
0.001896609552204609
0.0018804664723575115
0.001864331541582942
0.001848120242357254
0.0018319366499781609
0.0018157819285988808
0.0017996514216065407
0.0017834545578807592
0.0017673100810498
0.001751079224050045
0.00173482415266335
0.0017186743207275867
0.00170250260271132
0.001686295960098505
0.0016700768610462546
0.0016539001371711493
0.0016376543790102005
0.0016214093193411827
0.001605220721103251
0.0015890148933976889
0.0015728118596598506
0.0015565231442451477
0.0015403283759951591
0.0015240962384268641
0.001507804961875081
0.0014915727078914642
0.0014753274153918028
0.0014590589562430978
0.0014428116846829653
0.0014266024809330702
0.0014103198191151023
0.0013940727803856134
0.001377828884869814
0.0013615021016448736
0.001345207798294723
0.0013289113994687796
0.0013126528356224298
0.0012963390909135342
0.0012800899567082524
0.0012638045009225607
0.0012475375551730394
0.001231231028214097
0.0012149941176176071
0.0011986324097961187
0.0011823002714663744
0.001166041474789381
0.0011497058439999819
0.001133442623540759
0.001117067993618548
0.0011007841676473618
0.0010844317730516195
0.0010681941639631987
0.0010518545750528574
0.0010354968253523111
0.0010192310437560081
0.0010028507094830275
0.000986528117209673
0.0009701972012408078
0.0009538795566186309
0.0009375328081659973
0.00092121068155393
0.0009048639913089573
0.0008884844137355685
0.0008721493650227785
0.0008558321860618889
0.0008395260665565729
0.0008231693063862622
0.0008068262250162661
0.0007904272060841322
0.0007740993751212955
0.0007577339420095086
0.0007414125720970333
0.0007250984199345112
0.000708738574758172
0.0006923716282472014
0.0006759804673492908
0.0006596946623176336
0.0006432982045225799
0.0006269412115216255
0.000610602437518537
0.0005942046409472823
0.0005778586491942406
0.0005615445552393794
0.0005451556062325835
0.000528769101947546
0.0005124536692164838
0.0004961724625900388
0.00047975184861570597
0.00046343874419108033
0.00044703928870148957
0.00043066078796982765
0.00041429666453041136
0.00039798644138500094
0.00038164231227710843
0.0003652932937256992
0.0003489587688818574
0.0003325162979308516
0.0003162218490615487
0.00029989847098477185
0.0002835473860614002
0.0002672518021427095
0.00025088194524869323
0.00023456013877876103
0.0002181435702368617
0.00020184752065688372
0.00018552987603470683
0.00016916543245315552
0.00015287718269973993
0.00013654102804139256
0.00012015458196401596
0.00010384811321273446
8.757237810641527e-05
7.119285874068737e-05
5.4874690249562263e-05
3.8613739889115095e-05
2.2273219656199217e-05
5.940062692388892e-06
-1.0346644558012486e-05
-2.659962046891451e-05
-4.2936851968988776e-05
-5.915554356761277e-05
-7.549859583377838e-05
-9.181993664242327e-05
-0.000108094303868711
-0.00012438552221283317
-0.0001405873626936227
-0.0001568650477565825
-0.00017312506679445505
-0.000189408368896693
-0.00020564725855365396
-0.00022193134645931423
-0.00023820233764126897
-0.0002543811278883368
-0.0002706333762034774
-0.00028685698634944856
-0.00030307614360935986
-0.00031930551631376147
-0.0003355380904395133
-0.0003517678123898804
-0.0003680153167806566
-0.000384173501515761
-0.00040033773984760046
-0.0004164697020314634
-0.0004326713096816093
-0.00044886901741847396
-0.0004650316259358078
-0.0004811884427908808
-0.000497314496897161
-0.0005134794628247619
-0.0005295008304528892
-0.0005456835497170687
-0.0005618778523057699
-0.0005779656930826604
-0.0005940706469118595
-0.0006101307808421552
-0.0006261825910769403
-0.0006423103041015565
-0.0006584121729247272
-0.0006743992562405765
-0.0006904661422595382
-0.0007065318059176207
-0.0007225701119750738
-0.0007386060315184295
-0.0007546045817434788
-0.0007706163451075554
-0.0007865502266213298
-0.0008025863207876682
-0.0008185733458958566
-0.0008344550151377916
-0.0008504000143148005
-0.0008663552580401301
-0.0008824205142445862
-0.0008982504950836301
-0.000914153759367764
-0.0009300671517848969
-0.0009459376451559365
-0.0009617414325475693
-0.0009776074439287186
-0.0009934310801327229
-0.0010093344608321786
-0.0010250640334561467
-0.001040914561599493
-0.001056657754816115
-0.0010725241154432297
-0.0010882096830755472
-0.0011039916425943375
-0.0011196837294846773
-0.0011354431044310331
-0.001151146600022912
-0.0011668418301269412
-0.001182527281343937
-0.0011981757124885917
-0.0012137799058109522
-0.0012294645421206951
-0.001245066407136619
-0.001260685734450817
-0.001276233233511448
-0.0012918042484670877
-0.0013073636218905449
-0.0013228603638708591
-0.0013383333571255207
-0.0013538862112909555
-0.001369353150948882
-0.0013847891241312027
-0.001400260254740715
-0.0014156617689877748
-0.0014310296392068267
-0.001446408685296774
-0.0014618432614952326
-0.0014771410496905446
-0.0014924423303455114
-0.0015077608404681087
-0.0015230681747198105
-0.00153831928037107
-0.001553564565256238
-0.0015688316198065877
-0.001583920675329864
-0.0015991118270903826
-0.001614368287846446
-0.0016293531516566873
-0.001644527423195541
-0.0016596962232142687
-0.0016746553592383862
-0.0016897503519430757
-0.0017047239234670997
-0.0017196869011968374
-0.0017347200773656368
-0.0017497037770226598
-0.001764529850333929
-0.0017794622108340263
-0.001794322393834591
-0.0018091755919158459
-0.00182396883610636
-0.0018387718591839075
-0.0018535042181611061
-0.0018682731315493584
-0.0018829235341399908
-0.0018975974526256323
-0.001912280567921698
-0.0019268731120973825
-0.0019414391135796905
-0.0019561091903597116
-0.0019705959130078554
-0.0019851031247526407
-0.001999612431973219
-0.002014036988839507
-0.002028387738391757
-0.0020427838899195194
-0.0020571965724229813
-0.0020715033169835806
-0.002085783053189516
-0.002100009936839342
-0.002114308997988701
-0.00212849210947752
-0.002142519224435091
-0.0021567377261817455
-0.0021707990672439337
-0.002184842713177204
-0.002198937349021435
-0.0022128636483103037
-0.002226902637630701
-0.0022408301010727882
-0.0022546008694916964
-0.002268474316224456
-0.0022822972387075424
-0.002296015154570341
-0.0023097500670701265
-0.0023234558757394552
-0.0023370892740786076
-0.0023507168516516685
-0.0023642857559025288
-0.0023777943570166826
-0.0023912887554615736
-0.0024047167971730232
-0.002418133895844221
-0.002431620378047228
-0.0024448230396956205
-0.002458143513649702
-0.002471413929015398
-0.0024845979642122984
-0.002497794572263956
-0.0025109071284532547
-0.0025239428505301476
-0.0025369564536958933
-0.0025499179027974606
-0.0025628595612943172
-0.002575711812824011
-0.0025885950308293104
-0.0026013730093836784
-0.002614131662994623
-0.0026267985813319683
-0.002639459678903222
-0.002652036026120186
-0.0026645876932889223
-0.002677071373909712
-0.0026895415503531694
-0.002701918827369809
-0.002714260248467326
-0.002726580947637558
-0.0027388285379856825
-0.002750992774963379
-0.0027631251141428947
-0.0027752318419516087
-0.0027872363571077585
-0.0027992920950055122
-0.002811129204928875
-0.002823031507432461
-0.002834791550412774
-0.0028465939685702324
-0.0028583118692040443
-0.002869920339435339
-0.0028814871329814196
-0.002893006894737482
-0.002904382534325123
-0.0029158596880733967
-0.0029270886443555355
-0.002938532270491123
-0.002949756570160389
-0.0029608779586851597
-0.0029720335733145475
-0.0029829577542841434
-0.0029939317610114813
-0.0030048778280615807
-0.003015718422830105
-0.0030265182722359896
-0.0030371304601430893
-0.003047826699912548
-0.0030584363266825676
-0.0030688997358083725
-0.003079403657466173
-0.0030897543765604496
-0.0031001311726868153
-0.0031102923676371574
-0.003120464738458395
-0.003130537224933505
-0.0031405764166265726
-0.0031505138613283634
-0.00316041661426425
-0.00317019154317677
-0.0031799785792827606
-0.003189713228493929
-0.0031992695294320583
-0.0032087306026369333
-0.0032181257847696543
-0.003227562876418233
-0.0032367361709475517
-0.0032459706999361515
-0.00325509044341743
-0.0032642106525599957
-0.003273169742897153
-0.0032819723710417747
-0.003290804335847497
-0.003299571108072996
-0.0033082873560488224
-0.003316708840429783
-0.003325184341520071
-0.003333544358611107
-0.003341920441016555
-0.003350094659253955
-0.003358278190717101
-0.003366348333656788
-0.003374334890395403
-0.0033821682445704937
-0.0033899713307619095
-0.0033976640552282333
-0.0034052631817758083
-0.0034127854742109776
-0.0034201834350824356
-0.0034274840727448463
-0.003434786107391119
-0.0034419624134898186
-0.0034490153193473816
-0.0034559210762381554
-0.003462862689048052
-0.0034696313086897135
-0.0034762080758810043
-0.0034828553907573223
-0.0034893180709332228
-0.003495642449706793
-0.003502019215375185
-0.003508094698190689
-0.0035142330452799797
-0.0035201709251850843
-0.003526025917381048
-0.003531754482537508
-0.0035373992286622524
-0.0035430367570370436
-0.0035485001280903816
-0.0035538566298782825
-0.0035590266343206167
-0.0035642231814563274
-0.0035692157689481974
-0.0035741454921662807
-0.003578995354473591
-0.00358376232907176
-0.0035882715601474047
-0.003592732362449169
-0.0035970862954854965
-0.0036014204379171133
-0.0036055603995919228
-0.003609446110203862
-0.0036133569665253162
-0.003617259208112955
-0.0036209432873874903
-0.0036243987269699574
-0.003627826925367117
-0.003631110768765211
-0.003634400898590684
-0.003637355985119939
-0.003640388371422887
-0.0036431672051548958
-0.0036459192633628845
-0.003648390294983983
-0.0036508890334516764
-0.003653220133855939
-0.003655422944575548
-0.0036576264537870884
-0.003659444861114025
-0.0036614187993109226
-0.0036630393005907536
-0.0036645682994276285
-0.0036659815814346075
-0.0036672945134341717
-0.0036685620434582233
-0.0036694661248475313
-0.0036704563535749912
-0.0036710919812321663
-0.003671774175018072
-0.003672265447676182
-0.0036725527606904507
-0.0036728389095515013
-0.0036727949045598507
-0.0036727874539792538
-0.0036724936217069626
-0.003672185819596052
-0.0036717152688652277
-0.003671174868941307
-0.0036702845245599747
-0.003669348079711199
-0.003668292658403516
-0.003667157609015703
-0.0036657368764281273
-0.0036641100887209177
-0.003662594361230731
-0.0036607286892831326
-0.0036587854847311974
-0.0036565938498824835
-0.0036544594913721085
-0.00365195469930768
-0.0036493553780019283
-0.0036466438323259354
-0.0036436968948692083
-0.0036406901199370623
-0.00363753130659461
-0.0036341664381325245
-0.0036305703688412905
-0.0036268935073167086
-0.0036231661215424538
-0.003619065973907709
-0.003615038935095072
-0.003610589075833559
-0.003606134792789817
-0.003601405769586563
-0.003596663475036621
-0.0035916417837142944
-0.003586452454328537
-0.0035811220295727253
-0.003575634676963091
-0.0035700101871043444
-0.0035642399452626705
-0.0035581770353019238
-0.0035520405508577824
-0.003545592073351145
-0.003539138240739703
-0.003532483708113432
-0.003525648731738329
-0.0035184952430427074
-0.003511351067572832
-0.0035039314534515142
-0.0034963989164680243
-0.003488578600808978
-0.0034805878531187773
-0.00347253424115479
-0.0034641518723219633
-0.0034557359758764505
-0.003447155002504587
-0.003438221989199519
-0.003429219126701355
-0.0034198921639472246
-0.003410582896322012
-0.0034009392838925123
-0.003391142003238201
-0.0033812220208346844
-0.003371037542819977
-0.0033607077784836292
-0.0033501400612294674
-0.0033394612837582827
-0.003328426741063595
-0.0033174334093928337
-0.00330612575635314
-0.003294629044830799
-0.0032829127740114927
-0.0032711029052734375
-0.003258949611335993
-0.003246611449867487
-0.0032341964542865753
-0.0032215272076427937
-0.003208549227565527
-0.003195512108504772
-0.0031822999007999897
-0.0031687309965491295
-0.0031550652347505093
-0.003141226712614298
-0.0031271600164473057
-0.003112820442765951
-0.0030982450116425753
-0.003083596471697092
-0.003068782389163971
-0.003053465159609914
-0.0030383593402802944
-0.003022816963493824
-0.0030070235952734947
-0.002991046290844679
-0.0029749898239970207
-0.002958542201668024
-0.0029419907368719578
-0.0029252697713673115
-0.0029082230757921934
-0.0028911300469189882
-0.002873601159080863
-0.0028559649363160133
-0.0028382549062371254
-0.0028201688546687365
-0.002801863942295313
-0.0027833464555442333
-0.0027647283859550953
-0.002745693316683173
-0.0027267192490398884
-0.002707283478230238
-0.0026877373456954956
-0.002668036613613367
-0.0026480695232748985
-0.002627840731292963
-0.002607423346489668
-0.0025867552030831575
-0.002565875183790922
-0.00254480866715312
-0.0025235076900571585
-0.002502064686268568
-0.00248027965426445
-0.0024583302438259125
-0.002436134498566389
-0.0024136232677847147
-0.0023910992313176394
-0.002368357963860035
-0.0023452197201550007
-0.0023219375871121883
-0.002298407955095172
-0.0022747167386114597
-0.002250801771879196
-0.002226579701527953
-0.0022021650802344084
-0.0021777029614895582
-0.0021527200005948544
-0.0021276799961924553
-0.0021025328896939754
-0.0020769047550857067
-0.0020511988550424576
-0.002025358146056533
-0.0019991211593151093
-0.001972815254703164
-0.001946155447512865
-0.0019193958723917603
-0.0018923594616353512
-0.0018650245619937778
-0.0018375058425590396
-0.0018098177388310432
-0.0017819303320720792
-0.0017538280226290226
-0.0017253486439585686
-0.001696850173175335
-0.0016680661356076598
-0.0016390226082876325
-0.0016098178457468748
-0.0015804035356268287
-0.0015506697818636894
-0.001520711462944746
-0.0014906540745869279
-0.0014603531453758478
-0.0014298283495008945
-0.0013991349842399359
-0.0013681950513273478
-0.0013368678046390414
-0.0013054637238383293
-0.0012738443911075592
-0.0012421086430549622
-0.0012100475141778588
-0.0011777596082538366
-0.0011453540064394474
-0.0011126804165542126
-0.0010798191651701927
-0.001046729856170714
-0.0010135178454220295
-0.0009800235275179148
-0.0009462463203817606
-0.000912463350687176
-0.0008782253134995699
-0.0008439298253506422
-0.0008094150689430535
-0.0007746976334601641
-0.000739938288461417
-0.0007048163679428399
-0.0006694822222925723
-0.0006340473773889244
-0.000598295358940959
-0.0005625379271805286
-0.0005260230973362923
-0.0004898688057437539
-0.00045337306801229715
-0.0004166873695794493
-0.00037997434264980257
-0.00034301617415621877
-0.0003057259018532932
-0.00026828754926100373
-0.00023078618687577546
-0.0001930461439769715
-0.00015517586143687367
-0.00011712484410963953
-7.892173016443849e-05
-4.056713078171015e-05
-1.9740546122193336e-06
3.676721826195717e-05
7.577124051749706e-05
0.00011472072219476104
0.00015399869880639017
0.00019333584350533783
0.00023290823446586728
0.0002725797821767628
0.00031250290339812636
0.00035261863376945257
0.0003927570069208741
0.0004330208175815642
0.00047341245226562023
0.0005139333661645651
0.0005547490436583757
0.0005955299129709601
0.0006364783621393144
0.000677728618029505
0.0007189682219177485
0.0007603097474202514
0.0008018487133085728
0.0008434296469204128
0.0008850867743603885
0.0009270479204133153
0.0009689920698292553
0.0010110646253451705
0.001053093932569027
0.001095407991670072
0.0011378200724720955
0.0011803414672613144
0.0012227785773575306
0.0012655336176976562
0.0013081989018246531
0.0013510790886357427
0.0013938905904069543
0.001436942140571773
0.0014800160424783826
0.0015229855198413134
0.0015663385856896639
0.0016095020109787583
0.0016526897670701146
0.0016960945213213563
0.0017393738962709904
0.0017829262651503086
0.0018263360252603889
0.0018698556814342737
0.0019135135225951672
0.0019570786971598864
0.0020005875267088413
0.0020442295353859663
0.0020882240496575832
0.0021319508086889982
0.002175581641495228
0.002219158224761486
0.0022628314327448606
0.0023066175635904074
0.0023502211552113295
0.0023936720099300146
0.0024374471977353096
0.0024810151662677526
0.0025246809236705303
0.002568082185462117
0.0026114564388990402
0.002655084477737546
0.002698372583836317
0.0027418050449341536
0.002784847980365157
0.002828205469995737
0.0028712181374430656
0.0029142596758902073
0.0029571494087576866
0.0030000300612300634
0.0030428641475737095
0.003085504751652479
0.003127983771264553
0.0031704981811344624
0.003212768118828535
0.0032554680947214365
0.003297507995739579
0.0033394009806215763
0.003381145652383566
0.003422837471589446
0.0034641774836927652
0.0035055584739893675
0.0035468137357383966
0.00358771113678813
0.0036285356618463993
0.003669049823656678
0.0037097721360623837
0.003749808296561241
0.0037897771690040827
0.0038295965641736984
0.0038692080415785313
0.0039083873853087425
0.003947848454117775
0.003986672032624483
0.004025271628051996
0.004063757602125406
0.004101703874766827
0.004139483906328678
0.00417699571698904
0.004214278422296047
0.004251162521541119
0.00428775604814291
0.004323952365666628
0.004360111430287361
0.004395689815282822
0.0044312686659395695
0.004466422367841005
0.00450098467990756
0.00453522615134716
0.004569021984934807
0.004602508619427681
0.004635659046471119
0.00466844392940402
0.004700737539678812
0.0047326600179076195
0.0047644502483308315
0.004795517306774855
0.0048262206837534904
0.0048562451265752316
0.004886010196059942
0.004915250930935144
0.004944153130054474
0.004972376860678196
0.00500050513073802
0.005028021056205034
0.005054523702710867
0.0050809322856366634
0.005106654018163681
0.005131984129548073
0.0051566301845014095
0.005181081593036652
0.005204620771110058
0.0052274796180427074
0.005249974317848682
0.005271715112030506
0.0052928379736840725
0.005314034875482321
0.005333891604095697
0.005353317596018314
0.005371874663978815
0.00538987759500742
0.00540776364505291
0.00542433001101017
0.0054403021931648254
0.005455827806144953
0.00547038996592164
0.005484744440764189
0.0054979100823402405
0.005510457791388035
0.005522408057004213
0.005533647257834673
0.005543800070881844
0.0055532995611429214
0.005561948753893375
0.005570193286985159
0.005577422212809324
0.005583542864769697
0.005589575041085482
0.005594198126345873
0.0055978624150156975
0.005601298995316029
0.005603444296866655
0.005604644771665335
0.005605431739240885
0.005604932084679604
0.0056036594323813915
0.005601543467491865
0.005598317366093397
0.005594038870185614
0.005589465610682964
0.00558332959190011
0.005576721858233213
0.00556874368339777
0.00555989146232605
0.005550285801291466
0.005539577919989824
0.005527765490114689
0.005515033844858408
0.005501290317624807
0.005486412905156612
0.005470504052937031
0.005453821271657944
0.005435899365693331
0.005416880827397108
0.0053969500586390495
0.005375965498387814
0.005353488959372044
0.005330268293619156
0.005305670201778412
0.005280490964651108
0.005253874231129885
0.005225728265941143
0.005196916870772839
0.00516720674932003
0.005135656800121069
0.005103707779198885
0.005070224404335022
0.005035536829382181
0.004999624565243721
0.004962434992194176
0.0049243769608438015
0.004884839523583651
0.0048443470150232315
0.004802658222615719
0.004759787581861019
0.004715513437986374
0.004670053254812956
0.004623285960406065
0.004575278609991074
0.004526170901954174
0.004475611262023449
0.0044240630231797695
0.0043709599412977695
0.004316824954003096
0.004261812195181847
0.0042050741612911224
0.00414713378995657
0.004088079556822777
0.004027363378554583
0.0039656078442931175
0.003903019241988659
0.003838474163785577
0.0037731672637164593
0.0037060934118926525
0.0036381371319293976
0.003568565007299185
0.003498139325529337
0.003426194190979004
0.00335278594866395
0.003278290154412389
0.0032026958651840687
0.0031258983071893454
0.0030475412495434284
0.002967863343656063
0.002887349808588624
0.0028052960988134146
0.0027217301540076733
0.0026373493019491434
0.0025518573820590973
0.002464479301124811
0.002376635791733861
0.002287055365741253
0.0021965184714645147
0.002104301005601883
0.0020114099606871605
0.0019170647719874978
0.0018215210875496268
0.0017246943898499012
0.001626918325200677
0.0015280835796147585
0.0014282951597124338
0.0013268811162561178
0.0012244877871125937
0.0011213079560548067
0.0010167949367314577
0.0009112485568039119
0.0008045628783293068
0.0006964435451664031
0.0005877574440091848
0.00047783093759790063
0.0003676083288155496
0.00025571900187060237
0.0001429638941772282
2.969300840049982e-05
-8.533790241926908e-05
-0.00020092868362553418
-0.0003170091949868947
-0.0004343645123299211
-0.000552467885427177
-0.0006709421286359429
-0.0007909445557743311
-0.0009111561812460423
-0.0010322974994778633
-0.0011539955157786608
-0.00127669726498425
-0.0013999119400978088
-0.001523521146737039
-0.0016477990429848433
-0.0017732861451804638
-0.0018983029294759035
-0.002024624962359667
-0.002151247812435031
-0.0022778783459216356
-0.0024050548672676086
-0.0025328421033918858
-0.00266060046851635
-0.002788748824968934
-0.0029173160437494516
-0.003046059049665928
-0.003175260964781046
-0.003303948789834976
-0.0034331553615629673
-0.0035626916214823723
-0.0036913410294800997
-0.003820594400167465
-0.003949706442654133
-0.004078405909240246
-0.004207128658890724
-0.004335653968155384
-0.004463365767151117
-0.004591408651322126
-0.004718559794127941
-0.004845784045755863
-0.00497202854603529
-0.005097829271107912
-0.005223288666456938
-0.005347989033907652
-0.0054716793820261955
-0.0055952174589037895
-0.005717681720852852
-0.005838924553245306
-0.005959476809948683
-0.00607863487675786
-0.006197426468133926
-0.006314330734312534
-0.006429883651435375
-0.006544561590999365
-0.006658026948571205
-0.006769957486540079
-0.006880539003759623
-0.006989273242652416
-0.007096562534570694
-0.007201553322374821
-0.007305593695491552
-0.0074076661840081215
-0.007507188245654106
-0.0076048909686505795
-0.007701063994318247
-0.007794598117470741
-0.007886232808232307
-0.007975030690431595
-0.008061874657869339
-0.008145936764776707
-0.008228063583374023
-0.008306656032800674
-0.00838291272521019
-0.00845643226057291
-0.008527028374373913
-0.008594272658228874
-0.008659521117806435
-0.008720604702830315
-0.008778964169323444
-0.008833508938550949
-0.008884959854185581
-0.008932963013648987
-0.008977212011814117
-0.009017778560519218
-0.009054720401763916
-0.009087637066841125
-0.009117437526583672
-0.009142250753939152
-0.009163162671029568
-0.009180168621242046
-0.009192361496388912
-0.009200544096529484
-0.009204050526022911
-0.009203074499964714
-0.009197186678647995
-0.009187189862132072
-0.00917197298258543
-0.009151702746748924
-0.009126842021942139
-0.009096994064748287
-0.00906153954565525
-0.009020921774208546
-0.008975094184279442
-0.008923898451030254
-0.008866683579981327
-0.008804081939160824
-0.00873656664043665
-0.008662940934300423
-0.008583216927945614
-0.008498244918882847
-0.008406589739024639
-0.008309540338814259
-0.008206138387322426
-0.00809666607528925
-0.007981041446328163
-0.007859213277697563
-0.007730994839221239
-0.007596469484269619
-0.007455462124198675
-0.007308063562959433
-0.007154279388487339
-0.006994047202169895
-0.006826543714851141
-0.006653324235230684
-0.006473011337220669
-0.006286443676799536
-0.006092981435358524
-0.005892590153962374
-0.005685760639607906
-0.00547206262126565
-0.0052523743361234665
-0.005024539772421122
-0.004791096784174442
-0.004551068879663944
-0.0043045105412602425
-0.004050843883305788
-0.0037904721684753895
-0.0035239183343946934
-0.0032509302254766226
-0.0029717690777033567
-0.0026855901814997196
-0.0023936638608574867
-0.002095369389280677
-0.0017913157353177667
-0.001480888924561441
-0.0011641933815553784
-0.0008422269602306187
-0.0005146459443494678
-0.00018101171008311212
0.00015715736662968993
0.00050102494424209
0.0008503799326717854
0.0012040905421599746
0.0015622875653207302
0.0019259244436398149
0.002292559016495943
0.0026642796583473682
0.0030395383946597576
0.003418644890189171
0.003800752805545926
0.0041857496835291386
0.004574652295559645
0.004965105094015598
0.0053583006374537945
0.0057522887364029884
0.006148485001176596
0.006546747870743275
0.006944161839783192
0.00734351109713316
0.0077419523149728775
0.0081408079713583
0.008538740687072277
0.008935036137700081
0.009329866617918015
0.009722949005663395
0.010112715885043144
0.010499396361410618
0.010882925242185593
0.011262460611760616
0.01163766160607338
0.012006818316876888
0.01237067487090826
0.012728594243526459
0.01307810377329588
0.013420877046883106
0.013755667954683304
0.014081599190831184
0.014397727325558662
0.014703338034451008
0.014998472295701504
0.015282279811799526
0.015552799217402935
0.01581168919801712
0.016056129708886147
0.016286080703139305
0.016500528901815414
0.01669953390955925
0.016881713643670082
0.017046649008989334
0.017192725092172623
0.01731962338089943
0.01742696203291416
0.017514023929834366
0.017579572275280952
0.017622031271457672
0.017642978578805923
0.01763889566063881
0.017610453069210052
0.01755700632929802
0.01747773587703705
0.017371324822306633
0.017238270491361618
0.01707523874938488
0.01688430830836296
0.016664104536175728
0.016413448378443718
0.016130879521369934
0.015817655250430107
0.015472857281565666
0.015095756389200687
0.01468479074537754
0.014240605756640434
0.013763525523245335
0.013251136988401413
0.012704464606940746
0.012123228050768375
0.011507658287882805
0.010856310836970806
0.01017230935394764
0.009451458230614662
0.008697150275111198
0.007907930761575699
0.007083751726895571
0.006227467209100723
0.005335872061550617
0.004414060153067112
0.0034599299542605877
0.0024729552678763866
0.0014580313581973314
0.0004140592645853758
-0.0006586966919712722
-0.0017563742585480213
-0.0028801453299820423
-0.004026357084512711
-0.00519486702978611
-0.006380711682140827
-0.007585339248180389
-0.008804531767964363
-0.010034656152129173
-0.011276379227638245
-0.01252442691475153
-0.013778269290924072
-0.015032704919576645
-0.01628389209508896
-0.017530031502246857
-0.018765458837151527
-0.019990211352705956
-0.02119365520775318
-0.022377191111445427
-0.0235346220433712
-0.02466302551329136
-0.025754377245903015
-0.02680729702115059
-0.027812637388706207
-0.028771180659532547
-0.029670890420675278
-0.030512318015098572
-0.031286899000406265
-0.03199058398604393
-0.03261625021696091
-0.03316020220518112
-0.03361376374959946
-0.033975567668676376
-0.03423648327589035
-0.03439450263977051
-0.03444109484553337
-0.03437197580933571
-0.03418454900383949
-0.033871471881866455
-0.0334283672273159
-0.032852862030267715
-0.03213909640908241
-0.031286947429180145
-0.030291035771369934
-0.029149038717150688
-0.02785688266158104
-0.026422105729579926
-0.024834919720888138
-0.023102320730686188
-0.021221181377768517
-0.019196482375264168
-0.017030775547027588
-0.014728090725839138
-0.012293221428990364
-0.009735537692904472
-0.007059117779135704
-0.004272430203855038
-0.0013890479458495975
0.0015811966732144356
0.0046263039112091064
0.007729016710072756
0.010877663269639015
0.01405194029211998
0.017238780856132507
0.02041190303862095
0.02355699986219406
0.026648499071598053
0.029666587710380554
0.032581768929958344
0.03537615016102791
0.038022756576538086
0.04049335792660713
0.042765986174345016
0.04481462016701698
0.04661364108324051
0.04813553765416145
0.049361322075128555
0.050267357379198074
0.0508296936750412
0.05103350803256035
0.050860513001680374
0.05029894411563873
0.04933606833219528
0.04796633496880531
0.04618316888809204
0.04399489238858223
0.04139820113778114
0.03840898349881172
0.0350453183054924
0.031318239867687225
0.027256231755018234
0.022897837683558464
0.018272072076797485
0.013419783674180508
0.008390801027417183
0.0032332551199942827
-0.0020036627538502216
-0.007251867093145847
-0.012454682029783726
-0.017552807927131653
-0.022475408390164375
-0.027157224714756012
-0.03154240548610687
-0.03555767610669136
-0.03914438933134079
-0.04224840924143791
-0.04481128230690956
-0.04679139703512192
-0.04814544692635536
-0.04883693531155586
-0.048844438046216965
-0.048148009926080704
-0.046741850674152374
-0.0446305051445961
-0.041824355721473694
-0.03834860026836395
-0.03423132747411728
-0.02952086739242077
-0.02427065372467041
-0.018540000542998314
-0.012400497682392597
-0.005932810250669718
0.0007845491636544466
0.007660075556486845
0.014591890387237072
0.021494032815098763
0.02826058678328991
0.034788936376571655
0.0409904345870018
0.04675765708088875
0.0519963838160038
0.056625690311193466
0.06054934114217758
0.06369376927614212
0.06598665565252304
0.06736058741807938
0.0677608847618103
0.06713803857564926
0.06545300036668777
0.06267330050468445
0.05877557769417763
0.053746968507766724
0.04759037122130394
0.04029597342014313
0.03188585117459297
0.02237701043486595
0.011790812946856022
0.00016668415628373623
-0.012457811273634434
-0.026043182238936424
-0.04053700715303421
-0.05588054284453392
-0.07202926278114319
-0.08891679346561432
-0.10647886246442795
-0.12465932220220566
-0.14338818192481995
-0.16259661316871643
-0.18223753571510315
-0.20223087072372437
-0.22250992059707642
-0.24302342534065247
-0.263706773519516
-0.28449177742004395
-0.30533936619758606
-0.3261811435222626
-0.3469623327255249
-0.3676449954509735
-0.3881745934486389
-0.40850210189819336
-0.42860543727874756
-0.44841769337654114
-0.46792080998420715
-0.4870801568031311
-0.5058788657188416
-0.5242640972137451
-0.542235255241394
-0.559751033782959
-0.5768018960952759
-0.5933718681335449
-0.6094586849212646
-0.6250277757644653
-0.6400941014289856
-0.654624342918396
-0.6686302423477173
-0.6821021437644958
-0.6950541138648987
-0.7074606418609619
-0.719343900680542
-0.7306929230690002
-0.7415146827697754
-0.7518182992935181
-0.7616145610809326
-0.7708998918533325
-0.7796924710273743
-0.7879912257194519
-0.7958086729049683
-0.803158164024353
-0.8100543022155762
-0.8164991736412048
-0.8225102424621582
-0.8280957937240601
-0.8332676887512207
-0.838040828704834
-0.8424298763275146
-0.8464427590370178
-0.850095272064209
-0.8533969521522522
-0.8563622832298279
-0.8590039610862732
-0.8613351583480835
-0.863365113735199
-0.8651100993156433
-0.8665786385536194
-0.8677853345870972
-0.8687397837638855
-0.8694544434547424
-0.8699406981468201
-0.8702095746994019
-0.8702711462974548
-0.8701357245445251
-0.8698129653930664
-0.8693150877952576
-0.868648886680603
-0.8678248524665833
-0.8668539524078369
-0.8657416105270386
-0.8644982576370239
-0.863130509853363
-0.8616478443145752
-0.8600561022758484
-0.8583641052246094
-0.856579601764679
-0.8547077178955078
-0.8527552485466003
-0.8507280945777893
-0.8486328721046448
-0.846476137638092
-0.8442623615264893
-0.8419967293739319
-0.839682400226593
-0.8373282551765442
-0.8349344730377197
-0.8325097560882568
-0.830055832862854
-0.8275766968727112
-0.8250744342803955
-0.8225557208061218
-0.8200199007987976
-0.8174750208854675
-0.8149223327636719
-0.8123636841773987
-0.8098011612892151
-0.8072376251220703
-0.8046758770942688
-0.8021197319030762
-0.799569845199585
-0.7970275282859802
-0.7944945096969604
-0.7919738292694092
-0.7894650101661682
-0.7869725823402405
-0.7844955325126648
-0.7820360064506531
-0.7795935273170471
-0.77717125415802
-0.7747690081596375
-0.7723895311355591
-0.7700319290161133
-0.7676962018013
-0.7653846740722656
-0.7630979418754578
-0.7608333826065063
-0.7585963606834412
-0.7563849687576294
-0.754197359085083
-0.7520374655723572
-0.749904215335846
-0.7477965354919434
-0.7457157373428345
-0.7436635494232178
-0.7416359186172485
-0.7396372556686401
-0.7376649975776672
-0.7357191443443298
-0.7338007092475891
-0.7319091558456421
-0.7300430536270142
-0.7282052040100098
-0.7263932824134827
-0.7246065735816956
-0.7228472828865051
-0.7211130261421204
-0.7194031476974487
-0.7177199125289917
-0.7160617709159851
-0.7144272327423096
-0.7128175497055054
-0.7112323641777039
-0.7096701264381409
-0.7081317901611328
-0.7066171765327454
-0.7051228284835815
-0.7036527395248413
-0.7022051811218262
-0.7007774114608765
-0.6993723511695862
-0.6979874968528748
-0.6966226696968079
-0.6952787041664124
-0.6939546465873718
-0.6926484704017639
-0.6913629174232483
-0.6900956034660339
-0.6888456344604492
-0.6876137256622314
-0.6864007115364075
-0.685202419757843
-0.6840223670005798
-0.6828585863113403
-0.6817100644111633
-0.6805770993232727
-0.6794607043266296
-0.6783574223518372
-0.6772697567939758
-0.6761954426765442
-0.6751347184181213
-0.6740889549255371
-0.6730549931526184
-0.6720338463783264
-0.6710257530212402
-0.6700292825698853
-0.6690438985824585
-0.6680716276168823
-0.6671090722084045
-0.6661574244499207
-0.6652165055274963
-0.6642856001853943
-0.663364589214325
-0.6624534726142883
-0.6615516543388367
-0.6606589555740356
-0.659774661064148
-0.6588992476463318
-0.6580314040184021
-0.6571723222732544
-0.6563205718994141
-0.6554756164550781
-0.6546385884284973
-0.6538087129592896
-0.6529849171638489
-0.6521680951118469
-0.6513574719429016
-0.65055251121521
-0.6497540473937988
-0.6489601731300354
-0.6481727957725525
-0.6473898887634277
-0.6466126441955566
-0.6458393931388855
-0.6450716257095337
-0.6443072557449341
-0.6435480713844299
-0.6427921652793884
-0.6420410871505737
-0.6412924528121948
-0.6405479907989502
-0.6398072242736816
-0.639069676399231
-0.638335108757019
-0.6376039385795593
-0.636874794960022
-0.6361487507820129
-0.635425329208374
-0.6347037553787231
-0.6339855790138245
-0.6332685947418213
-0.6325536966323853
-0.6318415403366089
-0.6311297416687012
-0.6304208636283875
-0.6297132968902588
-0.6290072798728943
-0.6283023953437805
-0.6275986433029175
-0.6268956065177917
-0.6261946558952332
-0.6254943609237671
-0.624795138835907
-0.624096155166626
-0.6233983635902405
-0.6227008700370789
-0.6220040321350098
-0.6213080883026123
-0.6206125020980835
-0.6199167370796204
-0.6192219853401184
-0.618526816368103
-0.617831826210022
-0.6171373128890991
-0.6164430379867554
-0.6157482862472534
-0.6150540113449097
-0.6143587827682495
-0.6136643290519714
-0.6129691004753113
-0.612273633480072
-0.6115779280662537
-0.6108819246292114
-0.6101851463317871
-0.6094889044761658
-0.6087915301322937
-0.608093798160553
-0.6073956489562988
-0.6066964268684387
-0.6059967279434204
-0.6052966713905334
-0.604595959186554
-0.6038946509361267
-0.6031922698020935
-0.6024895906448364
-0.6017854809761047
-0.6010816097259521
-0.6003761887550354
-0.5996705293655396
-0.5989634990692139
-0.5982561111450195
-0.5975474119186401
-0.5968376398086548
-0.5961275100708008
-0.595416784286499
-0.5947039127349854
-0.5939907431602478
-0.5932769775390625
-0.5925617814064026
-0.591846227645874
-0.5911295413970947
-0.5904109477996826
-0.589692234992981
-0.5889719724655151
-0.5882517099380493
-0.5875296592712402
-0.5868073105812073
-0.5860833525657654
-0.5853579640388489
-0.5846320390701294
-0.5839055180549622
-0.5831778049468994
-0.582449197769165
-0.5817191004753113
-0.5809882283210754
-0.5802567005157471
-0.5795238614082336
-0.5787903666496277
-0.5780558586120605
-0.5773192048072815
-0.5765831470489502
-0.5758450031280518
-0.5751063823699951
-0.5743669867515564
-0.5736265182495117
-0.5728848576545715
-0.5721428394317627
-0.5713988542556763
-0.5706544518470764
-0.569909930229187
-0.5691640973091125
-0.5684168338775635
-0.5676690340042114
-0.5669201016426086
-0.5661702752113342
-0.5654202699661255
-0.5646687746047974
-0.5639166235923767
-0.5631638765335083
-0.562409520149231
-0.5616555213928223
-0.5609002113342285
-0.5601441264152527
-0.5593870282173157
-0.5586290955543518
-0.5578704476356506
-0.5571117401123047
-0.5563516616821289
-0.5555914640426636
-0.5548297762870789
-0.5540680885314941
-0.5533047318458557
-0.5525421500205994
-0.5517780184745789
-0.5510135293006897
-0.5502480268478394
-0.5494821071624756
-0.548715353012085
-0.54794842004776
-0.5471810102462769
-0.5464131236076355
-0.5456440448760986
-0.5448744297027588
-0.5441043972969055
-0.5433346033096313
-0.5425636768341064
-0.5417928695678711
-0.541020393371582
-0.5402487516403198
-0.5394753813743591
-0.5387024879455566
-0.537929117679596
-0.53715580701828
-0.5363807082176208
-0.5356062054634094
-0.5348305702209473
-0.5340554714202881
-0.5332798957824707
-0.5325039625167847
-0.5317270755767822
-0.5309503078460693
-0.5301730036735535
-0.5293957591056824
-0.5286184549331665
-0.5278407335281372
-0.5270624160766602
-0.5262842178344727
-0.5255050659179688
-0.5247268676757812
-0.5239484310150146
-0.5231693983078003
-0.5223898887634277
-0.5216106176376343
-0.5208302140235901
-0.5200508832931519
-0.5192713737487793
-0.518491804599762
-0.5177110433578491
-0.5169312953948975
-0.5161508917808533
-0.5153706669807434
-0.5145907402038574
-0.5138105750083923
-0.5130296349525452
-0.5122497081756592
-0.5114688873291016
-0.5106886029243469
-0.5099088549613953
-0.5091282725334167
-0.5083478093147278
-0.5075676441192627
-0.5067870616912842
-0.5060070157051086
-0.5052276849746704
-0.5044472813606262
-0.5036675333976746
-0.5028878450393677
-0.5021082162857056
-0.5013286471366882
-0.5005494356155396
-0.4997706413269043
-0.4989912211894989
-0.4982127845287323
-0.4974336326122284
-0.49665525555610657
-0.495877206325531
-0.49509936571121216
-0.4943215250968933
-0.493543803691864
-0.4927660822868347
-0.49198928475379944
-0.4912125766277313
-0.49043601751327515
-0.48965972661972046
-0.48888376355171204
-0.4881075918674469
-0.4873320162296295
-0.4865574240684509
-0.4857826828956604
-0.48500776290893555
-0.48423367738723755
-0.48345980048179626
-0.48268646001815796
-0.48191317915916443
-0.481140673160553
-0.480368435382843
-0.47959625720977783
-0.47882428765296936
-0.4780530631542206
-0.47728267312049866
-0.4765125811100006
-0.47574201226234436
-0.47497254610061646
-0.4742026627063751
-0.47343459725379944
-0.47266659140586853
-0.4718985855579376
-0.47113072872161865
-0.4703640937805176
-0.4695969223976135
-0.4688316881656647
-0.4680662155151367
-0.4673009514808655
-0.46653637290000916
-0.4657723009586334
-0.4650087058544159
-0.4642460346221924
-0.4634838402271271
-0.46272146701812744
-0.4619600772857666
-0.46119922399520874
-0.46043860912323
-0.45967862010002136
-0.4589200019836426
-0.4581609070301056
-0.4574027955532074
-0.45664530992507935
-0.4558880627155304
-0.4551316797733307
-0.4543760418891907
-0.4536201059818268
-0.4528655409812927
-0.45211219787597656
-0.45135819911956787
-0.45060545206069946
-0.4498533606529236
-0.4491010904312134
-0.4483503997325897
-0.4475998878479004
-0.44684967398643494
-0.44610047340393066
-0.44535213708877563
-0.4446043074131012
-0.4438571631908417
-0.4431104362010956
-0.44236433506011963
-0.4416190981864929
-0.4408744275569916
-0.4401300549507141
-0.43938708305358887
-0.43864428997039795
-0.43790188431739807
-0.43716081976890564
-0.4364202320575714
-0.4356797933578491
-0.4349406063556671
-0.4342023730278015
-0.4334642291069031
-0.432727187871933
-0.4319905638694763
-0.4312545657157898
-0.43051955103874207
-0.42978519201278687
-0.42905110120773315
-0.42831820249557495
-0.42758601903915405
-0.42685413360595703
-0.4261232912540436
-0.42539334297180176
-0.4246634840965271
-0.42393529415130615
-0.4232070744037628
-0.4224795699119568
-0.42175304889678955
-0.42102766036987305
-0.42030254006385803
-0.4195783734321594
-0.41885486245155334
-0.4181317389011383
-0.41740965843200684
-0.41668859124183655
-0.4159676730632782
-0.41524794697761536
-0.4145289659500122
-0.4138103723526001
-0.4130929410457611
-0.412376344203949
-0.4116598665714264
-0.4109446108341217
-0.41023018956184387
-0.4095160961151123
-0.4088032841682434
-0.4080906808376312
-0.4073793292045593
-0.40666887164115906
-0.40595901012420654
-0.4052496552467346
-0.40454134345054626
-0.40383344888687134
-0.4031267762184143
-0.4024208188056946
-0.40171578526496887
-0.4010109603404999
-0.4003072679042816
-0.3996042013168335
-0.39890235662460327
-0.3982013463973999
-0.3975009322166443
-0.3968006670475006
-0.3961019217967987
-0.39540332555770874
-0.3947061002254486
-0.39400961995124817
-0.3933138847351074
-0.3926185965538025
-0.39192456007003784
-0.3912307024002075
-0.3905382752418518
-0.3898463845252991
-0.38915544748306274
-0.38846486806869507
-0.3877754509449005
-0.387086421251297
-0.3863987922668457
-0.38571199774742126
-0.3850259482860565
-0.3843400776386261
-0.3836556077003479
-0.3829711973667145
-0.3822884261608124
-0.38160642981529236
-0.38092488050460815
-0.3802439868450165
-0.3795643150806427
-0.378884881734848
-0.37820661067962646
-0.3775293529033661
-0.37685292959213257
-0.37617677450180054
-0.3755019009113312
-0.37482738494873047
-0.3741540312767029
-0.3734816014766693
-0.3728097379207611
-0.37213844060897827
-0.37146833539009094
-0.3707987070083618
-0.3701303005218506
-0.3694625496864319
-0.36879563331604004
-0.36812925338745117
-0.36746397614479065
-0.36679911613464355
-0.3661354184150696
-0.3654726445674896
-0.3648107349872589
-0.36414894461631775
-0.3634885549545288
-0.36282846331596375
-0.36216965317726135
-0.361511766910553
-0.36085453629493713
-0.360197514295578
-0.3595421314239502
-0.3588868975639343
-0.35823294520378113
-0.35757967829704285
-0.3569272458553314
-0.35627514123916626
-0.35562455654144287
-0.3549741804599762
-0.3543248176574707
-0.3536766469478607
-0.35302895307540894
-0.35238200426101685
-0.3517359793186188
-0.3510906994342804
-0.3504461944103241
-0.34980279207229614
-0.3491601347923279
-0.3485177457332611
-0.3478764295578003
-0.34723564982414246
-0.3465960919857025
-0.34595733880996704
-0.3453194797039032
-0.34468188881874084
-0.344045490026474
-0.34340959787368774
-0.34277474880218506
-0.3421408236026764
-0.34150752425193787
-0.3408748507499695
-0.34024325013160706
-0.3396120071411133
-0.3389820456504822
-0.33835268020629883
-0.3377242684364319
-0.3370964229106903
-0.33646947145462036
-0.33584293723106384
-0.3352177143096924
-0.33459335565567017
-0.3339695632457733
-0.33334630727767944
-0.33272406458854675
-0.33210235834121704
-0.33148184418678284
-0.33086225390434265
-0.3302430808544159
-0.32962462306022644
-0.32900717854499817
-0.3283904194831848
-0.32777443528175354
-0.32715925574302673
-0.3265451192855835
-0.3259310722351074
-0.32531848549842834
-0.32470619678497314
-0.3240950405597687
-0.3234845995903015
-0.3228750228881836
-0.32226574420928955
-0.32165783643722534
-0.3210501968860626
-0.32044366002082825
-0.3198380768299103
-0.31923314929008484
-0.31862857937812805
-0.3180251121520996
-0.3174222409725189
-0.31682032346725464
-0.31621912121772766
-0.31561899185180664
-0.3150191009044647
-0.3144204020500183
-0.31382179260253906
-0.31322482228279114
-0.3126283884048462
-0.31203266978263855
-0.31143718957901
-0.3108430504798889
-0.31024929881095886
-0.30965664982795715
-0.3090648949146271
-0.3084738552570343
-0.30788302421569824
-0.307293564081192
-0.30670419335365295
-0.30611634254455566
-0.3055288791656494
-0.30494239926338196
-0.3043561577796936
-0.3037711977958679
-0.3031865060329437
-0.30260297656059265
-0.30202019214630127
-0.3014380633831024
-0.30085647106170654
-0.30027589201927185
-0.29969581961631775
-0.29911696910858154
-0.2985386252403259
-0.29796114563941956
-0.2973838746547699
-0.2968080937862396
-0.29623231291770935
-0.2956577241420746
-0.2950838804244995
-0.29451093077659607
-0.2939382493495941
-0.2933669090270996
-0.2927956283092499
-0.2922254502773285
-0.29165613651275635
-0.2910875976085663
-0.29051944613456726
-0.28995224833488464
-0.28938549757003784
-0.28881993889808655
-0.288254976272583
-0.2876907289028168
-0.28712692856788635
-0.2865643799304962
-0.28600195050239563
-0.2854408323764801
-0.2848801612854004
-0.2843204736709595
-0.28376102447509766
-0.28320276737213135
-0.28264474868774414
-0.2820879817008972
-0.2815319299697876
-0.28097641468048096
-0.28042134642601013
-0.2798674702644348
-0.27931392192840576
-0.27876126766204834
-0.2782096564769745
-0.27765852212905884
-0.2771078050136566
-0.27655813097953796
-0.27600887417793274
-0.27546072006225586
-0.2749134302139282
-0.2743666172027588
-0.27382007241249084
-0.2732749283313751
-0.2727297842502594
-0.2721858322620392
-0.2716427445411682
-0.2711002230644226
-0.27055811882019043
-0.27001717686653137
-0.26947635412216187
-0.26893678307533264
-0.2683979570865631
-0.26785963773727417
-0.26732179522514343
-0.26678505539894104
-0.2662486135959625
-0.26571324467658997
-0.26517853140830994
-0.264644593000412
-0.26411083340644836
-0.263578325510025
-0.26304614543914795
-0.26251497864723206
-0.2619844377040863
-0.26145458221435547
-0.26092529296875
-0.2603968679904938
-0.2598688304424286
-0.2593417167663574
-0.2588154673576355
-0.2582899034023285
-0.2577645182609558
-0.2572403848171234
-0.2567165195941925
-0.25619369745254517
-0.25567150115966797
-0.25514963269233704
-0.25462886691093445
-0.2541089951992035
-0.25358903408050537
-0.2530704140663147
-0.2525523006916046
-0.25203460454940796
-0.2515178918838501
-0.2510019838809967
-0.2504863739013672
-0.24997159838676453
-0.24945789575576782
-0.2489442080259323
-0.24843159317970276
-0.24791975319385529
-0.24740815162658691
-0.2468976229429245
-0.24638773500919342
-0.24587814509868622
-0.24536970257759094
-0.24486178159713745
-0.2443542778491974
-0.24384772777557373
-0.2433420568704605
-0.24283643066883087
-0.24233204126358032
-0.2418280839920044
-0.24132470786571503
-0.24082209169864655
-0.24032026529312134
-0.23981884121894836
-0.23931846022605896
-0.2388184666633606
-0.2383190095424652
-0.23782050609588623
-0.23732267320156097
-0.23682519793510437
-0.23632867634296417
-0.23583275079727173
-0.2353372573852539
-0.2348427027463913
-0.23434880375862122
-0.23385533690452576
-0.23336261510849
-0.23287080228328705
-0.23237915337085724
-0.23188859224319458
-0.2313985675573349
-0.23090890049934387
-0.23042039573192596
-0.22993233799934387
-0.2294446974992752
-0.22895798087120056
-0.22847190499305725
-0.22798626124858856
-0.22750139236450195
-0.22701726853847504
-0.2265334129333496
-0.22605068981647491
-0.2255684733390808
-0.22508664429187775
-0.2246057093143463
-0.22412551939487457
-0.22364550828933716
-0.2231665998697281
-0.22268812358379364
-0.22221024334430695
-0.22173304855823517
-0.22125664353370667
-0.22078056633472443
-0.22030550241470337
-0.2198309600353241
-0.2193567454814911
-0.21888351440429688
-0.2184109389781952
-0.21793855726718903
-0.2174673229455948
-0.21699652075767517
-0.2165260910987854
-0.2160566747188568
-0.2155875563621521
-0.21511927247047424
-0.21465161442756653
-0.21418477594852448
-0.21371808648109436
-0.21325244009494781
-0.21278709173202515
-0.21232250332832336
-0.21185868978500366
-0.21139539778232574
-0.21093261241912842
-0.2104705423116684
-0.2100088894367218
-0.2095481902360916
-0.2090880572795868
-0.2086285501718521
-0.20816931128501892
-0.20771104097366333
-0.20725314319133759
-0.2067960947751999
-0.20633959770202637
-0.20588380098342896
-0.20542825758457184
-0.20497354865074158
-0.20451927185058594
-0.2040659785270691
-0.20361320674419403
-0.20316103100776672
-0.2027091532945633
-0.20225808024406433
-0.2018074244260788
-0.20135779678821564
-0.2009085863828659
-0.20046007633209229
-0.20001180469989777
-0.19956457614898682
-0.19911743700504303
-0.19867141544818878
-0.19822579622268677
-0.19778084754943848
-0.19733625650405884
-0.19689251482486725
-0.19644884765148163
-0.19600631296634674
-0.19556450843811035
-0.19512306153774261
-0.1946820765733719
-0.19424185156822205
-0.1938018500804901
-0.19336293637752533
-0.19292455911636353
-0.19248683750629425
-0.19204922020435333
-0.19161267578601837
-0.191176176071167
-0.19074085354804993
-0.1903059184551239
-0.18987169861793518
-0.1894376277923584
-0.18900448083877563
-0.18857157230377197
-0.1881396472454071
-0.18770824372768402
-0.1872774362564087
-0.18684694170951843
-0.18641722202301025
-0.1859879344701767
-0.18555952608585358
-0.18513153493404388
-0.1847042292356491
-0.18427714705467224
-0.18385100364685059
-0.18342500925064087
-0.18300001323223114
-0.182575523853302
-0.18215157091617584
-0.18172799050807953
-0.18130525946617126
-0.1808827668428421
-0.1804610937833786
-0.18004021048545837
-0.17961962521076202
-0.1791994571685791
-0.17878000438213348
-0.17836090922355652
-0.17794279754161835
-0.17752499878406525
-0.17710785567760468
-0.17669111490249634
-0.17627516388893127
-0.17585933208465576
-0.175444558262825
-0.1750301867723465
-0.1746164709329605
-0.17420311272144318
-0.17379026114940643
-0.17337800562381744
-0.1729663610458374
-0.17255544662475586
-0.17214509844779968
-0.17173491418361664
-0.17132550477981567
-0.17091643810272217
-0.17050832509994507
-0.170100599527359
-0.16969354450702667
-0.16928663849830627
-0.1688806563615799
-0.16847482323646545
-0.16806983947753906
-0.16766560077667236
-0.16726168990135193
-0.1668579876422882
-0.16645531356334686
-0.16605281829833984
-0.16565120220184326
-0.1652500033378601
-0.1648494154214859
-0.16444896161556244
-0.1640494465827942
-0.1636502593755722
-0.16325174272060394
-0.16285383701324463
-0.16245654225349426
-0.16205920279026031
-0.16166304051876068
-0.16126692295074463
-0.16087165474891663
-0.1604769378900528
-0.16008278727531433
-0.15968874096870422
-0.15929552912712097
-0.15890279412269592
-0.15851067006587982
-0.15811903774738312
-0.15772810578346252
-0.1573372781276703
-0.15694724023342133
-0.15655747056007385
-0.15616852045059204
-0.15578018128871918
-0.15539224445819855
-0.1550045907497406
-0.15461762249469757
-0.15423108637332916
-0.15384528040885925
-0.15345998108386993
-0.15307509899139404
-0.152690589427948
-0.15230681002140045
-0.151923269033432
-0.15154047310352325
-0.15115827322006226
-0.15077657997608185
-0.15039502084255219
-0.15001431107521057
-0.14963386952877045
-0.1492542028427124
-0.14887501299381256
-0.14849624037742615
-0.14811787009239197
-0.1477402001619339
-0.14736275374889374
-0.14698609709739685
-0.1466098576784134
-0.14623430371284485
-0.14585885405540466
-0.14548414945602417
-0.14510980248451233
-0.14473608136177063
-0.1443629413843155
-0.14399023354053497
-0.1436179131269455
-0.14324617385864258
-0.14287473261356354
-0.1425039917230606
-0.14213384687900543
-0.14176417887210846
-0.14139458537101746
-0.14102597534656525
-0.14065733551979065
-0.14028960466384888
-0.13992244005203247
-0.13955563306808472
-0.13918904960155487
-0.13882321119308472
-0.13845771551132202
-0.13809294998645782
-0.1377285122871399
-0.1373647004365921
-0.13700105249881744
-0.13663801550865173
-0.13627533614635468
-0.1359134316444397
-0.1355520337820053
-0.1351909190416336
-0.13483023643493652
-0.13447023928165436
-0.1341104358434677
-0.1337512582540512
-0.13339278101921082
-0.13303449749946594
-0.1326766014099121
-0.132319375872612
-0.13196250796318054
-0.13160623610019684
-0.13125042617321014
-0.13089504837989807
-0.13053995370864868
-0.1301855593919754
-0.12983129918575287
-0.12947791814804077
-0.1291249841451645
-0.12877236306667328
-0.12842011451721191
-0.1280684620141983
-0.12771710753440857
-0.12736642360687256
-0.12701615691184998
-0.1266663819551468
-0.1263168454170227
-0.12596793472766876
-0.12561926245689392
-0.12527137994766235
-0.12492390722036362
-0.12457684427499771
-0.12422995269298553
-0.12388387322425842
-0.12353794276714325
-0.12319270521402359
-0.12284793704748154
-0.12250364571809769
-0.12215941399335861
-0.12181606143712997
-0.12147269397974014
-0.12113027274608612
-0.12078813463449478
-0.12044656276702881
-0.12010505795478821
-0.11976421624422073
-0.11942367255687714
-0.11908373981714249
-0.11874422430992126
-0.11840524524450302
-0.11806648969650269
-0.11772824823856354
-0.11739037930965424
-0.11705312877893448
-0.11671628803014755
-0.11637959629297256
-0.11604370176792145
-0.11570805311203003
-0.11537270247936249
-0.11503808200359344
-0.11470396816730499
-0.11436977982521057
-0.114036425948143
-0.11370348930358887
-0.11337074637413025
-0.11303859204053879
-0.11270686239004135
-0.11237538605928421
-0.11204462498426437
-0.11171416193246841
-0.11138392984867096
-0.1110544428229332
-0.11072531342506409
-0.11039632558822632
-0.11006800830364227
-0.10974010825157166
-0.10941240191459656
-0.1090853214263916
-0.10875876247882843
-0.10843220353126526
-0.10810641944408417
-0.10778099298477173
-0.10745573788881302
-0.10713130235671997
-0.10680704563856125
-0.10648302733898163
-0.10615966469049454
-0.10583677887916565
-0.10551396012306213
-0.1051919087767601
-0.10487011820077896
-0.10454852879047394
-0.10422766953706741
-0.10390714555978775
-0.10358680039644241
-0.10326709598302841
-0.10294777154922485
-0.10262871533632278
-0.10231014341115952
-0.10199210047721863
-0.1016741394996643
-0.10135681182146072
-0.10103987902402878
-0.10072316974401474
-0.1004069373011589
-0.10009122639894485
-0.09977570921182632
-0.09946068376302719
-0.09914612025022507
-0.09883179515600204
-0.0985180139541626
-0.0982045829296112
-0.0978914201259613
-0.09757867455482483
-0.09726648032665253
-0.09695442765951157
-0.09664293378591537
-0.09633194655179977
-0.09602090716362
-0.0957106351852417
-0.0954006165266037
-0.09509093314409256
-0.09478171914815903
-0.09447291493415833
-0.09416436403989792
-0.09385626018047333
-0.09354864060878754
-0.09324108064174652
-0.09293420612812042
-0.0926276445388794
-0.09232122451066971
-0.09201548993587494
-0.09171002358198166
-0.0914047583937645
-0.09109999984502792
-0.09079550206661224
-0.09049151092767715
-0.09018798172473907
-0.08988475054502487
-0.08958166837692261
-0.08927922695875168
-0.0889769196510315
-0.08867509663105011
-0.08837365359067917
-0.08807268738746643
-0.08777172863483429
-0.08747144788503647
-0.08717132359743118
-0.08687172085046768
-0.08657238632440567
-0.08627357333898544
-0.08597481995820999
-0.08567669242620468
-0.08537862449884415
-0.08508119732141495
-0.08478406071662903
-0.08448722958564758
-0.08419068902730942
-0.08389456570148468
-0.08359868824481964
-0.0833032950758934
-0.08300825953483582
-0.08271358907222748
-0.08241908252239227
-0.08212514966726303
-0.08183128386735916
-0.08153797686100006
-0.08124503493309021
-0.08095241338014603
-0.08065993338823318
-0.0803680568933487
-0.08007614314556122
-0.07978500425815582
-0.07949408888816833
-0.0792035311460495
-0.07891309261322021
-0.07862316817045212
-0.0783333107829094
-0.07804414629936218
-0.07775531709194183
-0.0774666890501976
-0.07717829942703247
-0.07689037173986435
-0.07660262286663055
-0.07631541043519974
-0.07602840662002563
-0.07574182748794556
-0.07545532286167145
-0.07516942918300629
-0.0748835951089859
-0.07459838688373566
-0.07431335747241974
-0.07402875274419785
-0.0737442597746849
-0.07346020638942719
-0.07317626476287842
-0.07289298623800278
-0.07260990887880325
-0.07232727855443954
-0.07204464823007584
-0.07176259160041809
-0.07148050516843796
-0.07119914144277573
-0.07091796398162842
-0.07063709199428558
-0.07035639882087708
-0.07007621973752975
-0.0697961375117302
-0.06951653957366943
-0.06923729926347733
-0.06895831972360611
-0.06867943704128265
-0.06840100884437561
-0.06812283396720886
-0.06784506887197495
-0.06756757944822311
-0.06729045510292053
-0.06701352447271347
-0.06673692911863327
-0.06646053493022919
-0.06618452817201614
-0.06590891629457474
-0.06563352793455124
-0.06535843014717102
-0.06508360058069229
-0.06480900943279266
-0.06453483551740646
-0.06426099687814713
-0.0639873668551445
-0.06371401250362396
-0.06344091147184372
-0.06316810846328735
-0.06289572268724442
-0.06262359023094177
-0.0623517781496048
-0.06208010017871857
-0.06180882826447487
-0.06153765320777893
-0.0612669438123703
-0.06099654361605644
-0.06072654202580452
-0.06045643240213394
-0.06018698960542679
-0.05991753563284874
-0.05964852496981621
-0.05937986448407173
-0.05911146476864815
-0.05884312093257904
-0.058575235307216644
-0.05830751359462738
-0.05804023519158363
-0.0577731616795063
-0.057506412267684937
-0.057239875197410583
-0.056973591446876526
-0.05670743063092232
-0.05644182860851288
-0.05617644637823105
-0.05591136962175369
-0.05564631149172783
-0.055381692945957184
-0.05511721968650818
-0.054853178560733795
-0.05458937585353851
-0.054325927048921585
-0.05406247824430466
-0.05379950627684593
-0.0535365529358387
-0.053274065256118774
-0.05301182344555855
-0.05274992063641548
-0.05248815566301346
-0.05222668498754501
-0.05196528136730194
-0.05170445889234543
-0.051443781703710556
-0.05118343234062195
-0.050923123955726624
-0.05066320300102234
-0.0504034161567688
-0.050144001841545105
-0.049884915351867676
-0.04962600767612457
-0.049367282539606094
-0.04910887032747269
-0.04885055869817734
-0.048592742532491684
-0.04833516106009483
-0.04807769134640694
-0.04782041907310486
-0.04756348952651024
-0.04730672761797905
-0.04705033078789711
-0.04679414629936218
-0.046538274735212326
-0.04628239944577217
-0.04602701961994171
-0.04577164351940155
-0.04551668465137482
-0.0452619306743145
-0.04500747099518776
-0.04475302994251251
-0.04449908062815666
-0.04424511641263962
-0.0439915806055069
-0.04373832046985626
-0.04348517209291458
-0.043232258409261703
-0.04297960549592972
-0.04272707551717758
-0.04247498884797096
-0.0422229990363121
-0.04197133332490921
-0.04171967878937721
-0.04146844521164894
-0.04121723026037216
-0.04096656292676926
-0.0407160185277462
-0.04046566039323807
-0.04021536186337471
-0.03996551036834717
-0.0397157184779644
-0.03946622461080551
-0.03921704366803169
-0.038968056440353394
-0.03871902450919151
-0.03847052901983261
-0.03822196647524834
-0.03797389566898346
-0.03772597387433052
-0.03747829422354698
-0.03723060339689255
-0.03698335960507393
-0.03673623874783516
-0.03648931905627251
-0.03624264523386955
-0.035996221005916595
-0.03574983403086662
-0.03550383821129799
-0.03525794297456741
-0.03501230105757713
-0.03476690500974655
-0.03452174365520477
-0.03427669033408165
-0.03403186425566673
-0.03378713130950928
-0.03354274854063988
-0.033298611640930176
-0.03305462375283241
-0.03281074017286301
-0.03256727010011673
-0.032323647290468216
-0.032080452889204025
-0.031837619841098785
-0.031594838947057724
-0.03135205805301666
-0.031109701842069626
-0.03086737170815468
-0.03062538430094719
-0.030383629724383354
-0.030142009258270264
-0.029900388792157173
-0.029659228399395943
-0.029418082907795906
-0.029177265241742134
-0.028936637565493584
-0.028696132823824883
-0.02845575287938118
-0.02821573056280613
-0.027975667268037796
-0.027735959738492966
-0.027496442198753357
-0.027257148176431656
-0.02701779454946518
-0.026778798550367355
-0.026539847254753113
-0.026301292702555656
-0.026062898337841034
-0.025824520736932755
-0.025586431846022606
-0.02534862421452999
-0.02511066012084484
-0.024873128160834312
-0.02463589422404766
-0.024398421868681908
-0.02416146546602249
-0.023924695327878
-0.02368786185979843
-0.023451315239071846
-0.02321506105363369
-0.022978786379098892
-0.022742856293916702
-0.022507064044475555
-0.022271163761615753
-0.022035706788301468
-0.02180047146975994
-0.021565202623605728
-0.021330300718545914
-0.021095464006066322
-0.02086060307919979
-0.020626205950975418
-0.020391926169395447
-0.020157596096396446
-0.019923729822039604
-0.01968989335000515
-0.019456075504422188
-0.01922261342406273
-0.018989231437444687
-0.01875593140721321
-0.018522970378398895
-0.018290052190423012
-0.01805725321173668
-0.017824674025177956
-0.017592256888747215
-0.01735999621450901
-0.017127834260463715
-0.016895964741706848
-0.016664018854498863
-0.016432389616966248
-0.016200879588723183
-0.01596943847835064
-0.015738297253847122
-0.01550732646137476
-0.015276248566806316
-0.015045596286654472
-0.014815022237598896
-0.014584364369511604
-0.01435411348938942
-0.014123979024589062
-0.013893778435885906
-0.01366407796740532
-0.013434331864118576
-0.013204594142735004
-0.012975208461284637
-0.012745887041091919
-0.012516656890511513
-0.012287651188671589
-0.012058818712830544
-0.011829928494989872
-0.011601372621953487
-0.011372904293239117
-0.01114447508007288
-0.010916255414485931
-0.010688260197639465
-0.010460183955729008
-0.010232449509203434
-0.01000483799725771
-0.00977714266628027
-0.009549824520945549
-0.009322602301836014
-0.009095318615436554
-0.008868353441357613
-0.00864154752343893
-0.008414657786488533
-0.008188076317310333
-0.007961553521454334
-0.00773512152954936
-0.007508926093578339
-0.007282820530235767
-0.007056643720716238
-0.006830881349742413
-0.006605141330510378
-0.00637949351221323
-0.006153971888124943
-0.005928438156843185
-0.005703262519091368
-0.005478153470903635
-0.005253249313682318
-0.005028255749493837
-0.004803412593901157
-0.004578633699566126
-0.004354121629148722
-0.004129766020923853
-0.00390543881803751
-0.0036811470054090023
-0.0034571283031255007
-0.0032330076210200787
-0.003009186591953039
-0.002785497810691595
-0.0025617326609790325
-0.0023382583167403936
-0.0021148722153156996
-0.0018915226683020592
-0.001668373355641961
-0.0014453709591180086
-0.00122215342707932
-0.000999263022094965
-0.0007766572525724769
-0.0005539577105082572
-0.00033140688901767135
-0.00010893563739955425
0.0001134602352976799
0.00033574207918718457
0.0005577995907515287
0.0007799218874424696
0.0010018248576670885
0.0012235809117555618
0.0014453963376581669
0.0016670526238158345
0.0018885353347286582
0.002110008616000414
0.002331339754164219
0.0025525535456836224
0.0027737778145819902
0.0029948027804493904
0.0032156724482774734
0.0034366315230727196
0.0036573363468050957
0.0038779466412961483
0.0040985760278999805
0.004319064784795046
0.004539381247013807
0.004759800620377064
0.004979939199984074
0.005200060550123453
0.005420183762907982
0.005640032701194286
0.005859840661287308
0.006079671438783407
0.006299289874732494
0.0065188477747142315
0.006738459691405296
0.006957836449146271
0.007177030202001333
0.00739643769338727
0.007615520618855953
0.007834620773792267
0.00805366225540638
0.00827259011566639
0.008491252548992634
0.008710099384188652
0.008928831666707993
0.009147271513938904
0.00936597865074873
0.009584283456206322
0.009802588261663914
0.010020924732089043
0.01023910753428936
0.010457205586135387
0.010675279423594475
0.010893294587731361
0.011111128143966198
0.011329036206007004
0.011546768248081207
0.011764376424252987
0.011982065625488758
0.012199528515338898
0.012416936457157135
0.012634444050490856
0.012851670384407043
0.013068914413452148
0.01328619197010994
0.013503246940672398
0.013720142655074596
0.013937260024249554
0.014154124073684216
0.014370947144925594
0.014587785117328167
0.014804490841925144
0.015021074563264847
0.015237754210829735
0.015454177744686604
0.015670573338866234
0.015887103974819183
0.016103340312838554
0.01631978712975979
0.016535954549908638
0.016752086579799652
0.01696799509227276
0.01718423329293728
0.017400119453668594
0.01761613041162491
0.017831936478614807
0.01804761029779911
0.01826334558427334
0.018479127436876297
0.018694771453738213
0.018910342827439308
0.019125832244753838
0.019341232255101204
0.019556598737835884
0.019772104918956757
0.019987383857369423
0.02020266279578209
0.02041788585484028
0.020632922649383545
0.020848020911216736
0.021063191816210747
0.02127809263765812
0.02149314619600773
0.02170795574784279
0.021922815591096878
0.02213752269744873
0.02235240675508976
0.022567143663764
0.02278181165456772
0.0229964517056942
0.023211030289530754
0.023425400257110596
0.02364007942378521
0.02385442703962326
0.024068931117653847
0.024283254519104958
0.02449747547507286
0.024711724370718002
0.02492610365152359
0.025140220299363136
0.025354478508234024
0.025568585842847824
0.025782665237784386
0.025996675714850426
0.026210710406303406
0.026424739509820938
0.02663867175579071
0.026852531358599663
0.02706633135676384
0.027280114591121674
0.027493968605995178
0.027707602828741074
0.027921486645936966
0.028135094791650772
0.028348760679364204
0.028562277555465698
0.028775954619050026
0.028989436104893684
0.02920304425060749
0.02941647358238697
0.029629919677972794
0.029843291267752647
0.030056817457079887
0.030270123854279518
0.030483553186058998
0.030696839094161987
0.030910108238458633
0.03112323023378849
0.03133660554885864
0.03154969960451126
0.03176296129822731
0.03197609633207321
0.03218923881649971
0.03240229934453964
0.03261549025774002
0.0328284353017807
0.03304160013794899
0.0332544781267643
0.03346749022603035
0.03368036821484566
0.033893387764692307
0.03410625830292702
0.03431928530335426
0.03453211113810539
0.034744925796985626
0.034957654774188995
0.03517062962055206
0.035383325070142746
0.03559623286128044
0.035808924585580826
0.03602156415581703
0.03623426705598831
0.03644704446196556
0.03665978088974953
0.03687252476811409
0.03708513826131821
0.037297721952199936
0.03751032054424286
0.03772293031215668
0.037935562431812286
0.03814820200204849
0.038360755890607834
0.03857322409749031
0.03878571838140488
0.03899837285280228
0.039210814982652664
0.039423417299985886
0.039635997265577316
0.03984829783439636
0.04006075859069824
0.040273264050483704
0.04048578441143036
0.04069827124476433
0.04091066122055054
0.04112302139401436
0.04133538156747818
0.041547857224941254
0.041760172694921494
0.04197273403406143
0.042185038328170776
0.04239736869931221
0.042609669268131256
0.04282211884856224
0.04303441196680069
0.043246831744909286
0.04345915466547012
0.04367142170667648
0.04388371855020523
0.044096194207668304
0.044308461248874664
0.044520918279886246
0.044733162969350815
0.044945377856492996
0.04515761882066727
0.04537009447813034
0.045582327991724014
0.045794736593961716
0.04600699990987778
0.046219147741794586
0.046431489288806915
0.046643804758787155
0.046856120228767395
0.047068506479263306
0.0472806952893734
0.047492969781160355
0.04770517349243164
0.047917623072862625
0.04812987521290779
0.048342250287532806
0.0485544353723526
0.04876673221588135
0.04897899925708771
0.04919131100177765
0.04940358176827431
0.049615949392318726
0.04982827603816986
0.05004052817821503
0.05025285482406616
0.050465136766433716
0.05067746341228485
0.0508899986743927
0.051102153956890106
0.051314402371644974
0.05152668058872223
0.05173912271857262
0.051951438188552856
0.05216386914253235
0.052376218140125275
0.05258850008249283
0.052800796926021576
0.05301329120993614
0.053225528448820114
0.05343804508447647
0.05365033447742462
0.05386269465088844
0.054075125604867935
0.054287586361169815
0.05449995398521423
0.05471239984035492
0.05492474511265755
0.05513714253902435
0.05534960329532623
0.05556222423911095
0.05577457696199417
0.055987127125263214
0.056199535727500916
0.05641184374690056
0.056624315679073334
0.0568368099629879
0.05704943835735321
0.05726189911365509
0.05747438222169876
0.057686883956193924
0.057899363338947296
0.058112021535634995
0.0583244264125824
0.058537062257528305
0.058749616146087646
0.05896218493580818
0.059174634516239166
0.05938730761408806
0.0595998577773571
0.05981261655688286
0.06002514064311981
0.06023780256509781
0.06045032665133476
0.06066298112273216
0.06087557226419449
0.06108839064836502
0.06130101531744003
0.061513662338256836
0.061726219952106476
0.0619390606880188
0.06215166300535202
0.062364473938941956
0.06257712841033936
0.06278979778289795
0.06300251185894012
0.06321527808904648
0.06342802941799164
0.06364084780216217
0.06385362148284912
0.06406624615192413
0.06427911669015884
0.0644918903708458
0.06470467150211334
0.06491760909557343
0.0651303380727768
0.06534317880868912
0.06555590778589249
0.06576889008283615
0.06598164141178131
0.0661945715546608
0.06640744209289551
0.06662016361951828
0.06683298945426941
0.06704599410295486
0.06725885719060898
0.06747185438871384
0.06768471747636795
0.06789751350879669
0.06811055541038513
0.06832344830036163
0.06853628903627396
0.068749338388443
0.06896225363016129
0.06917501986026764
0.06938818097114563
0.06960101425647736
0.0698138102889061
0.07002696394920349
0.0702398493885994
0.07045279443264008
0.0706658735871315
0.07087886333465576
0.0710916817188263
0.07130478322505951
0.07151765376329422
0.07173050940036774
0.0719437301158905
0.072156623005867
0.0723695233464241
0.07258255779743195
0.0727955549955368
0.0730084776878357
0.0732216164469719
0.07343459129333496
0.07364743202924728
0.07386051118373871
0.07407338917255402
0.07428634166717529
0.07449943572282791
0.07471242547035217
0.07492528110742569
0.07513836771249771
0.0753512904047966
0.0755641758441925
0.07577724009752274
0.07599018514156342
0.07620299607515335
0.07641606777906418
0.07662898302078247
0.07684183865785599
0.07705481350421906
0.07726764678955078
0.07748048007488251
0.07769346237182617
0.07790622860193253
0.0781191885471344
0.07833202928304672
0.07854482531547546
0.0787576287984848
0.07897057384252548
0.0791834145784378
0.07939606159925461
0.07960893213748932
0.07982170581817627
0.08003434538841248
0.08024723082780838
0.08045989274978638
0.08067256957292557
0.08088532090187073
0.08109783381223679
0.08131054788827896
0.08152316510677338
0.081735759973526
0.08194833248853683
0.08216094970703125
0.08237339556217194
0.08258598297834396
0.08279857039451599
0.0830109566450119
0.0832233875989914
0.08343590050935745
0.08364826440811157
0.08386049419641495
0.084073007106781
0.08428531140089035
0.08449736982584
0.08470974862575531
0.08492197841405869
0.08513422310352325
0.0853462815284729
0.08555829524993896
0.08577044308185577
0.08598250150680542
0.08619453012943268
0.08640646934509277
0.08661840111017227
0.08683021366596222
0.08704209327697754
0.08725395053625107
0.0874655693769455
0.0876774862408638
0.08788902312517166
0.08810073137283325
0.08831217139959335
0.08852384984493256
0.08873528987169266
0.0889468714594841
0.0891580730676651
0.08936940133571625
0.08958051353693008
0.08979198336601257
0.09000308811664581
0.09021438658237457
0.09042535722255707
0.0906362384557724
0.09084725379943848
0.0910581424832344
0.09126888960599899
0.0914798155426979
0.09169042110443115
0.09190113842487335
0.0921114981174469
0.09232211858034134
0.09253253787755966
0.09274305403232574
0.09295319765806198
0.09316334873437881
0.09337335079908371
0.0935836061835289
0.09379363059997559
0.0940036028623581
0.09421335905790329
0.09442305564880371
0.09463265538215637
0.09484231472015381
0.09505180269479752
0.09526132792234421
0.09547057747840881
0.09567978978157043
0.0958889052271843
0.0960981696844101
0.0963069275021553
0.09651586413383484
0.09672468155622482
0.09693324565887451
0.09714177250862122
0.09735025465488434
0.09755866229534149
0.09776707738637924
0.09797517955303192
0.09818314015865326
0.09839099645614624
0.09859900921583176
0.09880669414997101
0.09901441633701324
0.09922190755605698
0.0994291752576828
0.09963642060756683
0.09984371066093445
0.10005059838294983
0.10025763511657715
0.1004643663764
0.10067083686590195
0.10087736696004868
0.10108396410942078
0.10129007697105408
0.10149630159139633
0.10170230269432068
0.10190806537866592
0.10211367905139923
0.1023193895816803
0.1025247648358345
0.10273013263940811
0.10293513536453247
0.10314016789197922
0.10334489494562149
0.10354972630739212
0.10375410318374634
0.1039586067199707
0.10416285693645477
0.10436687618494034
0.10457062721252441
0.10477446764707565
0.1049780622124672
0.10518143326044083
0.10538453608751297
0.10558760166168213
0.10579046607017517
0.10599328577518463
0.10619562119245529
0.10639799386262894
0.10660025477409363
0.1068020686507225
0.10700374841690063
0.10720545053482056
0.1074068620800972
0.10760798305273056
0.10780882090330124
0.10800974071025848
0.10821017622947693
0.10841085761785507
0.10861091315746307
0.10881101340055466
0.1090107187628746
0.10921012610197067
0.10940945893526077
0.10960860550403595
0.10980752110481262
0.11000622808933258
0.11020456254482269
0.1104026809334755
0.11060061305761337
0.11079858243465424
0.11099597811698914
0.11119350045919418
0.11139033734798431
0.11158707737922668
0.11178363114595413
0.11197996139526367
0.11217617988586426
0.11237188428640366
0.11256732046604156
0.11276271194219589
0.11295744776725769
0.11315236985683441
0.11334693431854248
0.1135411188006401
0.11373516172170639
0.11392867565155029
0.11412200331687927
0.11431526392698288
0.11450807750225067
0.11470061540603638
0.11489281058311462
0.11508498340845108
0.1152765303850174
0.11546796560287476
0.11565897613763809
0.11584985256195068
0.1160404235124588
0.11623047292232513
0.1164202094078064
0.11660989373922348
0.1167990043759346
0.11698809266090393
0.11717651039361954
0.11736462265253067
0.1175524890422821
0.11774035543203354
0.1179276555776596
0.11811469495296478
0.11830110102891922
0.11848732829093933
0.11867310106754303
0.11885886639356613
0.1190439909696579
0.11922885477542877
0.11941326409578323
0.1195974349975586
0.11978112161159515
0.11996452510356903
0.12014761567115784
0.12033034861087799
0.12051267921924591
0.12069442868232727
0.12087582796812057
0.12105716019868851
0.12123790383338928
0.12141817063093185
0.12159821391105652
0.12177775055170059
0.12195684015750885
0.12213563174009323
0.12231390178203583
0.12249176949262619
0.12266943603754044
0.12284648418426514
0.12302301079034805
0.12319932878017426
0.12337520718574524
0.12355055660009384
0.12372560054063797
0.123899906873703
0.1240740716457367
0.12424785643815994
0.12442082166671753
0.1245938166975975
0.12476591765880585
0.12493777275085449
0.12510903179645538
0.12528009712696075
0.12545053660869598
0.125620499253273
0.12578995525836945
0.12595872581005096
0.12612739205360413
0.12629549205303192
0.1264631301164627
0.12663020193576813
0.12679675221443176
0.12696270644664764
0.12712834775447845
0.12729349732398987
0.12745800614356995
0.12762223184108734
0.12778571248054504
0.1279485821723938
0.12811115384101868
0.12827320396900177
0.12843461334705353
0.12859584391117096
0.1287561058998108
0.12891586124897003
0.12907521426677704
0.12923409044742584
0.12939216196537018
0.1295499950647354
0.12970700860023499
0.12986363470554352
0.13001951575279236
0.13017518818378448
0.13033002614974976
0.1304844319820404
0.13063816726207733
0.13079118728637695
0.13094380497932434
0.13109594583511353
0.13124723732471466
0.13139811158180237
0.13154838979244232
0.1316981017589569
0.13184677064418793
0.1319955438375473
0.1321432739496231
0.13229058682918549
0.1324373334646225
0.13258324563503265
0.13272888958454132
0.13287353515625
0.1330176442861557
0.13316121697425842
0.13330411911010742
0.13344652950763702
0.13358791172504425
0.13372886180877686
0.13386930525302887
0.1340089738368988
0.1341482251882553
0.13428635895252228
0.13442425429821014
0.13456138968467712
0.1346977949142456
0.13483357429504395
0.1349686086177826
0.1351030468940735
0.13523685932159424
0.13536995649337769
0.13550233840942383
0.13563409447669983
0.13576525449752808
0.13589559495449066
0.13602544367313385
0.1361543834209442
0.1362825632095337
0.13641023635864258
0.13653723895549774
0.1366633176803589
0.13678885996341705
0.13691383600234985
0.13703784346580505
0.1371612250804901
0.13728401064872742
0.1374058574438095
0.1375274360179901
0.1376476138830185
0.13776753842830658
0.13788658380508423
0.13800495862960815
0.13812261819839478
0.13823947310447693
0.13835573196411133
0.13847129046916962
0.1385858952999115
0.13869976997375488
0.13881313800811768
0.13892550766468048
0.13903729617595673
0.13914832472801208
0.13925859332084656
0.1393682360649109
0.13947682082653046
0.13958504796028137
0.13969223201274872
0.13979852199554443
0.13990432024002075
0.14000937342643738
0.14011356234550476
0.14021709561347961
0.14031976461410522
0.14042171835899353
0.14052298665046692
0.1406233161687851
0.14072303473949432
0.14082194864749908
0.14092004299163818
0.14101716876029968
0.14111390709877014
0.14120975136756897
0.14130443334579468
0.14139892160892487
0.14149242639541626
0.14158521592617035
0.14167694747447968
0.1417681872844696
0.14185841381549835
0.1419479250907898
0.14203687012195587
0.1421249806880951
0.14221227169036865
0.14229881763458252
0.14238452911376953
0.1424693912267685
0.14255349338054657
0.14263711869716644
0.14271962642669678
0.1428014039993286
0.14288237690925598
0.14296260476112366
0.1430421769618988
0.1431209146976471
0.14319895207881927
0.14327603578567505
0.1433524191379547
0.14342792332172394
0.143502876162529
0.1435769945383072
0.1436503380537033
0.14372293651103973
0.1437944918870926
0.14386576414108276
0.1439359188079834
0.14400550723075867
0.14407415688037872
0.1441422700881958
0.14420929551124573
0.14427576959133148
0.14434166252613068
0.14440642297267914
0.14447066187858582
0.14453403651714325
0.1445966511964798
0.1446586549282074
0.14471986889839172
0.14478029310703278
0.14484010636806488
0.14489899575710297
0.14495708048343658
0.1450149118900299
0.14507170021533966
0.14512772858142853
0.14518311619758606
0.1452375203371048
0.14529140293598175
0.1453447937965393
0.14539717137813568
0.1454489678144455
0.14550019800662994
0.14555038511753082
0.14560015499591827
0.14564916491508484
0.14569739997386932
0.1457451730966568
0.1457919031381607
0.14583823084831238
0.14588388800621033
0.14592868089675903
0.14597301185131073
0.1460166722536087
0.14605958759784698
0.14610189199447632
0.14614343643188477
0.14618444442749023
0.1462249457836151
0.1462644338607788
0.14630375802516937
0.14634224772453308
0.14638027548789978
0.14641746878623962
0.1464540958404541
0.14649011194705963
0.1465255171060562
0.14656057953834534
0.14659470319747925
0.14662840962409973
0.14666174352169037
0.14669419825077057
0.14672642946243286
0.14675767719745636
0.1467887908220291
0.1468191295862198
0.1468488574028015
0.1468782126903534
0.1469070464372635
0.14693552255630493
0.1469631791114807
0.14699052274227142
0.1470174640417099
0.14704398810863495
0.14706963300704956
0.14709511399269104
0.14712005853652954
0.1471443921327591
0.14716856181621552
0.14719225466251373
0.147215336561203
0.1472378969192505
0.147260382771492
0.1472824364900589
0.14730408787727356
0.14732499420642853
0.1473461538553238
0.1473664492368698
0.14738644659519196
0.1474062204360962
0.14742541313171387
0.1474444717168808
0.14746302366256714
0.14748165011405945
0.1474997103214264
0.147517591714859
0.14753489196300507
0.14755214750766754
0.1475691944360733
0.14758557081222534
0.14760200679302216
0.14761824905872345
0.14763428270816803
0.1476498544216156
0.14766542613506317
0.14768069982528687
0.14769577980041504
0.14771084487438202
0.1477256864309311
0.1477402299642563
0.1477546989917755
0.14776888489723206
0.14778320491313934
0.14779701828956604
0.14781130850315094
0.14782516658306122
0.14783884584903717
0.14785218238830566
0.14786604046821594
0.14787957072257996
0.14789347350597382
0.14790679514408112
0.1479201465845108
0.1479337215423584
0.1479472666978836
0.14796091616153717
0.14797437191009521
0.1479879915714264
0.14800167083740234
0.14801548421382904
0.1480288803577423
0.14804282784461975
0.14805686473846436
0.14807073771953583
0.1480850726366043
0.14809943735599518
0.14811399579048157
0.14812839031219482
0.14814312756061554
0.148157998919487
0.1481732875108719
0.14818847179412842
0.1482042372226715
0.1482200175523758
0.14823608100414276
0.14825253188610077
0.14826883375644684
0.1482856273651123
0.14830303192138672
0.1483202874660492
0.14833806455135345
0.14835625886917114
0.14837445318698883
0.14839325845241547
0.14841246604919434
0.14843212068080902
0.14845192432403564
0.14847218990325928
0.14849290251731873
0.14851421117782593
0.14853538572788239
0.14855757355690002
0.14858025312423706
0.14860326051712036
0.14862635731697083
0.14865069091320038
0.1486751288175583
0.14870010316371918
0.14872556924819946
0.14875157177448273
0.1487782746553421
0.14880536496639252
0.1488332450389862
0.14886176586151123
0.14889083802700043
0.1489204466342926
0.1489506959915161
0.1489817202091217
0.1490132212638855
0.14904557168483734
0.14907830953598022
0.14911215007305145
0.14914658665657043
0.14918142557144165
0.14921729266643524
0.14925377070903778
0.1492910087108612
0.14932900667190552
0.14936791360378265
0.1494075059890747
0.14944787323474884
0.14948886632919312
0.14953085780143738
0.14957380294799805
0.14961744844913483
0.14966200292110443
0.14970722794532776
0.14975368976593018
0.14980065822601318
0.14984892308712006
0.1498977094888687
0.14994750916957855
0.14999808371067047
0.15004968643188477
0.15010234713554382
0.15015634894371033
0.15021061897277832
0.15026631951332092
0.1503225862979889
0.15038008987903595
0.15043842792510986
0.1504981368780136
0.15055857598781586
0.15061995387077332
0.15068280696868896
0.15074597299098969
0.15081080794334412
0.15087656676769257
0.15094338357448578
0.15101100504398346
0.151079922914505
0.1511501669883728
0.1512211114168167
0.15129314363002777
0.15136651694774628
0.15144097805023193
0.15151627361774445
0.15159335732460022
0.1516711264848709
0.15175004303455353
0.1518297642469406
0.1519109606742859
0.15199342370033264
0.15207695960998535
0.15216167271137238
0.15224777162075043
0.15233467519283295
0.15242259204387665
0.15251226723194122
0.15260258316993713
0.15269455313682556
0.15278764069080353
0.1528816819190979
0.1529771089553833
0.15307359397411346
0.15317124128341675
0.15327009558677673
0.1533704698085785
0.1534717082977295
0.15357448160648346
0.15367811918258667
0.15378324687480927
0.15388964116573334
0.15399721264839172
0.15410588681697845
0.15421555936336517
0.15432657301425934
0.15443924069404602
0.15455272793769836
0.15466760098934174
0.15478351712226868
0.15490080416202545
0.15501907467842102
0.15513867139816284
0.15525969862937927
0.1553819626569748
0.15550543367862701
0.1556294560432434
0.1557554453611374
0.1558821052312851
0.1560102254152298
0.15613968670368195
0.15626995265483856
0.15640181303024292
0.15653420984745026
0.15666842460632324
0.15680363774299622
0.15693983435630798
0.1570773720741272
0.1572159379720688
0.1573556363582611
0.15749645233154297
0.15763862431049347
0.15778177976608276
0.15792597830295563
0.15807141363620758
0.1582178771495819
0.15836529433727264
0.15851415693759918
0.15866398811340332
0.15881483256816864
0.15896642208099365
0.159119114279747
0.15927338600158691
0.15942829847335815
0.1595846265554428
0.15974161028862
0.15989933907985687
0.16005833446979523
0.1602182388305664
0.1603790521621704
0.16054096817970276
0.16070345044136047
0.1608671098947525
0.16103176772594452
0.1611974686384201
0.1613636463880539
0.16153115034103394
0.16169917583465576
0.16186803579330444
0.16203786432743073
0.162208691239357
0.16237975656986237
0.16255193948745728
0.16272491216659546
0.16289865970611572
0.16307273507118225
0.16324782371520996
0.1634238213300705
0.16360048949718475
0.16377732157707214
0.16395530104637146
0.164133682847023
0.16431260108947754
0.16449247300624847
0.16467240452766418
0.16485321521759033
0.1650342345237732
0.1652163714170456
0.16539829969406128
0.16558121144771576
0.16576454043388367
0.16594791412353516
0.16613176465034485
0.1663161814212799
0.16650091111660004
0.16668635606765747
0.16687166690826416
0.16705763339996338
0.16724351048469543
0.16742971539497375
0.1676165759563446
0.16780327260494232
0.1679900735616684
0.16817724704742432
0.16836415231227875
0.16855166852474213
0.16873900592327118
0.16892683506011963
0.1691141277551651
0.16930168867111206
0.16948941349983215
0.16967663168907166
0.169864222407341
0.17005184292793274
0.17023935914039612
0.170426145195961
0.1706133484840393
0.17080020904541016
0.1709865778684616
0.17117327451705933
0.171359121799469
0.17154496908187866
0.17173056304454803
0.17191599309444427
0.17210069298744202
0.17228534817695618
0.17246884107589722
0.17265208065509796
0.17283505201339722
0.1730177104473114
0.1731998324394226
0.17338111996650696
0.17356203496456146
0.1737421751022339
0.17392170429229736
0.17410056293010712
0.17427872121334076
0.1744563728570938
0.17463259398937225
0.17480850219726562
0.1749834418296814
0.1751580387353897
0.17533084750175476
0.17550340294837952
0.175674706697464
0.175845205783844
0.1760147213935852
0.17618311941623688
0.17635029554367065
0.1765165776014328
0.1766817718744278
0.17684586346149445
0.17700840532779694
0.17717038094997406
0.17733044922351837
0.17748935520648956
0.1776474118232727
0.1778036653995514
0.17795832455158234
0.17811235785484314
0.1782645285129547
0.17841531336307526
0.17856478691101074
0.1787123680114746
0.17885877192020416
0.1790037602186203
0.17914682626724243
0.17928826808929443
0.17942793667316437
0.17956574261188507
0.17970231175422668
0.17983710765838623
0.17996980249881744
0.18010082840919495
0.18023048341274261
0.18035760521888733
0.18048319220542908
0.18060673773288727
0.18072833120822906
0.1808481067419052
0.18096575140953064
0.18108141422271729
0.18119490146636963
0.18130634725093842
0.18141542375087738
0.1815226972103119
0.18162772059440613
0.18173053860664368
0.18183091282844543
0.18192912638187408
0.18202519416809082
0.18211914598941803
0.18221043050289154
0.1822991520166397
0.1823858916759491
0.1824701428413391
0.1825518161058426
0.1826310157775879
0.18270759284496307
0.18278191983699799
0.18285337090492249
0.1829225718975067
0.18298901617527008
0.18305295705795288
0.1831139475107193
0.18317270278930664
0.18322837352752686
0.1832815706729889
0.18333181738853455
0.18337930738925934
0.18342415988445282
0.1834660768508911
0.18350549042224884
0.1835411638021469
0.18357481062412262
0.18360523879528046
0.18363288044929504
0.18365712463855743
0.18367862701416016
0.18369778990745544
0.1837131381034851
0.18372590839862823
0.18373553454875946
0.18374189734458923
0.1837453544139862
0.18374545872211456
0.1837426722049713
0.1837366223335266
0.18372736871242523
0.18371467292308807
0.18369922041893005
0.18368040025234222
0.18365828692913055
0.18363317847251892
0.18360471725463867
0.18357285857200623
0.1835375726222992
0.1834990382194519
0.18345725536346436
0.1834118813276291
0.18336352705955505
0.18331171572208405
0.1832563430070877
0.18319791555404663
0.1831357330083847
0.1830700933933258
0.18300096690654755
0.18292874097824097
0.18285278975963593
0.1827734112739563
0.18269017338752747
0.18260407447814941
0.18251439929008484
0.18242096900939941
0.18232400715351105
0.18222348392009735
0.18211981654167175
0.18201227486133575
0.1819009780883789
0.1817864626646042
0.18166793882846832
0.18154609203338623
0.18142083287239075
0.18129216134548187
0.18115927278995514
0.18102306127548218
0.18088358640670776
0.18073990941047668
0.1805930733680725
0.18044224381446838
0.18028798699378967
0.1801297813653946
0.17996855080127716
0.1798030436038971
0.17963436245918274
0.17946188151836395
0.17928603291511536
0.17910613119602203
0.1789228916168213
0.17873550951480865
0.17854510247707367
0.17835074663162231
0.1781529188156128
0.17795148491859436
0.17774607241153717
0.17753732204437256
0.17732444405555725
0.1771085411310196
0.17688873410224915
0.17666567862033844
0.1764385849237442
0.17620787024497986
0.17597360908985138
0.17573611438274384
0.17549458146095276
0.17524966597557068
0.17500120401382446
0.17474918067455292
0.17449332773685455
0.1742340326309204
0.17397135496139526
0.17370501160621643
0.17343518137931824
0.17316173017024994
0.17288479208946228
0.17260421812534332
0.17232035100460052
0.17203283309936523
0.17174239456653595
0.17144760489463806
0.17114970088005066
0.1708485335111618
0.17054378986358643
0.17023557424545288
0.16992366313934326
0.1696091890335083
0.16929063200950623
0.16896894574165344
0.168643981218338
0.16831542551517487
0.167983740568161
0.16764874756336212
0.16731059551239014
0.1669687032699585
0.1666235774755478
0.16627556085586548
0.165924072265625
0.16556969285011292
0.16521193087100983
0.16485042870044708
0.16448649764060974
0.16411936283111572
0.1637488305568695
0.1633753627538681
0.16299867630004883
0.16261863708496094
0.16223609447479248
0.16185009479522705
0.16146109998226166
0.16106927394866943
0.16067463159561157
0.16027668118476868
0.15987610816955566
0.15947222709655762
0.15906572341918945
0.15865647792816162
0.1582442820072174
0.15782888233661652
0.1574108600616455
0.15699058771133423
0.15656667947769165
0.15614014863967896
0.15571175515651703
0.15527991950511932
0.15484577417373657
0.1544085592031479
0.15396884083747864
0.15352696180343628
0.15308210253715515
0.15263503789901733
0.15218466520309448
0.1517326384782791
0.15127751231193542
0.1508205682039261
0.15036089718341827
0.14989836513996124
0.14943380653858185
0.14896705746650696
0.14849767088890076
0.1480262726545334
0.14755241572856903
0.1470763236284256
0.146598219871521
0.14611808955669403
0.14563506841659546
0.14515036344528198
0.14466328918933868
0.14417417347431183
0.14368312060832977
0.1431902050971985
0.1426945924758911
0.14219769835472107
0.14169883728027344
0.14119736850261688
0.14069460332393646
0.1401900053024292
0.13968268036842346
0.13917472958564758
0.13866467773914337
0.1381521075963974
0.1376386135816574
0.13712313771247864
0.13660553097724915
0.1360868364572525
0.13556641340255737
0.1350441575050354
0.13452085852622986
0.1339959353208542
0.13346895575523376
0.13294103741645813
0.132410928606987
0.1318802535533905
0.13134783506393433
0.1308138221502304
0.13027845323085785
0.1297421157360077
0.12920384109020233
0.12866508960723877
0.1281251758337021
0.12758374214172363
0.12704068422317505
0.12649741768836975
0.1259523332118988
0.1254064291715622
0.12485941499471664
0.12431111931800842
0.1237621158361435
0.12321218848228455
0.122660793364048
0.1221090778708458
0.12155654281377792
0.12100322544574738
0.12044792622327805
0.11989295482635498
0.11933672428131104
0.11878006160259247
0.1182224452495575
0.11766460537910461
0.11710531264543533
0.11654571443796158
0.11598528176546097
0.11542484909296036
0.11486414074897766
0.11430200934410095
0.11373920738697052
0.11317691206932068
0.11261334270238876
0.11204978078603745
0.11148586869239807
0.11092143505811691
0.11035674810409546
0.10979148745536804
0.10922607034444809
0.10866057872772217
0.10809465497732162
0.10752908885478973
0.1069624274969101
0.10639625787734985
0.10582957416772842
0.10526308417320251
0.10469655692577362
0.10412988066673279
0.10356280207633972
0.10299621522426605
0.10242919623851776
0.10186279565095901
0.10129627585411072
0.1007300317287445
0.1001632809638977
0.09959731996059418
0.09903080761432648
0.09846524894237518
0.09789969772100449
0.09733451902866364
0.09676937758922577
0.09620454907417297
0.09563980251550674
0.09507564455270767
0.09451207518577576
0.09394866228103638
0.0933859795331955
0.09282321482896805
0.09226090461015701
0.09169959276914597
0.09113890677690506
0.09057825803756714
0.09001823514699936
0.08945899456739426
0.08889931440353394
0.08834166824817657
0.08778411895036697
0.08722742646932602
0.08667070418596268
0.08611511439085007
0.08556041866540909
0.08500642329454422
0.0844532698392868
0.08390101045370102
0.08334903419017792
0.0827980637550354
0.08224772661924362
0.0816987156867981
0.08115053921937943
0.08060344308614731
0.08005648851394653
0.07951101660728455
0.07896643877029419
0.07842275500297546
0.07788059115409851
0.07733873277902603
0.07679799944162369
0.0762585699558258
0.07571987807750702
0.0751827210187912
0.07464636117219925
0.07411134243011475
0.07357722520828247
0.07304461300373077
0.07251254469156265
0.0719822496175766
0.07145316898822784
0.07092530280351639
0.07039791345596313
0.06987227499485016
0.06934784352779388
0.06882505863904953
0.06830327212810516
0.06778324395418167
0.06726378947496414
0.06674601137638092
0.06622970104217529
0.06571462750434875
0.06520106643438339
0.0646887868642807
0.06417796015739441
0.06366860121488571
0.06316054612398148
0.06265399605035782
0.062148936092853546
0.06164569780230522
0.06114314869046211
0.06064252555370331
0.06014347821474075
0.0596461184322834
0.05915024131536484
0.05865585803985596
0.05816272646188736
0.057671722024679184
0.057181697338819504
0.056693557649850845
0.056206926703453064
0.05572238564491272
0.05523897707462311
0.05475754663348198
0.054277315735816956
0.05379932373762131
0.05332254245877266
0.05284779891371727
0.05237415060400963
0.05190279707312584
0.05143261328339577
0.050964564085006714
0.05049837753176689
0.050033748149871826
0.049570631235837936
0.04910946637392044
0.04864996299147606
0.048192113637924194
0.04773661866784096
0.04728252440690994
0.046830106526613235
0.04637964069843292
0.04593084007501602
0.04548373818397522
0.045038770884275436
0.044595714658498764
0.04415412247180939
0.04371435195207596
0.043276578187942505
0.04284096136689186
0.042407020926475525
0.041974522173404694
0.04154423624277115
0.04111603647470474
0.04068903997540474
0.040264327079057693
0.03984169289469719
0.03942091763019562
0.039001792669296265
0.03858471289277077
0.03816938027739525
0.037756241858005524
0.037344761192798615
0.036934975534677505
0.03652787581086159
0.03612218424677849
0.03571828082203865
0.03531662002205849
0.034917041659355164
0.034518904983997345
0.034123148769140244
0.0337289534509182
0.033336978405714035
0.03294684737920761
0.03255867958068848
0.03217229247093201
0.03178831934928894
0.031405918300151825
0.03102547489106655
0.03064732626080513
0.03027086891233921
0.02989639714360237
0.02952384017407894
0.029153548181056976
0.02878469042479992
0.02841836027801037
0.028053725138306618
0.02769094705581665
0.027330314740538597
0.026971636340022087
0.02661481313407421
0.026260189712047577
0.025907546281814575
0.025556428357958794
0.025207461789250374
0.024860963225364685
0.024515725672245026
0.02417309768497944
0.023832162842154503
0.023492911830544472
0.023156093433499336
0.022821001708507538
0.02248789370059967
0.022156858816742897
0.021827498450875282
0.021500300616025925
0.021175213158130646
0.02085191383957863
0.02053048089146614
0.020211298018693924
0.019893795251846313
0.019578220322728157
0.01926482655107975
0.018953554332256317
0.01864357478916645
0.01833593286573887
0.01803036779165268
0.017726389691233635
0.017424648627638817
0.017124995589256287
0.01682666316628456
0.01653067022562027
0.016236627474427223
0.015944406390190125
0.015654046088457108
0.015365952625870705
0.015079274773597717
0.014794796705245972
0.014512201771140099
0.014231282286345959
0.013952474109828472
0.013675578869879246
0.013400517404079437
0.013127480633556843
0.012856046669185162
0.012586604803800583
0.012319259345531464
0.012053596787154675
0.01178968045860529
0.011527890339493752
0.011267873458564281
0.01100956741720438
0.010753395035862923
0.01049900148063898
0.010245949029922485
0.009995417669415474
0.009746583178639412
0.009499222040176392
0.009253984317183495
0.00901038572192192
0.008768720552325249
0.008528699167072773
0.008290721103549004
0.008054365403950214
0.007819839753210545
0.007587308529764414
0.007356364279985428
0.007127213757485151
0.006899910978972912
0.006674186792224646
0.00645065400749445
0.006228485144674778
0.006007989402860403
0.005789413116872311
0.005572628695517778
0.005357422865927219
0.005144083872437477
0.004932504612952471
0.0047224704176187515
0.004514417145401239
0.004307810217142105
0.0041028885170817375
0.0038999109528958797
0.0036985808983445168
0.003498662495985627
0.0033006505109369755
0.0031043612398207188
0.002909535076469183
0.0027164029888808727
0.0025250683538615704
0.002335274126380682
0.0021471185609698296
0.0019606787245720625
0.0017756784800440073
0.0015926596242934465
0.0014109141193330288
0.0012306871358305216
0.0010524094104766846
0.0008754451991990209
0.0007002650527283549
0.0005265751387923956
0.0003544046776369214
0.00018382864072918892
1.5016179531812668e-05
-0.00015238369815051556
-0.00031839613802731037
-0.00048261007759720087
-0.0006451328517869115
-0.0008064877474680543
-0.0009663896053098142
-0.001124490750953555
-0.001281440258026123
-0.0014363962691277266
-0.0015900165308266878
-0.0017423750832676888
-0.0018929897341877222
-0.0020422330126166344
-0.002190177794545889
-0.002336570993065834
-0.002481224946677685
-0.0026247987989336252
-0.0027668094262480736
-0.002907052170485258
-0.0030463263392448425
-0.003184052649885416
-0.003320277202874422
-0.003455108031630516
-0.0035887318663299084
-0.0037209182046353817
-0.0038515678606927395
-0.003980853129178286
-0.004108743276447058
-0.004235389176756144
-0.004360561724752188
-0.004484407603740692
-0.004606921691447496
-0.004728304222226143
-0.004848111420869827
-0.004966567270457745
-0.005083857104182243
-0.005199641454964876
-0.005314440466463566
-0.005427613854408264
-0.005539726931601763
-0.005650557577610016
-0.0057599907740950584
-0.005868114996701479
-0.005975048057734966
-0.006080819293856621
-0.006185145117342472
-0.006288522854447365
-0.0063904644921422005
-0.0064912536181509495
-0.006590778939425945
-0.0066890898160636425
-0.006786315236240625
-0.006882171146571636
-0.006977010052651167
-0.007070631720125675
-0.00716281495988369
-0.007254044525325298
-0.0073441131971776485
-0.007433039136230946
-0.007520729675889015
-0.0076073650270700455
-0.007692824117839336
-0.007777160964906216
-0.007860308513045311
-0.007942438125610352
-0.008023547939956188
-0.008103330619633198
-0.008182237856090069
-0.008259947411715984
-0.008336556144058704
-0.008412153460085392
-0.008486645296216011
-0.008560128509998322
-0.0086326003074646
-0.008703851141035557
-0.008774282410740852
-0.008843396790325642
-0.008911844342947006
-0.008978844620287418
-0.00904514268040657
-0.009110402315855026
-0.009174671024084091
-0.009237893857061863
-0.009300144389271736
-0.009361534379422665
-0.00942173320800066
-0.009480942040681839
-0.009539461694657803
-0.009596817195415497
-0.009653272107243538
-0.009708862751722336
-0.009763546288013458
-0.009817210957407951
-0.009869936853647232
-0.009921724908053875
-0.009972641244530678
-0.010022688657045364
-0.010071903467178345
-0.010120285674929619
-0.010167725384235382
-0.010214257054030895
-0.010259829461574554
-0.010304465889930725
-0.010348559357225895
-0.01039158832281828
-0.010433871299028397
-0.010475250892341137
-0.010515852831304073
-0.010555583983659744
-0.010594507679343224
-0.01063263788819313
-0.010670037008821964
-0.010706601664423943
-0.010742196813225746
-0.010777294635772705
-0.01081140898168087
-0.010844798758625984
-0.010877367109060287
-0.010909384116530418
-0.010940387845039368
-0.010970884934067726
-0.011000311002135277
-0.011029373854398727
-0.011057508178055286
-0.01108485460281372
-0.011111593805253506
-0.01113761868327856
-0.011163018643856049
-0.011187544092535973
-0.011211314238607883
-0.011234540492296219
-0.011257038451731205
-0.011278954334557056
-0.011300163343548775
-0.011320451274514198
-0.01134045235812664
-0.011359531432390213
-0.011378045193850994
-0.011395992711186409
-0.011413286440074444
-0.011429852806031704
-0.011445770040154457
-0.011461090296506882
-0.01147591695189476
-0.011490105651319027
-0.011503580026328564
-0.011516449972987175
-0.011528967879712582
-0.011540554463863373
-0.011551568284630775
-0.011562195606529713
-0.011572243645787239
-0.011581883765757084
-0.011590580455958843
-0.011598924174904823
-0.011606654152274132
-0.011613728478550911
-0.01162051223218441
-0.011626459658145905
-0.011632193811237812
-0.011637352406978607
-0.011641799472272396
-0.01164577342569828
-0.011649253778159618
-0.01165228895843029
-0.011654842644929886
-0.011656847782433033
-0.011658260598778725
-0.011659244075417519
-0.011659841984510422
-0.011659925803542137
-0.01165936142206192
-0.011658666655421257
-0.011657288298010826
-0.011655542999505997
-0.011653188616037369
-0.011650504544377327
-0.011647241190075874
-0.01164378970861435
-0.011639672331511974
-0.011635268107056618
-0.01163032092154026
-0.011625196784734726
-0.011619379743933678
-0.011613165959715843
-0.011606618762016296
-0.01159968227148056
-0.011592350900173187
-0.011584512889385223
-0.0115763945505023
-0.011567878536880016
-0.011559059843420982
-0.011549722403287888
-0.01154003944247961
-0.011530101299285889
-0.011519717052578926
-0.011508841998875141
-0.01149768102914095
-0.01148630864918232
-0.01147453859448433
-0.011462261900305748
-0.011449896730482578
-0.01143703144043684
-0.011423894204199314
-0.011410403065383434
-0.01139657013118267
-0.011382466182112694
-0.011367900297045708
-0.011353104375302792
-0.01133808959275484
-0.011322753503918648
-0.011306998319923878
-0.011291079223155975
-0.011274793185293674
-0.011258363723754883
-0.011241422034800053
-0.011224256828427315
-0.01120683178305626
-0.011189265176653862
-0.011171229183673859
-0.011153082363307476
-0.011134528554975986
-0.011115944012999535
-0.011096877045929432
-0.011077780276536942
-0.011058207601308823
-0.011038362048566341
-0.011018441058695316
-0.010998254641890526
-0.010977651923894882
-0.010957024060189724
-0.010936102829873562
-0.010915003716945648
-0.010893800295889378
-0.010872150771319866
-0.010850327089428902
-0.010828296653926373
-0.010806082747876644
-0.010783737525343895
-0.010761111043393612
-0.01073822658509016
-0.010715303011238575
-0.010692118667066097
-0.010668700560927391
-0.010645098052918911
-0.010621342808008194
-0.0105973482131958
-0.010573240928351879
-0.010548977181315422
-0.010524477809667587
-0.01049979031085968
-0.010475154034793377
-0.010450078174471855
-0.010424935258924961
-0.010399743914604187
-0.010374259203672409
-0.010348750278353691
-0.01032296009361744
-0.010297133587300777
-0.010271107777953148
-0.010244932025671005
-0.010218567214906216
-0.010192305780947208
-0.010165886022150517
-0.010138980112969875
-0.010112231597304344
-0.010085362009704113
-0.010058218613266945
-0.010031076148152351
-0.010003839619457722
-0.009976331144571304
-0.009948842227458954
-0.009921245276927948
-0.009893551468849182
-0.00986565463244915
-0.00983784906566143
-0.00980979111045599
-0.0097816102206707
-0.009753498248755932
-0.009724969044327736
-0.009696781635284424
-0.009668281301856041
-0.009639780037105083
-0.009611102752387524
-0.009582456201314926
-0.009553590789437294
-0.009524841792881489
-0.009495753794908524
-0.009466771967709064
-0.009437691420316696
-0.009408516809344292
-0.009379366412758827
-0.00935005210340023
-0.0093208197504282
-0.009291384369134903
-0.009261999279260635
-0.009232397191226482
-0.009202881716191769
-0.009173314087092876
-0.00914367288351059
-0.009114017710089684
-0.009084301069378853
-0.009054487571120262
-0.009024580009281635
-0.00899486057460308
-0.008964935317635536
-0.008935059420764446
-0.008905226364731789
-0.008875241503119469
-0.008845243602991104
-0.008815135806798935
-0.008785136975347996
-0.008755091577768326
-0.008724975399672985
-0.00869492907077074
-0.008664761669933796
-0.008634631521999836
-0.00860452651977539
-0.008574261330068111
-0.008544043637812138
-0.008514015935361385
-0.008483720943331718
-0.008453555405139923
-0.008423375897109509
-0.008393118157982826
-0.00836296658962965
-0.00833278987556696
-0.008302574045956135
-0.008272359147667885
-0.008242176845669746
-0.008212028071284294
-0.008181922137737274
-0.00815170630812645
-0.008121605962514877
-0.00809142179787159
-0.008061295375227928
-0.008031229488551617
-0.008001166395843029
-0.007971077226102352
-0.007941139861941338
-0.007911140099167824
-0.007880971767008305
-0.007851073518395424
-0.007821101695299149
-0.007791211828589439
-0.0077613284811377525
-0.007731474936008453
-0.007701523136347532
-0.007671879138797522
-0.0076421089470386505
-0.007612340617924929
-0.007582702673971653
-0.007552972994744778
-0.007523479871451855
-0.007493816781789064
-0.00746432039886713
-0.007434851489961147
-0.0074052875861525536
-0.007375962100923061
-0.007346631493419409
-0.007317287381738424
-0.007288024295121431
-0.007258815690875053
-0.00722964433953166
-0.007200438994914293
-0.0071715135127305984
-0.0071425121277570724
-0.0071135759353637695
-0.007084524258971214
-0.007055698893964291
-0.007027036510407925
-0.006998190190643072
-0.006969497539103031
-0.006940987892448902
-0.006912356708198786
-0.00688386894762516
-0.006855457555502653
-0.006827116012573242
-0.006798859685659409
-0.006770545616745949
-0.006742412224411964
-0.006714309565722942
-0.00668619479984045
-0.0066582923755049706
-0.006630341522395611
-0.006602526642382145
-0.006574670784175396
-0.006547071970999241
-0.00651943776756525
-0.006491939537227154
-0.006464436650276184
-0.0064369733445346355
-0.006409686990082264
-0.006382330786436796
-0.006355246528983116
-0.006328154355287552
-0.006301135756075382
-0.006274255458265543
-0.006247410085052252
-0.006220554932951927
-0.006193865090608597
-0.006167291663587093
-0.00614071823656559
-0.0061142323538661
-0.006087976507842541
-0.006061666179448366
-0.006035457365214825
-0.006009366363286972
-0.00598323717713356
-0.005957245361059904
-0.005931512452661991
-0.005905801430344582
-0.005879989825189114
-0.005854505579918623
-0.005828983150422573
-0.005803544074296951
-0.005778123624622822
-0.005752891767770052
-0.005727775394916534
-0.005702763330191374
-0.0056776851415634155
-0.005652980413287878
-0.005628079175949097
-0.005603428464382887
-0.005578836426138878
-0.00555445859208703
-0.005529836751520634
-0.005505579058080912
-0.005481420084834099
-0.005457297898828983
-0.005433196667581797
-0.00540931336581707
-0.005385419819504023
-0.005361597985029221
-0.005338147282600403
-0.0053144413977861404
-0.005291033536195755
-0.0052676089107990265
-0.005244513973593712
-0.005221212282776833
-0.005198206286877394
-0.005175312049686909
-0.005152431316673756
-0.005129627883434296
-0.0051070344634354115
-0.005084405653178692
-0.0050618648529052734
-0.005039658397436142
-0.0050174095667898655
-0.004995281808078289
-0.004973185248672962
-0.00495119858533144
-0.004929328802973032
-0.004907559137791395
-0.0048859985545277596
-0.004864435642957687
-0.004843099042773247
-0.004821766167879105
-0.004800427705049515
-0.004779237322509289
-0.00475828442722559
-0.0047373464331030846
-0.004716392140835524
-0.004695809446275234
-0.004675172735005617
-0.00465474184602499
-0.004634213168174028
-0.004613951314240694
-0.004593707621097565
-0.004573677200824022
-0.004553751554340124
-0.004533714614808559
-0.004513951018452644
-0.00449430150911212
-0.00447470648214221
-0.004455229267477989
-0.004435888025909662
-0.004416643641889095
-0.004397471435368061
-0.004378467798233032
-0.0043595400638878345
-0.004340672865509987
-0.004321870394051075
-0.004303270950913429
-0.00428479490801692
-0.004266367293894291
-0.004248079843819141
-0.004229768645018339
-0.00421172333881259
-0.004193790722638369
-0.004175834823399782
-0.004158102907240391
-0.004140423610806465
-0.004122835583984852
-0.004105268977582455
-0.0040879761800169945
-0.004070754628628492
-0.004053567536175251
-0.004036515485495329
-0.004019660409539938
-0.004002751316875219
-0.003986067604273558
-0.003969409037381411
-0.0039529018104076385
-0.003936499822884798
-0.003920195624232292
-0.0039039256516844034
-0.003887800732627511
-0.003871920285746455
-0.003856021910905838
-0.0038401142228394747
-0.003824501298367977
-0.0038088844157755375
-0.0037934118881821632
-0.003778052283450961
-0.0037628149148076773
-0.0037475565914064646
-0.003732583951205015
-0.0037175333127379417
-0.0037027089856565
-0.003687988268211484
-0.0036733029410243034
-0.0036587538197636604
-0.0036443378776311874
-0.0036299508064985275
-0.003615658963099122
-0.003601573407649994
-0.003587588667869568
-0.003573633963242173
-0.0035597430542111397
-0.003546015825122595
-0.0035323642659932375
-0.003518790937960148
-0.0035054588224738836
-0.003492161398753524
-0.003478927304968238
-0.0034657546784728765
-0.0034526598174124956
-0.003439755644649267
-0.0034268787130713463
-0.0034142485819756985
-0.0034016240388154984
-0.0033890409395098686
-0.0033765695989131927
-0.003364367177709937
-0.003352109808474779
-0.0033398312516510487
-0.003327912651002407
-0.0033160122111439705
-0.0033040600828826427
-0.003292364999651909
-0.0032806384842842817
-0.0032690945081412792
-0.003257716540247202
-0.00324643193744123
-0.003235043492168188
-0.0032239435240626335
-0.0032128600869327784
-0.0032018665224313736
-0.003191029652953148
-0.0031802416779100895
-0.003169527044519782
-0.0031589395366609097
-0.0031484581995755434
-0.003138032043352723
-0.0031277232337743044
-0.003117484040558338
-0.0031073144637048244
-0.0030972776003181934
-0.0030873611103743315
-0.0030775575432926416
-0.0030677402392029762
-0.0030580852180719376
-0.003048594342544675
-0.0030390447936952114
-0.0030296985059976578
-0.0030204118229448795
-0.0030112224631011486
-0.003002110868692398
-0.0029930882155895233
-0.002984117716550827
-0.00297527969814837
-0.0029665224719792604
-0.002957911929115653
-0.002949200104922056
-0.0029407255351543427
-0.0029323664493858814
-0.0029240744188427925
-0.002915838034823537
-0.0029076701030135155
-0.002899570157751441
-0.0028916560113430023
-0.0028837723657488823
-0.0028760198038071394
-0.002868346869945526
-0.002860612701624632
-0.0028530950658023357
-0.002845627721399069
-0.002838311716914177
-0.002831010613590479
-0.0028237351216375828
-0.002816717838868499
-0.002809554571285844
-0.002802614588290453
-0.0027957377023994923
-0.0027890237979590893
-0.0027823324780911207
-0.002775580156594515
-0.002769120968878269
-0.002762617077678442
-0.002756263595074415
-0.0027499194256961346
-0.0027437107637524605
-0.0027376068755984306
-0.0027314997278153896
-0.0027255634777247906
-0.002719620708376169
-0.0027138302102684975
-0.0027080057188868523
-0.0027023444417864084
-0.0026967283338308334
-0.002691257046535611
-0.0026858369819819927
-0.0026804180815815926
-0.0026750704273581505
-0.0026698217261582613
-0.0026648161001503468
-0.002659713150933385
-0.0026546644512563944
-0.0026497007347643375
-0.002644933294504881
-0.002640123711898923
-0.0026353863067924976
-0.00263078510761261
-0.0026261722669005394
-0.0026217284612357616
-0.0026173237711191177
-0.002612993586808443
-0.0026086759753525257
-0.002604472916573286
-0.0026003574021160603
-0.0025963529478758574
-0.002592310309410095
-0.0025884166825562716
-0.0025845752097666264
-0.0025807491037994623
-0.002576980274170637
-0.0025734477676451206
-0.002569830045104027
-0.002566314535215497
-0.0025628330186009407
-0.0025594783946871758
-0.002556138439103961
-0.0025529777631163597
-0.0025497502647340298
-0.0025466044899076223
-0.0025436454452574253
-0.002540583722293377
-0.0025377036072313786
-0.002534798812121153
-0.0025319966953247786
-0.002529257908463478
-0.002526521682739258
-0.002523879986256361
-0.0025213768240064383
-0.002518927678465843
-0.002516434993594885
-0.002514138352125883
-0.002511771861463785
-0.0025095795281231403
-0.0025073597207665443
-0.0025052488781511784
-0.002503194846212864
-0.002501202281564474
-0.0024991880636662245
-0.0024973228573799133
-0.0024954809341579676
-0.002493737731128931
-0.002492004306986928
-0.002490336075425148
-0.0024886245373636484
-0.0024870894849300385
-0.0024855821393430233
-0.002484200755134225
-0.0024828717578202486
-0.002481454750522971
-0.0024802000261843204
-0.002478963229805231
-0.00247773970477283
-0.0024766232818365097
-0.00247556297108531
-0.0024745697155594826
-0.0024736234918236732
-0.0024726861156523228
-0.0024718157947063446
-0.002471056766808033
-0.0024702928494662046
-0.0024695585016161203
-0.0024688411504030228
-0.0024682688526809216
-0.0024676742032170296
-0.002467123558744788
-0.0024667244870215654
-0.00246627489104867
-0.002465907484292984
-0.0024656024761497974
-0.0024652923457324505
-0.002465122379362583
-0.0024649049155414104
-0.0024647556710988283
-0.0024647254031151533
-0.002464662306010723
-0.0024647130630910397
-0.002464691177010536
-0.002464708872139454
-0.00246498454362154
-0.002465155441313982
-0.0024653610307723284
-0.00246560201048851
-0.0024659004993736744
-0.002466208767145872
-0.0024666900280863047
-0.002467104699462652
-0.0024675773456692696
-0.002468053251504898
-0.0024686260148882866
-0.002469236496835947
-0.00246979808434844
-0.0024705426767468452
-0.0024712884332984686
-0.0024719873908907175
-0.0024728684220463037
-0.002473596017807722
-0.0024744723923504353
-0.0024753492325544357
-0.0024763327091932297
-0.0024773310869932175
-0.0024783057160675526
-0.0024793269112706184
-0.002480484079569578
-0.002481656614691019
-0.0024827492889016867
-0.0024839919060468674
-0.0024851979687809944
-0.0024864741135388613
-0.0024877795949578285
-0.002489023841917515
-0.0024905032478272915
-0.0024918641429394484
-0.002493305131793022
-0.0024948259815573692
-0.0024962262250483036
-0.0024977754801511765
-0.0024993112310767174
-0.002500940579921007
-0.002502560382708907
-0.0025042188353836536
-0.0025058905594050884
-0.0025075552985072136
-0.002509424928575754
-0.0025110880378633738
-0.0025128363631665707
-0.002514811232686043
-0.002516591688618064
-0.0025185090489685535
-0.002520353998988867
-0.0025223747361451387
-0.0025242939591407776
-0.0025262832641601562
-0.0025282837450504303
-0.002530342200770974
-0.0025324621237814426
-0.002534465864300728
-0.0025366481859236956
-0.0025387336499989033
-0.002540944144129753
-0.0025431904941797256
-0.002545373048633337
-0.002547606360167265
-0.002549865748733282
-0.002552164252847433
-0.0025544879026710987
-0.0025568422861397266
-0.0025592241436243057
-0.002561626024544239
-0.002563975751399994
-0.0025663923006504774
-0.002568894298747182
-0.002571359509602189
-0.002573795383796096
-0.0025764284655451775
-0.002578912302851677
-0.0025813509710133076
-0.00258399429731071
-0.0025866504292935133
-0.0025891431141644716
-0.00259179319255054
-0.002594427205622196
-0.0025970127899199724
-0.0025997732300311327
-0.002602419350296259
-0.002605194691568613
-0.00260788481682539
-0.0026106720324605703
-0.002613486722111702
-0.0026162222493439913
-0.002619093982502818
-0.0026218281127512455
-0.0026247194036841393
-0.0026275496929883957
-0.0026303562335669994
-0.002633213996887207
-0.0026361721102148294
-0.002639033831655979
-0.0026419619098305702
-0.00264498102478683
-0.002647813642397523
-0.0026507494039833546
-0.0026537426747381687
-0.0026567024178802967
-0.0026597087271511555
-0.002662667538970709
-0.0026657567359507084
-0.0026688126381486654
-0.002671864815056324
-0.0026748264208436012
-0.002677889307960868
-0.0026810066774487495
-0.002684115432202816
-0.0026871166191995144
-0.0026902700774371624
-0.0026933879125863314
-0.0026964768767356873
-0.002699610311537981
-0.002702755620703101
-0.0027059027925133705
-0.002709142165258527
-0.0027121840976178646
-0.002715433482080698
-0.0027185603976249695
-0.002721731085330248
-0.002724909223616123
-0.0027281453367322683
-0.0027312729507684708
-0.0027345840353518724
-0.0027378001250326633
-0.002741047879680991
-0.0027442278806120157
-0.002747444435954094
-0.002750722225755453
-0.0027539434377104044
-0.0027571795508265495
-0.0027604112401604652
-0.0027637104503810406
-0.002766943536698818
-0.0027702595107257366
-0.002773540560156107
-0.002776743145659566
-0.0027800181414932013
-0.002783284755423665
-0.0027865483425557613
-0.0027898598928004503
-0.0027931914664804935
-0.0027964585460722446
-0.0027997069992125034
-0.0028030574321746826
-0.0028064148500561714
-0.002809715922921896
-0.002812908496707678
-0.002816233318299055
-0.0028194691985845566
-0.0028228338342159986
-0.0028261414263397455
-0.00282943993806839
-0.0028327133040875196
-0.0028359992429614067
-0.002839283086359501
-0.002842614194378257
-0.0028459192253649235
-0.0028491741977632046
-0.002852531149983406
-0.0028558482881635427
-0.0028590569272637367
-0.0028623840771615505
-0.0028656362555921078
-0.0028689377941191196
-0.0028722556307911873
-0.0028754970990121365
-0.002878813771530986
-0.002881997497752309
-0.0028853195253759623
-0.002888517687097192
-0.002891812939196825
-0.002895030193030834
-0.0028983093798160553
-0.0029015694744884968
-0.002904833760112524
-0.0029080514796078205
-0.002911325776949525
-0.002914518117904663
-0.002917687874287367
-0.002920890925452113
-0.002924171043559909
-0.0029273326508700848
-0.002930646762251854
-0.002933777868747711
-0.002936987206339836
-0.0029402021318674088
-0.002943334635347128
-0.0029464359395205975
-0.0029496364295482635
-0.002952859504148364
-0.002955901436507702
-0.0029590632766485214
-0.0029622018337249756
-0.0029654353857040405
-0.0029684819746762514
-0.002971542999148369
-0.0029746592044830322
-0.002977700438350439
-0.0029808024410158396
-0.002983978483825922
-0.0029870052821934223
-0.002990088891237974
-0.002993087749928236
-0.002996173221617937
-0.0029991520568728447
-0.0030022491700947285
-0.0030052645597606897
-0.0030082263983786106
-0.0030112124513834715
-0.0030141393654048443
-0.0030171512626111507
-0.003020135685801506
-0.0030231021810323
-0.0030259997583925724
-0.0030289441347122192
-0.0030318591743707657
-0.0030347229912877083
-0.0030376268550753593
-0.003040569368749857
-0.0030433358624577522
-0.003046205034479499
-0.0030491058714687824
-0.0030519079882651567
-0.003054800909012556
-0.003057530615478754
-0.0030603199265897274
-0.003063097596168518
-0.003065885975956917
-0.0030687497928738594
-0.0030714222230017185
-0.0030741197988390923
-0.003076852299273014
-0.003079555928707123
-0.0030822250992059708
-0.00308498227968812
-0.003087549237534404
-0.0030902312137186527
-0.003092837519943714
-0.0030954801477491856
-0.0030980785377323627
-0.003100764472037554
-0.0031032676342874765
-0.0031058224849402905
-0.0031083908397704363
-0.003110896795988083
-0.0031134281307458878
-0.0031160053331404924
-0.0031183657702058554
-0.0031208409927785397
-0.0031232975888997316
-0.0031258235685527325
-0.003128221957013011
-0.003130576806142926
-0.0031330042984336615
-0.0031353652011603117
-0.003137722611427307
-0.0031400774605572224
-0.003142439993098378
-0.003144672606140375
-0.0031470125541090965
-0.003149316180497408
-0.0031516076996922493
-0.0031538084149360657
-0.0031560342758893967
-0.0031582063529640436
-0.0031604834366589785
-0.0031625996343791485
-0.003164805006235838
-0.0031669335439801216
-0.003169034142047167
-0.003171152900904417
-0.0031731962226331234
-0.0031752828508615494
-0.003177433740347624
-0.0031793583184480667
-0.003181392326951027
-0.003183382097631693
-0.0031854433473199606
-0.003187343943864107
-0.003189290873706341
-0.003191226627677679
-0.0031931395642459393
-0.003195009659975767
-0.003196890000253916
-0.003198726801201701
-0.0032006236724555492
-0.0032023778185248375
-0.003204132430255413
-0.0032059436198323965
-0.003207627683877945
-0.0032094253692775965
-0.0032111669424921274
-0.00321283470839262
-0.0032145087607204914
-0.0032160738483071327
-0.0032178028486669064
-0.0032194340601563454
-0.0032210033386945724
-0.0032225786708295345
-0.0032241346780210733
-0.0032256352715194225
-0.003227181499823928
-0.003228709101676941
-0.003230106318369508
-0.003231604816392064
-0.0032330763060599566
-0.00323443952947855
-0.0032358323223888874
-0.0032372833229601383
-0.003238530131056905
-0.003239828860387206
-0.0032411960419267416
-0.003242473816499114
-0.0032437359914183617
-0.0032450000289827585
-0.0032461797818541527
-0.0032473686151206493
-0.003248663619160652
-0.0032497914507985115
-0.0032508820295333862
-0.0032519837841391563
-0.003253106027841568
-0.0032541020773351192
-0.003255213377997279
-0.003256260883063078
-0.0032572150230407715
-0.0032582785934209824
-0.0032591824419796467
-0.003260137513279915
-0.0032609517220407724
-0.0032620583660900593
-0.0032628702465444803
-0.003263686317950487
-0.003264479571953416
-0.003265345934778452
-0.0032661280129104853
-0.003266863524913788
-0.0032676421105861664
-0.003268325701355934
-0.0032689692452549934
-0.003269749693572521
-0.0032704065088182688
-0.0032709657680243254
-0.0032716221176087856
-0.003272207686677575
-0.0032727420330047607
-0.0032733199186623096
-0.003273807233199477
-0.003274280112236738
-0.0032747159712016582
-0.0032751914113759995
-0.0032756428699940443
-0.0032759937457740307
-0.0032764433417469263
-0.003276814939454198
-0.00327705149538815
-0.003277422161772847
-0.003277659649029374
-0.00327789387665689
-0.003278159536421299
-0.003278436604887247
-0.0032785667572170496
-0.0032786913216114044
-0.003278879215940833
-0.0032790040131658316
-0.0032790822442620993
-0.003279109252616763
-0.00327916257083416
-0.0032792272977530956
-0.0032792214769870043
-0.003279228461906314
-0.003279117401689291
-0.0032791048288345337
-0.003279045457020402
-0.0032788573298603296
-0.0032787322998046875
-0.0032786482479423285
-0.00327837816439569
-0.003278224030509591
-0.003277945565059781
-0.0032777399756014347
-0.003277386538684368
-0.003277094103395939
-0.0032768179662525654
-0.0032764323987066746
-0.0032760510221123695
-0.0032756677828729153
-0.0032752081751823425
-0.003274809569120407
-0.003274244721978903
-0.0032737720757722855
-0.0032732768449932337
-0.0032727280631661415
-0.003272188827395439
-0.003271621884778142
-0.0032709194347262383
-0.003270331071689725
-0.0032696749549359083
-0.0032689841464161873
-0.0032681890297681093
-0.0032674800604581833
-0.0032667559571564198
-0.003265832317993045
-0.0032651377841830254
-0.0032642902806401253
-0.0032634083181619644
-0.0032625491730868816
-0.0032616942189633846
-0.003260754980146885
-0.003259729128330946
-0.0032587433233857155
-0.0032577626407146454
-0.00325670070014894
-0.0032556322403252125
-0.003254614770412445
-0.003253472736105323
-0.003252372145652771
-0.0032512026373296976
-0.003250046167522669
-0.0032488221768289804
-0.0032476349733769894
-0.0032463865354657173
-0.0032450472936034203
-0.003243796294555068
-0.003242431441321969
-0.003241154132410884
-0.0032398030161857605
-0.003238316625356674
-0.0032369631808251143
-0.003235465846955776
-0.003234052797779441
-0.0032324884086847305
-0.003230952424928546
-0.0032294585835188627
-0.0032279021106660366
-0.0032263807952404022
-0.003224712098017335
-0.0032231067307293415
-0.003221375634893775
-0.003219696693122387
-0.003218024503439665
-0.0032163122668862343
-0.0032145387958735228
-0.0032127327285706997
-0.0032109885942190886
-0.003209051676094532
-0.0032072649337351322
-0.0032053152099251747
-0.0032034646719694138
-0.003201523330062628
-0.0031995438039302826
-0.003197598271071911
-0.003195602912455797
-0.0031935658771544695
-0.003191534196957946
-0.0031894962303340435
-0.003187409369274974
-0.003185305278748274
-0.0031831488013267517
-0.003180879633873701
-0.003178744576871395
-0.0031765263993293047
-0.0031743005383759737
-0.0031720702536404133
-0.0031697358936071396
-0.003167401999235153
-0.0031651135068386793
-0.0031627463176846504
-0.00316039239987731
-0.003157983534038067
-0.003155470360070467
-0.003153103170916438
-0.00315057672560215
-0.003148080315440893
-0.003145563881844282
-0.003143021371215582
-0.0031405168119817972
-0.0031378604471683502
-0.003135290928184986
-0.003132597077637911
-0.0031299313995987177
-0.0031272778287529945
-0.0031245844438672066
-0.0031218035146594048
-0.00311905425041914
-0.0031162507366389036
-0.003113514743745327
-0.0031106523238122463
-0.0031077947933226824
-0.0031048855744302273
-0.003101964481174946
-0.003099022898823023
-0.003096063621342182
-0.0030931062065064907
-0.0030902267899364233
-0.0030871685594320297
-0.0030840712133795023
-0.0030810751486569643
-0.0030779633671045303
-0.0030749093275517225
-0.003071678802371025
-0.0030685667879879475
-0.003065400291234255
-0.0030621886253356934
-0.0030589804518967867
-0.0030557410791516304
-0.0030524972826242447
-0.003049147315323353
-0.0030458150431513786
-0.0030425654258579016
-0.003039207309484482
-0.003035780508071184
-0.003032393753528595
-0.0030289161950349808
-0.0030255052261054516
-0.0030220490880310535
-0.0030186092481017113
-0.0030150017701089382
-0.0030114874243736267
-0.003007900435477495
-0.0030043432489037514
-0.003000743454322219
-0.0029971017502248287
-0.002993470523506403
-0.002989784348756075
-0.0029860567301511765
-0.002982411067932844
-0.0029786163941025734
-0.0029748273082077503
-0.0029710764065384865
-0.002967305015772581
-0.0029634723905473948
-0.0029596053063869476
-0.002955777570605278
-0.002951793372631073
-0.0029479162767529488
-0.0029440694488584995
-0.0029400819912552834
-0.0029361071065068245
-0.0029321154579520226
-0.0029280511662364006
-0.0029240441508591175
-0.002919926308095455
-0.002915887860581279
-0.0029117169324308634
-0.002907603047788143
-0.002903510117903352
-0.0028993047308176756
-0.0028950972482562065
-0.002890927717089653
-0.0028866715729236603
-0.002882446860894561
-0.0028781620785593987
-0.002873825840651989
-0.0028695575892925262
-0.0028651775792241096
-0.0028608618304133415
-0.0028564101085066795
