0.2821635901927948
0.28228309750556946
0.282402902841568
0.28252309560775757
0.28264307975769043
0.2827634811401367
0.282883882522583
0.28300443291664124
0.2831251621246338
0.28324633836746216
0.2833673357963562
0.28348860144615173
0.28360992670059204
0.2837314307689667
0.283853143453598
0.28397509455680847
0.28409698605537415
0.28421905636787415
0.28434133529663086
0.2844635844230652
0.2845860719680786
0.2847088575363159
0.28483158349990845
0.2849542796611786
0.2850773334503174
0.28520047664642334
0.2853235602378845
0.28544706106185913
0.2855704724788666
0.2856940031051636
0.2858177721500397
0.28594154119491577
0.28606536984443665
0.2861894369125366
0.28631362318992615
0.28643789887428284
0.28656205534935
0.28668642044067383
0.2868109941482544
0.2869357168674469
0.28706032037734985
0.2871851325035095
0.2873099744319916
0.2874349355697632
0.28755995631217957
0.2876852750778198
0.28781047463417053
0.28793585300445557
0.2880611717700958
0.28818657994270325
0.2883121967315674
0.28843796253204346
0.28856366872787476
0.2886894643306732
0.2888152301311493
0.28894123435020447
0.28906720876693726
0.28919345140457153
0.28931957483291626
0.2894457280635834
0.2895720303058624
0.28969836235046387
0.28982481360435486
0.28995150327682495
0.29007795453071594
0.29020458459854126
0.29033124446868896
0.2904580533504486
0.2905847132205963
0.29071173071861267
0.29083868861198425
0.2909656763076782
0.2910926342010498
0.29121971130371094
0.2913467288017273
0.29147422313690186
0.2916015684604645
0.2917286455631256
0.29185613989830017
0.2919835150241852
0.2921108901500702
0.29223862290382385
0.2923661172389984
0.2924937903881073
0.29262131452560425
0.2927490472793579
0.2928768992424011
0.2930048406124115
0.2931326925754547
0.2932604253292084
0.29338839650154114
0.2935164272785187
0.29364439845085144
0.2937726676464081
0.29390063881874084
0.2940289378166199
0.2941570580005646
0.294285386800766
0.29441356658935547
0.29454219341278076
0.2946704030036926
0.2947988510131836
0.2949272692203522
0.2950558066368103
0.29518428444862366
0.2953130602836609
0.29544156789779663
0.29557013511657715
0.2956989109516144
0.2958276569843292
0.2959563434123993
0.29608526825904846
0.29621422290802
0.29634302854537964
0.2964719235897064
0.29660090804100037
0.2967298626899719
0.2968590557575226
0.2969880998134613
0.2971172034740448
0.2972462773323059
0.29737553000450134
0.2975046932697296
0.2976340651512146
0.2977633774280548
0.297892689704895
0.2980220317840576
0.2981514632701874
0.29828083515167236
0.29841044545173645
0.2985399067401886
0.2986694574356079
0.2987990081310272
0.2989285886287689
0.2990582585334778
0.29918816685676575
0.2993178367614746
0.299447625875473
0.29957735538482666
0.2997071444988251
0.29983705282211304
0.29996705055236816
0.3000970184803009
0.30022701621055603
0.30035698413848877
0.3004869520664215
0.30061715841293335
0.300747275352478
0.3008774518966675
0.30100762844085693
0.30113786458969116
0.30126819014549255
0.3013983964920044
0.3015288710594177
0.30165931582450867
0.3017897307872772
0.301920086145401
0.3020505905151367
0.30218109488487244
0.30231183767318726
0.3024424910545349
0.30257317423820496
0.30270373821258545
0.3028343915939331
0.3029652237892151
0.30309614539146423
0.30322694778442383
0.3033578097820282
0.30348870158195496
0.3036196231842041
0.3037506639957428
0.30388179421424866
0.30401289463043213
0.304144024848938
0.3042750060558319
0.3044063150882721
0.30453750491142273
0.30466899275779724
0.30480021238327026
0.304931640625
0.3050629198551178
0.3051944375038147
0.3053258955478668
0.3054575026035309
0.3055891990661621
0.30572080612182617
0.3058522939682007
0.3059839904308319
0.30611568689346313
0.30624765157699585
0.30637940764427185
0.3065113127231598
0.3066432476043701
0.30677512288093567
0.30690714716911316
0.307039350271225
0.3071713149547577
0.3073035776615143
0.30743563175201416
0.3075678050518036
0.30770012736320496
0.30783259868621826
0.30796483159065247
0.30809733271598816
0.30822962522506714
0.30836227536201477
0.30849456787109375
0.30862748622894287
0.3087600767612457
0.3088926374912262
0.30902543663978577
0.30915817618370056
0.30929088592529297
0.30942389369010925
0.3095568120479584
0.30968979001045227
0.3098227083683014
0.30995577573776245
0.31008899211883545
0.31022223830223083
0.31035539507865906
0.31048858165740967
0.31062182784080505
0.31075519323349
0.31088849902153015
0.3110221326351166
0.3111555874347687
0.31128910183906555
0.3114226758480072
0.31155630946159363
0.31168994307518005
0.31182390451431274
0.3119576871395111
0.31209149956703186
0.31222546100616455
0.3123593330383301
0.3124932646751404
0.31262749433517456
0.3127615451812744
0.3128957152366638
0.3130299746990204
0.31316399574279785
0.31329837441444397
0.3134329617023468
0.31356728076934814
0.3137017786502838
0.3138362467288971
0.3139708936214447
0.31410542130470276
0.3142402172088623
0.3143748939037323
0.3145097494125366
0.3146444857120514
0.31477946043014526
0.314914345741272
0.3150496184825897
0.3151845633983612
0.3153195083141327
0.31545472145080566
0.31558990478515625
0.3157252371311188
0.3158608078956604
0.31599608063697815
0.3161315619945526
0.3162669837474823
0.3164025545120239
0.3165380656719208
0.3166739344596863
0.31680965423583984
0.3169454038143158
0.31708118319511414
0.31721705198287964
0.31735295057296753
0.3174892067909241
0.3176251947879791
0.31776130199432373
0.31789740920066833
0.3180336356163025
0.3181699216365814
0.31830644607543945
0.3184428811073303
0.3185793459415436
0.31871575117111206
0.31885239481925964
0.3189889192581177
0.31912583112716675
0.31926247477531433
0.31939926743507385
0.31953608989715576
0.3196730613708496
0.31981003284454346
0.319947212934494
0.3200843334197998
0.32022160291671753
0.3203587830066681
0.32049599289894104
0.32063329219818115
0.320770800113678
0.3209083080291748
0.32104578614234924
0.32118332386016846
0.32132095098495483
0.32145851850509644
0.32159656286239624
0.32173433899879456
0.3218722939491272
0.32201021909713745
0.3221481442451477
0.3222861588001251
0.32242438197135925
0.322562575340271
0.3227008879184723
0.3228391408920288
0.32297754287719727
0.3231159448623657
0.3232545256614685
0.32339316606521606
0.3235316574573517
0.3236704170703888
0.32380911707878113
0.32394805550575256
0.32408687472343445
0.3242258131504059
0.3243648409843445
0.3245038092136383
0.32464292645454407
0.3247821033000946
0.3249214291572571
0.32506072521209717
0.3252001106739044
0.3253394663333893
0.3254789113998413
0.325618714094162
0.32575833797454834
0.3258979320526123
0.326037734746933
0.3261773884296417
0.32631734013557434
0.3264572024345398
0.3265974521636963
0.3267374038696289
0.32687750458717346
0.3270176947116852
0.3271580636501312
0.32729849219322205
0.3274388611316681
0.3275793492794037
0.3277198374271393
0.32786038517951965
0.3280010223388672
0.3281420171260834
0.32828253507614136
0.32842350006103516
0.3285643458366394
0.3287052512168884
0.328846275806427
0.3289874792098999
0.3291286528110504
0.3292698860168457
0.32941117882728577
0.32955247163772583
0.3296939730644226
0.32983556389808655
0.3299771547317505
0.3301188051700592
0.33026042580604553
0.3304022550582886
0.33054396510124207
0.33068591356277466
0.330827921628952
0.3309699594974518
0.3311120569705963
0.33125418424606323
0.33139634132385254
0.3315387964248657
0.33168113231658936
0.3318236172199249
0.3319660723209381
0.33210861682891846
0.3322512209415436
0.3323940336704254
0.3325367569923401
0.3326795995235443
0.33282244205474854
0.3329653739929199
0.3331083655357361
0.3332517147064209
0.33339494466781616
0.33353808522224426
0.3336814045906067
0.33382469415664673
0.3339681923389435
0.3341118097305298
0.3342553377151489
0.3343989849090576
0.3345426619052887
0.33468642830848694
0.33483031392097473
0.3349744379520416
0.3351183831691742
0.33526256680488586
0.3354065716266632
0.3355507254600525
0.3356949985027313
0.33583953976631165
0.33598387241363525
0.3361283540725708
0.33627280592918396
0.3364174962043762
0.33656206727027893
0.33670714497566223
0.3368518352508545
0.3369967043399811
0.33714163303375244
0.33728665113449097
0.33743175864219666
0.33757713437080383
0.3377223312854767
0.3378676474094391
0.33801302313804626
0.33815839886665344
0.33830389380455017
0.33844977617263794
0.3385954201221466
0.33874112367630005
0.33888697624206543
0.3390327990055084
0.3391786813735962
0.339324951171875
0.33947110176086426
0.33961719274520874
0.3397633731365204
0.33990973234176636
0.34005606174468994
0.340202659368515
0.3403491675853729
0.340495765209198
0.3406425714492798
0.34078922867774963
0.34093594551086426
0.3410830497741699
0.3412300944328308
0.3413771092891693
0.3415241539478302
0.34167131781578064
0.3418184816837311
0.34196606278419495
0.3421133756637573
0.3422608971595764
0.3424083888530731
0.3425559401512146
0.342703640460968
0.3428516983985901
0.3429994583129883
0.3431474268436432
0.3432953953742981
0.34344345331192017
0.3435915410518646
0.3437398374080658
0.34388813376426697
0.34403660893440247
0.34418508410453796
0.3443334400653839
0.34448209404945374
0.3446309268474579
0.34477949142456055
0.3449283242225647
0.3450772762298584
0.3452262282371521
0.3453751802444458
0.34552451968193054
0.34567365050315857
0.34582284092903137
0.3459722399711609
0.34612151980400085
0.3462710678577423
0.3464207947254181
0.3465704321861267
0.3467201292514801
0.34686991572380066
0.34701964259147644
0.3471696674823761
0.3473198413848877
0.3474699854850769
0.34762001037597656
0.3477703928947449
0.34792062640190125
0.34807088971138
0.3482216000556946
0.3483721613883972
0.34852272272109985
0.3486734628677368
0.34882423281669617
0.34897515177726746
0.3491261899471283
0.34927716851234436
0.3494282364845276
0.34957942366600037
0.3497306704521179
0.34988194704055786
0.35003358125686646
0.35018497705459595
0.35033655166625977
0.3504880964756012
0.3506399095058441
0.35079166293144226
0.3509436845779419
0.3510955274105072
0.3512476086616516
0.351399689912796
0.3515518605709076
0.35170412063598633
0.35185664892196655
0.3520090579986572
0.3521614968776703
0.35231414437294006
0.3524667024612427
0.3526194095611572
0.3527725338935852
0.35292527079582214
0.35307833552360535
0.3532313108444214
0.35338446497917175
0.3535376489162445
0.35369110107421875
0.35384443402290344
0.3539978563785553
0.3541514277458191
0.3543050289154053
0.35445863008499146
0.35461270809173584
0.3547663986682892
0.35492023825645447
0.35507434606552124
0.35522839426994324
0.3553825914859772
0.3555369973182678
0.3556913733482361
0.35584574937820435
0.356000155210495
0.3561546802520752
0.3563093841075897
0.3564644157886505
0.35661911964416504
0.3567739725112915
0.35692891478538513
0.35708388686180115
0.35723915696144104
0.35739463567733765
0.357549786567688
0.3577052056789398
0.35786059498786926
0.35801616311073303
0.35817188024520874
0.3583277463912964
0.3584834039211273
0.3586393892765045
0.35879528522491455
0.35895124077796936
0.3591074049472809
0.3592638671398163
0.35942012071609497
0.3595764636993408
0.3597330152988434
0.359889417886734
0.3600460886955261
0.3602028489112854
0.36035969853401184
0.36051657795906067
0.36067360639572144
0.3608304560184479
0.3609875440597534
0.36114510893821716
0.3613021671772003
0.3614596426486969
0.3616170585155487
0.3617745339870453
0.3619322180747986
0.3620900809764862
0.36224785447120667
0.3624057471752167
0.3625636398792267
0.36272168159484863
0.36287975311279297
0.36303821206092834
0.36319655179977417
0.36335471272468567
0.3635132610797882
0.36367174983024597
0.3638305068016052
0.36398935317993164
0.3641481101512909
0.3643069267272949
0.36446595191955566
0.3646250069141388
0.36478400230407715
0.3649435341358185
0.3651028275489807
0.36526215076446533
0.36542171239852905
0.3655812442302704
0.36574095487594604
0.36590075492858887
0.36606061458587646
0.3662203550338745
0.3663802742958069
0.36654046177864075
0.36670055985450745
0.366860955953598
0.3670213520526886
0.3671819567680359
0.3673422634601593
0.3675028085708618
0.36766356229782104
0.3678244948387146
0.3679852783679962
0.36814621090888977
0.3683072030544281
0.368468314409256
0.3686295747756958
0.36879098415374756
0.36895230412483215
0.3691138029098511
0.36927530169487
0.3694368898868561
0.3695988059043884
0.3697606921195984
0.36992254853248596
0.3700844347476959
0.3702464699745178
0.3704085946083069
0.3705708980560303
0.3707333207130432
0.370895653963089
0.3710581958293915
0.37122076749801636
0.3713834583759308
0.3715463876724243
0.37170925736427307
0.3718721270561218
0.3720351457595825
0.3721982538700104
0.3723614811897278
0.3725246787071228
0.3726882040500641
0.372851699590683
0.3730151951313019
0.3731789290904999
0.3733426332473755
0.3735065162181854
0.373670369386673
0.37383437156677246
0.3739985227584839
0.3741627037525177
0.3743268847465515
0.3744911849498749
0.3746558427810669
0.374820351600647
0.37498489022254944
0.3751496970653534
0.37531429529190063
0.37547940015792847
0.3756445348262787
0.3758094608783722
0.37597453594207764
0.37613973021507263
0.37630513310432434
0.3764704465866089
0.37663617730140686
0.3768016993999481
0.37696728110313416
0.3771330416202545
0.37729892134666443
0.37746503949165344
0.3776310384273529
0.3777971565723419
0.37796318531036377
0.37812963128089905
0.3782959580421448
0.37846240401268005
0.37862923741340637
0.37879568338394165
0.37896254658699036
0.37912943959236145
0.37929633259773254
0.3794635534286499
0.37963056564331055
0.37979772686958313
0.37996500730514526
0.38013240694999695
0.3802998960018158
0.3804674744606018
0.3806350827217102
0.38080281019210815
0.38097071647644043
0.3811386227607727
0.3813064992427826
0.38147488236427307
0.3816430866718292
0.38181114196777344
0.3819795846939087
0.38214802742004395
0.38231655955314636
0.3824853003025055
0.3826541006565094
0.3828228712081909
0.3829917013645172
0.3831607401371002
0.38332971930503845
0.38349902629852295
0.3836684226989746
0.38383784890174866
0.384007066488266
0.3841766119003296
0.38434621691703796
0.38451623916625977
0.38468602299690247
0.3848559260368347
0.38502588868141174
0.38519588112831116
0.38536593317985535
0.3855364918708801
0.3857068419456482
0.38587722182273865
0.3860476613044739
0.3862183094024658
0.386388897895813
0.38656002283096313
0.3867309093475342
0.3869018256664276
0.38707298040390015
0.3872440457344055
0.3874152898788452
0.38758689165115356
0.3877582848072052
0.3879297971725464
0.3881014287471771
0.38827309012413025
0.3884449601173401
0.3886169195175171
0.3887889087200165
0.38896098732948303
0.38913318514823914
0.38930544257164
0.38947775959968567
0.3896503746509552
0.38982290029525757
0.3899954855442047
0.390168160200119
0.3903409242630005
0.39051374793052673
0.390686959028244
0.39086011052131653
0.39103320240974426
0.39120644330978394
0.39137977361679077
0.3915531635284424
0.39172688126564026
0.3919006884098053
0.392074316740036
0.3922481834888458
0.3924219012260437
0.39259588718414307
0.39277029037475586
0.39294442534446716
0.3931187689304352
0.39329296350479126
0.39346742630004883
0.393641859292984
0.3938167095184326
0.39399150013923645
0.3941662907600403
0.3943410813808441
0.39451611042022705
0.39469122886657715
0.3948666751384735
0.3950418531894684
0.3952171504497528
0.39539268612861633
0.39556819200515747
0.39574384689331055
0.3959197402000427
0.3960956335067749
0.3962714970111847
0.39644742012023926
0.39662352204322815
0.3967997431755066
0.3969762325286865
0.3971525728702545
0.3973290026187897
0.39750558137893677
0.397682249546051
0.39785897731781006
0.3980359435081482
0.39821285009384155
0.39838990569114685
0.39856699109077454
0.3987441658973694
0.39892151951789856
0.3990991413593292
0.3992764949798584
0.3994540274143219
0.3996317982673645
0.39980944991111755
0.39998728036880493
0.4001654386520386
0.40034350752830505
0.40052157640457153
0.4006998836994171
0.40087801218032837
0.4010564386844635
0.40123528242111206
0.4014137089252472
0.4015924036502838
0.40177103877067566
0.4019498825073242
0.4021289050579071
0.4023081362247467
0.40248724818229675
0.40266653895378113
0.40284574031829834
0.4030250906944275
0.40320467948913574
0.4033844470977783
0.4035641551017761
0.4037438929080963
0.40392374992370605
0.40410369634628296
0.40428364276885986
0.4044640362262726
0.40464428067207336
0.4048246145248413
0.4050050377845764
0.4051855206489563
0.40536609292030334
0.40554699301719666
0.405727744102478
0.40590864419937134
0.4060896337032318
0.4062706530094147
0.4064517915248871
0.40663331747055054
0.4068145453929901
0.40699607133865356
0.4071773290634155
0.4073590636253357
0.40754079818725586
0.4077228307723999
0.4079047441482544
0.4080866277217865
0.4082687795162201
0.40845078229904175
0.4086330533027649
0.4088156521320343
0.40899813175201416
0.4091806709766388
0.409363329410553
0.4095458388328552
0.4097287058830261
0.4099118709564209
0.4100947976112366
0.4102778732776642
0.41046109795570374
0.4106443226337433
0.41082772612571716
0.41101136803627014
0.41119489073753357
0.4113784730434418
0.4115622341632843
0.41174596548080444
0.4119298458099365
0.41211405396461487
0.4122982323169708
0.4124823212623596
0.4126666486263275
0.4128510057926178
0.41303545236587524
0.41322019696235657
0.41340479254722595
0.41358962655067444
0.41377440094947815
0.4139592945575714
0.4141443371772766
0.4143295884132385
0.4145148992538452
0.41470009088516235
0.4148854613304138
0.4150708317756653
0.4152562916278839
0.4154423177242279
0.41562795639038086
0.4158138334751129
0.4159996807575226
0.4161857068538666
0.41637182235717773
0.4165583550930023
0.4167446196079254
0.4169308841228485
0.4171174168586731
0.4173039495944977
0.41749054193496704
0.4176775813102722
0.4178643822669983
0.41805127263069153
0.4182383120059967
0.4184253215789795
0.41861262917518616
0.4187999665737152
0.4189874529838562
0.41917502880096436
0.41936245560646057
0.41955024003982544
0.4197377860546112
0.4199259281158447
0.4201138913631439
0.4203019142150879
0.420490026473999
0.4206782281398773
0.4208665192127228
0.4210550785064697
0.4212436378002167
0.42143210768699646
0.42162078619003296
0.4218095541000366
0.42199844121932983
0.4221876263618469
0.4223765730857849
0.42256584763526917
0.4227549135684967
0.4229441285133362
0.42313385009765625
0.42332327365875244
0.4235128164291382
0.4237024784088135
0.42389222979545593
0.42408207058906555
0.4242720901966095
0.42446228861808777
0.4246525764465332
0.42484256625175476
0.42503294348716736
0.4252232313156128
0.42541393637657166
0.42560452222824097
0.42579516768455505
0.4259859323501587
0.4261767864227295
0.42636778950691223
0.42655864357948303
0.4267500936985016
0.426941454410553
0.42713257670402527
0.4273240268230438
0.4275154173374176
0.4277072846889496
0.42789900302886963
0.4280906319618225
0.42828238010406494
0.42847445607185364
0.428666353225708
0.42885836958885193
0.42905083298683167
0.42924317717552185
0.42943570017814636
0.42962804436683655
0.4298206865787506
0.4300135374069214
0.4302062690258026
0.4303991198539734
0.4305920898914337
0.43078500032424927
0.43097802996635437
0.4311712980270386
0.43136486411094666
0.43155819177627563
0.43175166845321655
0.43194520473480225
0.4321388006210327
0.432332843542099
0.4325266480445862
0.4327205717563629
0.4329145550727844
0.4331085681915283
0.43330293893814087
0.4334971010684967
0.4336916506290436
0.43388617038726807
0.43408066034317017
0.43427523970603943
0.43446996808052063
0.43466508388519287
0.4348600208759308
0.4350549578666687
0.43525010347366333
0.43544521927833557
0.4356403350830078
0.4358358383178711
0.4360314905643463
0.436227023601532
0.4364226758480072
0.4366183876991272
0.4368140697479248
0.4370102882385254
0.4372062683105469
0.4374023377895355
0.43759846687316895
0.4377947747707367
0.4379909932613373
0.43818753957748413
0.43838420510292053
0.43858084082603455
0.43877753615379333
0.4389743208885193
0.43917110562324524
0.43936848640441895
0.43956542015075684
0.43976259231567383
0.4399597644805908
0.44015705585479736
0.4403545558452606
0.4405520260334015
0.4407499134540558
0.4409475028514862
0.44114524126052856
0.4413430690765381
0.4415411055088043
0.4417392909526825
0.44193747639656067
0.44213560223579407
0.44233402609825134
0.4425323009490967
0.44273075461387634
0.4429294168949127
0.4431283473968506
0.44332700967788696
0.4435257613658905
0.44372478127479553
0.4439237713813782
0.44412317872047424
0.4443223178386688
0.4445214569568634
0.44472092390060425
0.4449203908443451
0.44511982798576355
0.44531965255737305
0.4455195665359497
0.44571933150291443
0.44591912627220154
0.44611912965774536
0.4463193416595459
0.44651976227760315
0.4467198848724365
0.446920245885849
0.44712069630622864
0.44732123613357544
0.44752180576324463
0.4477226734161377
0.44792360067367554
0.44812440872192383
0.44832536578178406
0.4485263526439667
0.44872742891311646
0.4489290118217468
0.44913023710250854
0.4493316411972046
0.4495331943035126
0.4497345983982086
0.44993647933006287
0.45013853907585144
0.450340211391449
0.4505420923233032
0.4507441818714142
0.4509464204311371
0.45114848017692566
0.45135095715522766
0.4515533745288849
0.4517558217048645
0.4519582688808441
0.4521609842777252
0.4523637592792511
0.4525667130947113
0.4527696967124939
0.45297253131866455
0.4531755745410919
0.4533788859844208
0.45358210802078247
0.45378565788269043
0.45398905873298645
0.4541926085948944
0.45439615845680237
0.4545997083187103
0.45480358600616455
0.45500773191452026
0.4552116096019745
0.4554157257080078
0.4556196630001068
0.455824077129364
0.45602816343307495
0.45623287558555603
0.456437349319458
0.4566418528556824
0.4568464457988739
0.45705118775367737
0.4572559893131256
0.4574611783027649
0.4576662480831146
0.45787131786346436
0.45807626843452454
0.45828166604042053
0.45848700404167175
0.4586926996707916
0.45889806747436523
0.4591037929058075
0.459309458732605
0.45951515436172485
0.45972108840942383
0.4599272608757019
0.4601331949234009
0.46033936738967896
0.4605456292629242
0.4607519507408142
0.46095821261405945
0.4611649215221405
0.46137145161628723
0.4615781903266907
0.4617849290370941
0.4619917571544647
0.46219852566719055
0.462405800819397
0.4626128673553467
0.46282002329826355
0.4630272090435028
0.4632345736026764
0.46344199776649475
0.4636496901512146
0.4638572931289673
0.4640650451183319
0.46427273750305176
0.46448054909706116
0.46468859910964966
0.4648968577384949
0.46510493755340576
0.46531298756599426
0.4655214846134186
0.46572980284690857
0.4659382104873657
0.466146856546402
0.4663555920124054
0.4665642976760864
0.46677300333976746
0.46698197722435
0.46719080209732056
0.4674002230167389
0.46760934591293335
0.4678185284137726
0.4680279493331909
0.46823734045028687
0.4684467613697052
0.4686564803123474
0.46886610984802246
0.46907588839530945
0.4692857265472412
0.4694957137107849
0.4697055220603943
0.4699159562587738
0.47012612223625183
0.4703364372253418
0.4705468714237213
0.47075724601745605
0.4709676206111908
0.47117847204208374
0.47138914465904236
0.4715999364852905
0.4718107283115387
0.47202160954475403
0.47223275899887085
0.47244396805763245
0.47265517711639404
0.4728664755821228
0.4730778932571411
0.47328922152519226
0.47350069880485535
0.473712682723999
0.4739243984222412
0.4741361737251282
0.47434794902801514
0.4745599329471588
0.47477200627326965
0.47498440742492676
0.4751965403556824
0.47540897130966187
0.4756212830543518
0.4758337140083313
0.47604605555534363
0.47625917196273804
0.4764719307422638
0.4766846299171448
0.47689756751060486
0.47711044549942017
0.4773235321044922
0.4775369465351105
0.47775015234947205
0.47796347737312317
0.47817668318748474
0.47839027643203735
0.4786038100719452
0.47881773114204407
0.4790315628051758
0.4792453944683075
0.4794592261314392
0.4796730875968933
0.4798872172832489
0.480101615190506
0.4803159236907959
0.4805302321910858
0.48074454069137573
0.48095905780792236
0.48117366433143616
0.4813885986804962
0.4816032648086548
0.48181816935539246
0.48203301429748535
0.482247918844223
0.482463002204895
0.48267853260040283
0.4828936457633972
0.4831090271472931
0.48332446813583374
0.4835399091243744
0.483755499124527
0.4839715361595154
0.48418718576431274
0.484403133392334
0.4846188426017761
0.4848349094390869
0.48505109548568726
0.4852675795555115
0.4854837656021118
0.48569995164871216
0.48591649532318115
0.48613300919532776
0.4863494336605072
0.486566424369812
0.4867832362651825
0.48700013756752014
0.48721688985824585
0.48743388056755066
0.48765096068382263
0.48786836862564087
0.4880857765674591
0.4883030354976654
0.48852038383483887
0.4887380003929138
0.4889555871486664
0.4891735017299652
0.48939114809036255
0.4896089732646942
0.48982691764831543
0.49004489183425903
0.49026334285736084
0.4904814064502716
0.49069955945014954
0.490917831659317
0.4911363124847412
0.4913550317287445
0.4915734827518463
0.4917925000190735
0.4920111894607544
0.4922299385070801
0.4924488365650177
0.49266788363456726
0.4928872585296631
0.4931063950061798
0.49332568049430847
0.4935450255870819
0.4937642514705658
0.49398374557495117
0.49420326948165894
0.4944232404232025
0.49464306235313416
0.494862824678421
0.4950827360153198
0.49530264735221863
0.4955230951309204
0.4957433342933655
0.495963454246521
0.4961837828159332
0.4964042007923126
0.49662473797798157
0.49684521555900574
0.4970661401748657
0.4972868263721466
0.4975074231624603
0.49772852659225464
0.4979495108127594
0.4981709420681
0.49839189648628235
0.4986130893230438
0.4988344609737396
0.49905580282211304
0.4992772340774536
0.49949878454208374
0.49972081184387207
0.49994245171546936
0.500164270401001
0.5003861784934998
0.5006080865859985
0.5008304119110107
0.5010524988174438
0.5012746453285217
0.5014969110488892
0.5017193555831909
0.5019416809082031
0.5021643042564392
0.5023873448371887
0.50260990858078
0.5028325915336609
0.5030555129051208
0.5032784342765808
0.5035016536712646
0.5037248134613037
0.5039480328559875
0.5041712522506714
0.5043946504592896
0.5046181082725525
0.5048414468765259
0.5050653219223022
0.5052890777587891
0.5055127143859863
0.505736768245697
0.5059604644775391
0.5061848163604736
0.5064089894294739
0.5066330432891846
0.5068573355674744
0.5070817470550537
0.5073060989379883
0.5075305104255676
0.5077553987503052
0.5079800486564636
0.5082047581672668
0.5084295868873596
0.5086545348167419
0.5088797211647034
0.5091047883033752
0.5093297958374023
0.5095549821853638
0.5097802877426147
0.5100057125091553
0.510231077671051
0.5104569792747498
0.5106826424598694
0.5109084248542786
0.5111340880393982
0.5113601088523865
0.5115861892700195
0.5118122696876526
0.5120381116867065
0.5122644305229187
0.5124907493591309
0.512717068195343
0.5129433870315552
0.5131703019142151
0.5133967995643616
0.5136234164237976
0.513850212097168
0.5140770673751831
0.5143042206764221
0.514531135559082
0.5147584080696106
0.5149853825569153
0.5152125954627991
0.5154399871826172
0.515667736530304
0.5158951282501221
0.5161226391792297
0.516350269317627
0.5165781378746033
0.5168058276176453
0.5170340538024902
0.5172619223594666
0.5174899697303772
0.5177180767059326
0.5179463028907776
0.5181745290756226
0.5184030532836914
0.5186315774917603
0.5188601613044739
0.519088625907898
0.5193173885345459
0.5195459723472595
0.5197752714157104
0.5200040936470032
0.520233154296875
0.520462155342102
0.5206913352012634
0.5209205746650696
0.5211501121520996
0.5213794708251953
0.5216089487075806
0.5218386054039001
0.5220680832862854
0.5222977995872498
0.5225279927253723
0.5227577686309814
0.5229878425598145
0.5232179760932922
0.5234478712081909
0.5236781239509583
0.5239085555076599
0.5241389274597168
0.5243693590164185
0.5245999097824097
0.5248305797576904
0.5250612497329712
0.5252922773361206
0.5255231261253357
0.5257540941238403
0.5259850025177002
0.5262159109115601
0.5264471173286438
0.526678740978241
0.5269100666046143
0.5271412134170532
0.5273728370666504
0.527604341506958
0.5278359055519104
0.5280678868293762
0.5282996892929077
0.528531551361084
0.5287634134292603
0.5289954543113708
0.5292275547981262
0.5294600129127502
0.5296922922134399
0.529924750328064
0.5301570296287537
0.5303894281387329
0.5306220054626465
0.5308550000190735
0.5310876369476318
0.5313205718994141
0.531553328037262
0.5317864418029785
0.532019317150116
0.5322529077529907
0.5324859619140625
0.5327193737030029
0.5329525470733643
0.5331860780715942
0.5334196090698242
0.5336534380912781
0.5338870882987976
0.534121036529541
0.5343548655509949
0.5345886945724487
0.5348225831985474
0.5350568294525146
0.5352909564971924
0.535525381565094
0.5357595086097717
0.5359941124916077
0.5362284183502197
0.5364631414413452
0.5366977453231812
0.5369324088096619
0.5371673107147217
0.5374020934104919
0.5376371741294861
0.5378724932670593
0.5381075143814087
0.5383425951004028
0.5385779738426208
0.5388131737709045
0.5390486717224121
0.5392844080924988
0.5395199656486511
0.539755642414093
0.5399912595748901
0.5402269959449768
0.5404627323150635
0.5406990051269531
0.5409351587295532
0.5411712527275085
0.5414074063301086
0.5416435599327087
0.5418800711631775
0.542116641998291
0.5423532128334045
0.5425897240638733
0.5428264141082764
0.5430630445480347
0.5432999730110168
0.5435370802879333
0.5437740683555603
0.544011116027832
0.5442479848861694
0.544485330581665
0.5447226762771606
0.5449602603912354
0.5451976656913757
0.5454351305961609
0.5456727743148804
0.5459104180335999
0.5461480617523193
0.5463863015174866
0.5466241836547852
0.5468620657920837
0.5471000075340271
0.5473381876945496
0.5475764870643616
0.5478149652481079
0.5480533838272095
0.5482916831970215
0.5485303401947021
0.548768937587738
0.5490078330039978
0.549246609210968
0.5494853854179382
0.5497244000434875
0.5499633550643921
0.5502022504806519
0.5504415035247803
0.5506810545921326
0.550920307636261
0.5511595010757446
0.5513989329338074
0.5516386032104492
0.5518783926963806
0.5521180629730225
0.5523577928543091
0.55259770154953
0.5528374910354614
0.5530776977539062
0.5533174872398376
0.5535579919815063
0.5537983179092407
0.5540384650230408
0.5542787313461304
0.5545191764831543
0.5547599792480469
0.5550007224082947
0.5552414059638977
0.5554820895195007
0.5557228922843933
0.5559638142585754
0.5562047362327576
0.5564460754394531
0.5566871762275696
0.5569284558296204
0.5571697354316711
0.5574110150337219
0.5576528310775757
0.5578944087028503
0.558135986328125
0.5583776235580444
0.5586193799972534
0.5588611960411072
0.5591030120849609
0.5593452453613281
0.5595874190330505
0.5598295331001282
0.5600717067718506
0.5603140592575073
0.5605566501617432
0.5607989430427551
0.5610415935516357
0.5612842440605164
0.561526894569397
0.5617695450782776
0.5620124340057373
0.5622556209564209
0.5624985694885254
0.5627413988113403
0.5629845857620239
0.5632277727127075
0.5634714961051941
0.5637146830558777
0.5639582276344299
0.5642017126083374
0.5644452571868896
0.5646887421607971
0.5649325251579285
0.5651767253875732
0.5654205679893494
0.5656646490097046
0.5659086108207703
0.566152811050415
0.5663973093032837
0.5666415691375732
0.5668860077857971
0.5671303272247314
0.5673747658729553
0.567619264125824
0.5678638815879822
0.5681090354919434
0.5683538317680359
0.5685988068580627
0.5688435435295105
0.5690887570381165
0.569334089756012
0.5695791840553284
0.5698244571685791
0.5700696706771851
0.5703149437904358
0.5705605149269104
0.5708061456680298
0.571052074432373
0.5712977647781372
0.5715435147285461
0.5717893242835999
0.5720353722572327
0.5722815990447998
0.5725277066230774
0.5727739334106445
0.5730200409889221
0.5732663869857788
0.5735127329826355
0.573759138584137
0.574006199836731
0.5742526650428772
0.574499249458313
0.5747460722923279
0.574992835521698
0.5752401947975159
0.5754871964454651
0.5757342576980591
0.5759812593460083
0.5762284398078918
0.5764759182929993
0.576723039150238
0.5769709944725037
0.5772184729576111
0.5774661302566528
0.577713668346405
0.5779613852500916
0.578209638595581
0.5784575939178467
0.5787053108215332
0.5789533853530884
0.5792015194892883
0.5794497728347778
0.5796980261802673
0.5799466967582703
0.5801953077316284
0.5804435610771179
0.5806920528411865
0.5809407830238342
0.5811898708343506
0.5814386010169983
0.5816874504089355
0.5819363594055176
0.5821853280067444
0.5824345350265503
0.5826835036277771
0.5829331874847412
0.5831823945045471
0.5834318399429321
0.5836814045906067
0.5839307904243469
0.5841808319091797
0.5844305753707886
0.5846803784370422
0.5849301218986511
0.5851799249649048
0.5854300260543823
0.5856800079345703
0.585930585861206
0.5861807465553284
0.586431086063385
0.5866813659667969
0.5869318246841431
0.5871827006340027
0.5874331593513489
0.5876837372779846
0.5879346132278442
0.5881853699684143
0.5884363651275635
0.5886871814727783
0.5889387130737305
0.5891897678375244
0.5894407629966736
0.5896921157836914
0.5899434089660645
0.5901952981948853
0.5904465913772583
0.5906981825828552
0.5909498333930969
0.5912014842033386
0.5914532542228699
0.5917050838470459
0.5919573903083801
0.5922093987464905
0.5924614071846008
0.5927136540412903
0.5929659008979797
0.5932186245918274
0.5934709310531616
0.5937231779098511
0.5939757227897644
0.5942283272743225
0.5944809317588806
0.5947336554527283
0.5949867963790894
0.5952398180961609
0.5954925417900085
0.595745861530304
0.5959988832473755
0.5962523818016052
0.5965056419372559
0.5967589020729065
0.5970122218132019
0.5972658395767212
0.5975192189216614
0.5977728962898254
0.5980271100997925
0.5982808470726013
0.5985347032546997
0.5987884998321533
0.5990424156188965
0.5992969870567322
0.5995509624481201
0.5998052358627319
0.6000593304634094
0.6003137826919556
0.6005683541297913
0.6008227467536926
0.601077675819397
0.6013323068618774
0.6015869379043579
0.601841926574707
0.602096676826477
0.6023520827293396
0.6026071310043335
0.6028621196746826
0.6031174063682556
0.6033727526664734
0.6036278605461121
0.6038832664489746
0.6041392087936401
0.6043946146965027
0.6046502590179443
0.6049060225486755
0.6051617860794067
0.6054178476333618
0.6056737899780273
0.6059298515319824
0.6061856746673584
0.606441855430603
0.6066980361938477
0.6069543957710266
0.6072109937667847
0.6074674129486084
0.6077240109443665
0.607980489730835
0.6082371473312378
0.6084940433502197
0.6087509393692017
0.6090077757835388
0.6092647910118103
0.6095218062400818
0.6097788214683533
0.6100363731384277
0.6102936267852783
0.6105507612228394
0.6108081936836243
0.6110655665397644
0.6113232374191284
0.611581027507782
0.6118388175964355
0.6120965480804443
0.6123541593551636
0.6126121282577515
0.6128700375556946
0.6131283640861511
0.6133866310119629
0.6136446595191956
0.6139029264450073
0.6141611337661743
0.6144196391105652
0.6146784424781799
0.6149370670318604
0.615195631980896
0.6154541969299316
0.6157130599021912
0.6159718036651611
0.6162309646606445
0.6164899468421936
0.6167490482330322
0.6170081496238708
0.6172672510147095
0.6175265312194824
0.6177862286567688
0.6180457472801208
0.6183052062988281
0.6185646653175354
0.6188241243362427
0.6190840601921082
0.6193440556526184
0.6196038722991943
0.6198636889457703
0.6201237440109253
0.6203839182853699
0.6206441521644592
0.6209047436714172
0.621164858341217
0.6214253306388855
0.6216855645179749
0.6219462752342224
0.6222065091133118
0.6224676966667175
0.6227282881736755
0.6229889988899231
0.6232499480247498
0.6235108375549316
0.6237720251083374
0.6240333914756775
0.6242945194244385
0.6245555877685547
0.6248169541358948
0.6250783801078796
0.6253397464752197
0.6256015300750732
0.6258631348609924
0.6261248588562012
0.6263865828514099
0.6266483068466187
0.6269100904464722
0.6271724104881287
0.6274345517158508
0.6276964545249939
0.6279585957527161
0.6282207369804382
0.6284831166267395
0.6287457942962646
0.6290081739425659
0.6292707920074463
0.6295333504676819
0.6297960877418518
0.630058765411377
0.6303219199180603
0.6305849552154541
0.630847692489624
0.6311106085777283
0.6313738822937012
0.6316373944282532
0.6319005489349365
0.6321638226509094
0.6324271559715271
0.6326906681060791
0.6329541802406311
0.6332176923751831
0.6334815621376038
0.6337453126907349
0.6340091228485107
0.6342730522155762
0.6345371007919312
0.6348013281822205
0.6350655555725098
0.6353296637535095
0.635593831539154
0.6358581185340881
0.636122465133667
0.6363868713378906
0.6366518139839172
0.63691645860672
0.6371811032295227
0.6374456882476807
0.6377105116844177
0.6379756927490234
0.6382408738136292
0.6385055780410767
0.6387707591056824
0.6390359997749329
0.6393011212348938
0.6395664811134338
0.6398322582244873
0.6400977373123169
0.6403630971908569
0.6406286358833313
0.64089435338974
0.6411604285240173
0.6414262056350708
0.6416919827461243
0.6419580578804016
0.6422240138053894
0.6424902081489563
0.6427562832832336
0.643022894859314
0.6432892084121704
0.6435555219650269
0.6438218355178833
0.6440883874893188
0.6443554162979126
0.6446217894554138
0.6448885202407837
0.6451554298400879
0.6454221606254578
0.6456893682479858
0.6459562182426453
0.6462236642837524
0.6464906930923462
0.6467580795288086
0.6470252275466919
0.6472926735877991
0.6475604772567749
0.6478279232978821
0.648095428943634
0.6483631134033203
0.6486309170722961
0.6488986015319824
0.6491662859916687
0.6494346857070923
0.6497026681900024
0.6499708890914917
0.6502385139465332
0.6505071520805359
0.6507757902145386
0.6510438919067383
0.6513124704360962
0.6515809893608093
0.6518493294715881
0.6521180868148804
0.6523869037628174
0.652655839920044
0.652924656867981
0.6531936526298523
0.6534624695777893
0.6537315845489502
0.6540010571479797
0.6542701721191406
0.6545394062995911
0.654808759689331
0.6550783514976501
0.6553476452827454
0.6556172966957092
0.6558873057365417
0.6561568975448608
0.6564265489578247
0.6566963791847229
0.6569662690162659
0.6572366952896118
0.6575067639350891
0.6577768921852112
0.6580469608306885
0.6583172082901001
0.6585873961448669
0.6588577628135681
0.6591286659240723
0.6593990325927734
0.659669816493988
0.6599403619766235
0.6602111458778381
0.6604821681976318
0.6607532501220703
0.661024272441864
0.6612950563430786
0.6615660786628723
0.6618372201919556
0.6621084809303284
0.6623802185058594
0.6626515984535217
0.6629229784011841
0.6631942987442017
0.6634660363197327
0.6637380123138428
0.6640098094940186
0.6642814874649048
0.6645532250404358
0.6648251414299011
0.665097177028656
0.6653692722320557
0.665641725063324
0.665913999080658
0.6661862134933472
0.6664585471153259
0.6667307615280151
0.6670038104057312
0.6672765016555786
0.6675488352775574
0.6678215861320496
0.6680942177772522
0.6683672666549683
0.6686398983001709
0.6689133644104004
0.6691864132881165
0.6694594621658325
0.6697326898574829
0.6700058579444885
0.6702793836593628
0.6705527901649475
0.6708263158798218
0.6710997819900513
0.6713734269142151
0.6716471910476685
0.671920895576477
0.6721950173377991
0.6724686026573181
0.6727425456047058
0.6730167269706726
0.6732906699180603
0.6735652089118958
0.6738394498825073
0.6741135716438293
0.6743881106376648
0.6746626496315002
0.6749370694160461
0.6752116084098816
0.6754866242408752
0.6757612824440002
0.6760357618331909
0.6763108968734741
0.6765856742858887
0.6768608689308167
0.6771360635757446
0.6774110794067383
0.6776863932609558
0.6779614686965942
0.6782367825508118
0.6785120368003845
0.6787880659103394
0.679063618183136
0.6793389916419983
0.679614782333374
0.6798903942108154
0.6801666617393494
0.6804424524307251
0.680718719959259
0.68099445104599
0.6812703609466553
0.6815465092658997
0.6818228363990784
0.6820994019508362
0.6823755502700806
0.6826520562171936
0.6829288601875305
0.6832051277160645
0.6834822297096252
0.6837589740753174
0.6840355396270752
0.6843122839927673
0.6845893859863281
0.6848663091659546
0.6851431131362915
0.6854207515716553
0.6856979727745056
0.6859750151634216
0.6862524747848511
0.6865296959877014
0.6868075728416443
0.6870851516723633
0.687362551689148
0.6876403093338013
0.6879178881645203
0.6881957650184631
0.688473641872406
0.6887518167495728
0.6890299320220947
0.6893078088760376
0.6895859837532043
0.6898641586303711
0.6901429295539856
0.6904211640357971
0.690699577331543
0.6909781098365784
0.6912565231323242
0.6915350556373596
0.6918135285377502
0.6920929551124573
0.6923716068267822
0.6926506161689758
0.6929293870925903
0.6932082772254944
0.6934880614280701
0.6937670707702637
0.6940462589263916
0.6943256258964539
0.6946048736572266
0.6948842406272888
0.6951638460159302
0.6954437494277954
0.695723295211792
0.6960029602050781
0.6962827444076538
0.6965623497962952
0.6968427300453186
0.6971226930618286
0.6974026560783386
0.697682797908783
0.6979630589485168
0.698243260383606
0.6985239386558533
0.6988041400909424
0.6990846395492554
0.6993652582168579
0.6996458172798157
0.699926495552063
0.7002075910568237
0.700488269329071
0.7007688879966736
0.7010498642921448
0.7013311982154846
0.7016119956970215
0.7018933296203613
0.7021745443344116
0.7024558782577515
0.702737033367157
0.7030184864997864
0.7033000588417053
0.7035818099975586
0.7038633227348328
0.7041448950767517
0.7044268846511841
0.7047086358070374
0.7049903273582458
0.7052724957466125
0.7055546045303345
0.7058365345001221
0.7061188220977783
0.7064009308815002
0.706683337688446
0.7069660425186157
0.7072484493255615
0.7075307369232178
0.7078132629394531
0.7080957889556885
0.7083785533905029
0.7086615562438965
0.7089443206787109
0.7092273235321045
0.7095099687576294
0.7097932696342468
0.7100763320922852
0.7103595733642578
0.7106426954269409
0.710926353931427
0.7112095952033997
0.7114927768707275
0.7117763161659241
0.7120601534843445
0.7123437523841858
0.7126274704933167
0.7129110097885132
0.7131947875022888
0.7134788632392883
0.7137631177902222
0.7140471935272217
0.7143311500549316
0.7146153450012207
0.7148995399475098
0.7151838541030884
0.7154684662818909
0.7157527208328247
0.7160372138023376
0.7163217663764954
0.7166064977645874
0.7168909907341003
0.7171763181686401
0.717461109161377
0.717745840549469
0.7180307507514954
0.7183157205581665
0.7186005115509033
0.7188863754272461
0.7191714644432068
0.7194565534591675
0.719741940498352
0.7200274467468262
0.7203130722045898
0.7205988168716431
0.720884382724762
0.7211700677871704
0.7214556932449341
0.7217416763305664
0.7220277786254883
0.7223137617111206
0.7225996255874634
0.7228858470916748
0.7231718301773071
0.7234580516815186
0.7237445116043091
0.7240310311317444
0.7243174910545349
0.7246038317680359
0.724890410900116
0.7251770496368408
0.7254640460014343
0.7257506251335144
0.7260375022888184
0.7263244986534119
0.7266113758087158
0.7268983721733093
0.7271853089332581
0.727472722530365
0.7277599573135376
0.7280471920967102
0.7283345460891724
0.728621780872345
0.7289097905158997
0.7291973829269409
0.7294848561286926
0.7297723293304443
0.7300601601600647
0.7303481101989746
0.7306358814239502
0.7309241890907288
0.7312121987342834
0.7315000891685486
0.7317883372306824
0.7320765852928162
0.7323651313781738
0.7326533198356628
0.732941746711731
0.7332302331924438
0.7335187196731567
0.7338071465492249
0.7340959310531616
0.7343849539756775
0.7346736788749695
0.7349626421928406
0.7352515459060669
0.7355403304100037
0.7358298897743225
0.7361189723014832
0.7364080548286438
0.7366974353790283
0.7369863390922546
0.7372758984565735
0.7375655174255371
0.7378553748130798
0.7381449341773987
0.7384344339370728
0.7387239336967468
0.7390139698982239
0.7393040060997009
0.7395939826965332
0.7398836016654968
0.7401739954948425
0.7404640316963196
0.740754246711731
0.7410444021224976
0.7413349151611328
0.7416252493858337
0.7419158220291138
0.7422060966491699
0.7424966096878052
0.7427878975868225
0.7430784702301025
0.7433690428733826
0.7436601519584656
0.7439509034156799
0.7442417144775391
0.7445325255393982
0.7448240518569946
0.745115339756012
0.745406448841095
0.7456977963447571
0.7459889650344849
0.74628084897995
0.7465722560882568
0.7468639612197876
0.7471554279327393
0.74744713306427
0.747738778591156
0.748030424118042
0.7483225464820862
0.7486146092414856
0.7489065527915955
0.7491987347602844
0.7494906187057495
0.7497832179069519
0.75007563829422
0.7503678798675537
0.7506601810455322
0.7509526014328003
0.7512452006340027
0.7515376806259155
0.7518306970596313
0.7521234154701233
0.7524161338806152
0.752709150314331
0.7530019283294678
0.7532953023910522
0.7535879611968994
0.7538812160491943
0.7541744112968445
0.7544675469398499
0.7547609806060791
0.7550541162490845
0.7553480863571167
0.755641758441925
0.75593501329422
0.7562284469604492
0.7565221786499023
0.7568163871765137
0.7571101188659668
0.7574039697647095
0.7576977014541626
0.7579919099807739
0.7582859992980957
0.7585799098014832
0.7588744163513184
0.7591688632965088
0.7594631314277649
0.7597576379776001
0.7600517868995667
0.7603467106819153
0.7606414556503296
0.7609361410140991
0.7612307667732239
0.761525571346283
0.761820375919342
0.7621150612831116
0.762410581111908
0.7627055048942566
0.7630006074905396
0.7632956504821777
0.7635909914970398
0.7638866305351257
0.7641819715499878
0.7644773721694946
0.7647727727890015
0.7650684118270874
0.765363872051239
0.765659749507904
0.7659558057785034
0.7662515044212341
0.7665475606918335
0.7668430805206299
0.7671390771865845
0.7674356698989868
0.7677318453788757
0.7680280804634094
0.7683242559432983
0.7686205506324768
0.7689167261123657
0.7692133188247681
0.7695102691650391
0.7698068022727966
0.7701032757759094
0.7704001069068909
0.7706968784332275
0.7709940671920776
0.7712910175323486
0.7715880274772644
0.7718849182128906
0.7721821069717407
0.7724789977073669
0.7727762460708618
0.7730738520622253
0.7733712792396545
0.7736687660217285
0.7739661335945129
0.7742635011672974
0.7745617032051086
0.7748593091964722
0.77515709400177
0.7754546999931335
0.7757525444030762
0.7760503888130188
0.7763484120368958
0.7766470313072205
0.7769449949264526
0.7772431373596191
0.7775412797927856
0.7778395414352417
0.7781385183334351
0.7784367203712463
0.7787350416183472
0.7790337204933167
0.7793325185775757
0.7796310782432556
0.779929518699646
0.7802292108535767
0.7805278897285461
0.78082674741745
0.7811259031295776
0.7814249396324158
0.7817243337631226
0.7820234894752502
0.7823228240013123
0.7826219201087952
0.7829213738441467
0.7832207679748535
0.7835203409194946
0.7838202714920044
0.7841198444366455
0.7844197750091553
0.7847194075584412
0.785019040107727
0.7853195071220398
0.7856194972991943
0.785919725894928
0.7862194776535034
0.7865195870399475
0.7868197560310364
0.7871201634407043
0.787420928478241
0.7877212762832642
0.7880216240882874
0.7883222103118896
0.7886226773262024
0.7889237999916077
0.7892244458198547
0.7895252704620361
0.7898260951042175
0.7901269197463989
0.7904278635978699
0.7907290458679199
0.79103022813797
0.7913314700126648
0.7916327118873596
0.7919339537620544
0.7922353744506836
0.7925372123718262
0.7928386330604553
0.793140172958374
0.7934417724609375
0.7937435507774353
0.7940452098846436
0.7943474650382996
0.7946494221687317
0.7949510216712952
0.7952531576156616
0.7955549955368042
0.7958572506904602
0.796159565448761
0.7964617609977722
0.7967641949653625
0.7970665097236633
0.7973689436912537
0.7976715564727783
0.7979742884635925
0.7982770800590515
0.7985796332359314
0.7988823652267456
0.7991852164268494
0.7994881272315979
0.7997913956642151
0.8000944256782532
0.800397515296936
0.8007004261016846
0.801003634929657
0.8013068437576294
0.80161052942276
0.8019141554832458
0.8022173047065735
0.8025208115577698
0.8028244972229004
0.8031278252601624
0.8034321069717407
0.8037358522415161
0.804039478302002
0.8043432831764221
0.8046474456787109
0.8049514293670654
0.8052558302879333
0.8055599927902222
0.805864155292511
0.806168258190155
0.806472659111023
0.8067770004272461
0.8070818781852722
0.8073863983154297
0.8076907992362976
0.8079955577850342
0.8083001971244812
0.8086048364639282
0.808910071849823
0.8092148900032043
0.8095200657844543
0.8098248839378357
0.8101300001144409
0.8104349374771118
0.8107407093048096
0.8110459446907043
0.8113511204719543
0.8116567134857178
0.8119621276855469
0.8122673630714417
0.8125733137130737
0.8128791451454163
0.8131846785545349
0.8134905099868774
0.8137962818145752
0.814102292060852
0.8144087195396423
0.8147146701812744
0.8150207996368408
0.8153268098831177
0.8156329393386841
0.8159392476081848
0.8162457942962646
0.8165522813796997
0.81685870885849
0.8171652555465698
0.8174718618392944
0.817778468132019
0.8180856704711914
0.8183920979499817
0.8186990022659302
0.8190057277679443
0.8193128108978271
0.8196202516555786
0.8199272751808167
0.8202341794967651
0.8205414414405823
0.8208489418029785
0.8211560249328613
0.8214635252952576
0.8217713236808777
0.8220787644386292
0.8223862648010254
0.8226938247680664
0.8230018615722656
0.8233098983764648
0.823617696762085
0.8239254355430603
0.8242336511611938
0.8245415687561035
0.8248497843742371
0.825157642364502
0.8254663944244385
0.8257743716239929
0.826082706451416
0.8263912796974182
0.826699435710907
0.8270086050033569
0.82731693983078
0.8276256322860718
0.8279342651367188
0.8282431364059448
0.8285519480705261
0.8288608193397522
0.8291701674461365
0.8294789791107178
0.8297879695892334
0.8300971984863281
0.8304064869880676
0.8307161927223206
0.8310256004333496
0.8313349485397339
0.8316442370414734
0.8319538235664368
0.8322631120681763
0.8325727581977844
0.8328829407691956
0.8331928849220276
0.833502471446991
0.8338124752044678
0.8341224193572998
0.8344327807426453
0.8347429037094116
0.8350529074668884
0.8353629112243652
0.8356732726097107
0.8359836935997009
0.8362940549850464
0.8366048336029053
0.8369154334068298
0.8372260332107544
0.8375366926193237
0.8378470540046692
0.8381584882736206
0.8384691476821899
0.8387798070907593
0.8390910625457764
0.8394019603729248
0.8397130370140076
0.8400241136550903
0.8403355479240417
0.8406468033790588
0.8409581780433655
0.8412696719169617
0.8415809869766235
0.8418928980827332
0.8422043919563293
0.8425159454345703
0.8428278565406799
0.8431391716003418
0.8434512615203857
0.843762993812561
0.8440754413604736
0.8443872928619385
0.844699501991272
0.8450116515159607
0.8453236818313599
0.8456364870071411
0.8459485173225403
0.8462610840797424
0.8465734720230103
0.8468858599662781
0.847198486328125
0.8475111126899719
0.8478240966796875
0.8481369614601135
0.8484495878219604
0.8487626910209656
0.849075436592102
0.8493887782096863
0.8497019410133362
0.8500149250030518
0.8503281474113464
0.8506413102149963
0.8509545922279358
0.8512678742408752
0.8515815734863281
0.8518953323364258
0.8522087931632996
0.8525223135948181
0.8528359532356262
0.8531500697135925
0.8534640073776245
0.8537777662277222
0.8540917038917542
0.8544057607650757
0.8547195792198181
0.8550340533256531
0.8553484082221985
0.8556625843048096
0.855976939201355
0.8562914133071899
0.8566055297851562
0.8569204807281494
0.8572350740432739
0.8575494885444641
0.8578643798828125
0.8581788539886475
0.8584936857223511
0.8588086366653442
0.8591238856315613
0.8594391345977783
0.8597539067268372
0.8600688576698303
0.8603841662406921
0.8606998920440674
0.8610150218009949
0.861330509185791
0.8616456985473633
0.8619609475135803
0.8622767925262451
0.8625922799110413
0.8629084229469299
0.8632241487503052
0.8635397553443909
0.86385577917099
0.8641716837882996
0.8644879460334778
0.8648040294647217
0.8651201128959656
0.8654361367225647
0.8657523989677429
0.8660687804222107
0.8663851618766785
0.8667020797729492
0.867017924785614
0.86733478307724
0.8676514625549316
0.8679680228233337
0.868285059928894
0.8686017990112305
0.8689188361167908
0.8692355751991272
0.8695525527000427
0.8698697686195374
0.8701866865158081
0.8705041408538818
0.8708214163780212
0.8711388111114502
0.8714562654495239
0.8717734217643738
0.8720913529396057
0.8724087476730347
0.8727263808250427
0.8730438947677612
0.8733616471290588
0.8736793398857117
0.8739972710609436
0.8743158578872681
0.8746333718299866
0.8749515414237976
0.8752697110176086
0.8755877017974854
0.8759063482284546
0.8762246370315552
0.8765428066253662
0.8768612742424011
0.877179741859436
0.877498209476471
0.8778165578842163
0.8781360387802124
0.8784545063972473
0.8787734508514404
0.8790920376777649
0.879410982131958
0.8797304630279541
0.8800494074821472
0.8803685903549194
0.8806875944137573
0.8810067176818848
0.8813260793685913
0.8816453218460083
0.8819650411605835
0.8822843432426453
0.8826040625572205
0.8829237222671509
0.8832434415817261
0.883563220500946
0.8838831186294556
0.8842028379440308
0.8845227956771851
0.8848426938056946
0.8851625919342041
0.885482668876648
0.8858034014701843
0.8861233592033386
0.8864437341690063
0.8867639899253845
0.887084424495697
0.887405276298523
0.8877257704734802
0.8880462050437927
0.8883669972419739
0.8886875510215759
0.8890082836151123
0.8893291354179382
0.8896506428718567
0.8899716138839722
0.8902926445007324
0.8906136155128479
0.8909345269203186
0.8912562727928162
0.8915775418281555
0.891899049282074
0.8922201991081238
0.8925417065620422
0.8928629755973816
0.8931846618652344
0.8935068249702454
0.893828272819519
0.8941500186920166
0.894472062587738
0.8947938680648804
0.8951161503791809
0.8954381346702576
0.895760178565979
0.8960824012756348
0.8964044451713562
0.8967267870903015
0.8970497250556946
0.8973718285560608
0.89769446849823
0.898016631603241
0.8983392119407654
0.8986621499061584
0.8989852070808411
0.899307906627655
0.899630606174469
0.8999536037445068
0.9002767205238342
0.900599479675293
0.9009231328964233
0.9012459516525269
0.9015694260597229
0.9018926620483398
0.9022157192230225
0.9025391936302185
0.9028632640838623
0.9031866192817688
0.9035102128982544
0.90383380651474
0.9041574597358704
0.9044811725616455
0.9048057794570923
0.9051292538642883
0.9054533243179321
0.9057775139808655
0.9061012864112854
0.906425416469574
0.9067502617835999
0.907074511051178
0.9073987603187561
0.9077230095863342
0.9080474972724915
0.9083720445632935
0.9086971282958984
0.9090217351913452
0.9093464016914368
0.9096713066101074
0.9099960923194885
0.9103209972381592
0.9106461405754089
0.9109712243080139
0.9112963676452637
0.9116213321685791
0.911946713924408
0.9122719168663025
0.9125978350639343
0.9129229784011841
0.9132484793663025
0.9135740995407104
0.9138997197151184
0.9142252206802368
0.9145514965057373
0.9148773550987244
0.9152033925056458
0.9155289530754089
0.9158550500869751
0.9161810278892517
0.916507363319397
0.9168336987495422
0.9171599745750427
0.9174858927726746
0.9178123474121094
0.9181389212608337
0.9184657335281372
0.9187923073768616
0.9191188216209412
0.9194455742835999
0.9197722673416138
0.9200989603996277
0.9204264879226685
0.920753538608551
0.9210803508758545
0.9214072227478027
0.9217343926429749
0.9220614433288574
0.9223891496658325
0.9227165579795837
0.923043966293335
0.9233713150024414
0.9236987829208374
0.9240267872810364
0.9243543148040771
0.9246819019317627
0.9250096678733826
0.925337553024292
0.9256654381752014
0.9259934425354004
0.9263216257095337
0.9266498684883118
0.9269782900810242
0.9273061752319336
0.9276342988014221
0.9279632568359375
0.9282916784286499
0.928619921207428
0.9289484620094299
0.9292771220207214
0.9296056032180786
0.9299343824386597
0.9302637577056885
0.93059241771698
0.9309213757514954
0.9312504529953003
0.9315792918205261
0.9319087862968445
0.9322381019592285
0.9325669407844543
0.9328965544700623
0.9332257509231567
0.9335553050041199
0.9338847398757935
0.9342144727706909
0.9345441460609436
0.9348738789558411
0.935203492641449
0.935533344745636
0.9358636736869812
0.9361936450004578
0.9365236759185791
0.9368537068367004
0.9371839165687561
0.9375138282775879
0.9378441572189331
0.9381749033927917
0.9385054707527161
0.938835859298706
0.9391660094261169
0.9394968152046204
0.9398277997970581
0.9401585459709167
0.9404895901679993
0.9408202171325684
0.9411512017250061
0.9414819478988647
0.9418129920959473
0.942144513130188
0.9424757957458496
0.9428068399429321
0.9431379437446594
0.9434694647789001
0.9438014626502991
0.9441329836845398
0.9444646239280701
0.9447962045669556
0.9451274275779724
0.9454593658447266
0.9457911252975464
0.9461234211921692
0.9464554786682129
0.9467872381210327
0.9471192955970764
0.9474515318870544
0.9477840662002563
0.9481163024902344
0.9484485387802124
0.9487811326980591
0.9491139054298401
0.9494460225105286
0.9497786164283752
0.9501118063926697
0.9504445791244507
0.9507773518562317
0.9511099457740784
0.9514428973197937
0.9517766833305359
0.9521092176437378
0.9524425864219666
0.9527758955955505
0.9531089067459106
0.9534421563148499
0.9537755846977234
0.9541096687316895
0.9544431567192078
0.954776406288147
0.9551101922988892
0.9554439783096313
0.955778181552887
0.9561119675636292
0.95644611120224
0.9567797183990479
0.9571137428283691
0.95744788646698
0.957781970500946
0.9581168293952942
0.9584512114524841
0.9587851762771606
0.9591198563575745
0.9594541788101196
0.9597891569137573
0.9601239562034607
0.960458517074585
0.9607934355735779
0.961128294467926
0.9614629149436951
0.9617979526519775
0.9621334671974182
0.9624687433242798
0.9628034830093384
0.9631389379501343
0.9634740948677063
0.9638097882270813
0.964145302772522
0.9644811153411865
0.9648165106773376
0.9651521444320679
0.9654877781867981
0.9658234119415283
0.9661597013473511
0.9664956331253052
0.966831624507904
0.9671676754951477
0.9675037264823914
0.9678400754928589
0.968176543712616
0.968512773513794
0.9688490629196167
0.9691856503486633
0.9695221185684204
0.969858705997467
0.9701955914497375
0.970532238483429
0.9708689451217651
0.9712057113647461
0.9715427160263062
0.9718800783157349
0.9722171425819397
0.9725543260574341
0.9728914499282837
0.973228931427002
0.9735661149024963
0.9739033579826355
0.9742411971092224
0.9745785593986511
0.9749162197113037
0.9752539396286011
0.9755917191505432
0.9759299159049988
0.9762678146362305
0.9766056537628174
0.9769436717033386
0.9772817492485046
0.9776197075843811
0.9779578447341919
0.9782965779304504
0.9786349534988403
0.9789732694625854
0.9793117046356201
0.9796502590179443
0.9799893498420715
0.9803277850151062
0.9806665182113647
0.9810052514076233
0.9813444018363953
0.981683611869812
0.9820225238800049
0.9823614954948425
0.9827008843421936
0.983039915561676
0.9833794236183167
0.9837188124656677
0.9840584397315979
0.9843980669975281
0.9847373962402344
0.9850770831108093
0.9854167103767395
0.9857571125030518
0.9860970377922058
0.9864367246627808
0.9867764711380005
0.9871166348457336
0.987456738948822
0.9877967834472656
0.9881378412246704
0.9884780049324036
0.988818347454071
0.9891589283943176
0.9894991517066956
0.989840567111969
0.9901811480522156
0.9905216693878174
0.9908624887466431
0.9912033081054688
0.991544246673584
0.9918853044509888
0.9922266602516174
0.9925680160522461
0.9929090142250061
0.9932504892349243
0.9935917854309082
0.9939336180686951
0.9942750334739685
0.9946165680885315
0.9949584603309631
0.9952999949455261
0.9956415891647339
0.9959835410118103
0.9963261485099792
0.9966678619384766
0.9970096945762634
0.9973520040512085
0.9976941347122192
0.9980370402336121
0.9983794689178467
0.998721718788147
0.9990641474723816
0.9994068145751953
0.9997491240501404
1.0000919103622437
1.000435471534729
1.000778079032898
1.001121163368225
1.0014638900756836
1.0018069744110107
1.002150297164917
1.0024936199188232
1.002837061882019
1.0031800270080566
1.003523588180542
1.0038669109344482
1.004210352897644
1.0045546293258667
1.004898190498352
1.0052419900894165
1.0055861473083496
1.005929946899414
1.0062742233276367
1.0066183805465698
1.006962537765503
1.007306694984436
1.0076504945755005
1.0079948902130127
1.008339524269104
1.008684515953064
1.0090287923812866
1.0093735456466675
1.009718418121338
1.0100631713867188
1.0104084014892578
1.0107533931732178
1.011098027229309
1.0114433765411377
1.0117881298065186
1.0121335983276367
1.0124788284301758
1.012824535369873
1.0131700038909912
1.0135153532028198
1.013860821723938
1.0142065286636353
1.0145528316497803
1.014898419380188
1.0152443647384644
1.0155903100967407
1.015936255455017
1.016282320022583
1.0166285037994385
1.0169751644134521
1.0173214673995972
1.0176677703857422
1.0180140733718872
1.0183606147766113
1.0187078714370728
1.0190542936325073
1.0194008350372314
1.0197478532791138
1.020094633102417
1.0204417705535889
1.0207886695861816
1.0211362838745117
1.021483302116394
1.021830439567566
1.022178053855896
1.022525429725647
1.0228731632232666
1.0232205390930176
1.0235683917999268
1.0239160060882568
1.0242637395858765
1.024611473083496
1.024959683418274
1.0253078937530518
1.02565598487854
1.0260043144226074
1.0263525247573853
1.026700496673584
1.0270494222640991
1.0273977518081665
1.027746319770813
1.0280948877334595
1.028443694114685
1.028792381286621
1.0291411876678467
1.02949059009552
1.0298396348953247
1.030188798904419
1.0305372476577759
1.0308867692947388
1.0312367677688599
1.0315860509872437
1.0319353342056274
1.0322847366333008
1.0326342582702637
1.0329838991165161
1.0333333015441895
1.0336837768554688
1.0340338945388794
1.0343834161758423
1.0347336530685425
1.0350837707519531
1.0354344844818115
1.0357846021652222
1.036134958267212
1.0364853143692017
1.036835789680481
1.0371865034103394
1.0375370979309082
1.0378881692886353
1.038238763809204
1.0385897159576416
1.038940668106079
1.0392917394638062
1.0396430492401123
1.0399943590164185
1.0403456687927246
1.0406968593597412
1.0410484075546265
1.0413994789123535
1.0417519807815552
1.04210364818573
1.0424555540084839
1.0428073406219482
1.0431586503982544
1.0435105562210083
1.0438634157180786
1.0442149639129639
1.0445674657821655
1.044919729232788
1.0452721118927002
1.0456246137619019
1.0459771156311035
1.0463299751281738
1.046682596206665
1.047035574913025
1.0473881959915161
1.0477410554885864
1.0480945110321045
1.0484473705291748
1.0488005876541138
1.0491539239883423
1.0495073795318604
1.0498603582382202
1.050214409828186
1.050567865371704
1.0509214401245117
1.0512751340866089
1.0516289472579956
1.0519825220108032
1.0523370504379272
1.0526909828186035
1.0530450344085693
1.0533992052078247
1.0537534952163696
1.0541077852249146
1.0544626712799072
1.0548170804977417
1.0551714897155762
1.0555262565612793
1.0558807849884033
1.056235432624817
1.056591272354126
1.056946039199829
1.0573011636734009
1.057655930519104
1.0580116510391235
1.0583664178848267
1.0587226152420044
1.0590778589248657
1.0594334602355957
1.0597891807556152
1.0601446628570557
1.0605003833770752
1.0608566999435425
1.0612127780914307
1.0615687370300293
1.0619250535964966
1.0622811317443848
1.0626368522644043
1.0629936456680298
1.0633503198623657
1.063706874847412
1.0640634298324585
1.0644201040267944
1.06477689743042
1.065134048461914
1.0654910802841187
1.0658481121063232
1.0662051439285278
1.0665620565414429
1.0669195652008057
1.067277193069458
1.0676347017288208
1.0679922103881836
1.0683495998382568
1.0687072277069092
1.069064974784851
1.0694234371185303
1.0697813034057617
1.0701391696929932
1.0704972743988037
1.0708552598953247
1.0712140798568726
1.0715726613998413
1.0719306468963623
1.0722893476486206
1.0726478099822998
1.073006510734558
1.0733650922775269
1.0737245082855225
1.0740834474563599
1.0744425058364868
1.0748016834259033
1.0751603841781616
1.0755205154418945
1.0758798122406006
1.0762391090393066
1.0765984058380127
1.0769580602645874
1.0773178339004517
1.077677607536316
1.078037977218628
1.0783977508544922
1.0787577629089355
1.0791178941726685
1.079478144645691
1.079838752746582
1.080199122428894
1.0805593729019165
1.0809203386306763
1.0812807083129883
1.0816413164138794
1.0820022821426392
1.0823636054992676
1.0827244520187378
1.0830856561660767
1.0834466218948364
1.0838080644607544
1.084169626235962
1.0845310688018799
1.0848925113677979
1.0852540731430054
1.085615634918213
1.0859776735305786
1.0863393545150757
1.08670175075531
1.0870637893676758
1.087425708770752
1.0877878665924072
1.088150143623352
1.0885130167007446
1.088875412940979
1.089238166809082
1.0896005630493164
1.0899629592895508
1.0903257131576538
1.0906890630722046
1.0910521745681763
1.0914151668548584
1.0917787551879883
1.0921417474746704
1.0925053358078003
1.0928689241409302
1.09323251247406
1.0935959815979004
1.0939595699310303
1.0943233966827393
1.094687581062317
1.0950515270233154
1.0954160690307617
1.0957800149917603
1.096144199371338
1.0965083837509155
1.0968729257583618
1.0972378253936768
1.097602367401123
1.0979669094085693
1.0983315706253052
1.0986967086791992
1.0990616083145142
1.099426507949829
1.099792242050171
1.1001572608947754
1.100522756576538
1.1008881330490112
1.1012537479400635
1.1016194820404053
1.1019850969314575
1.1023509502410889
1.1027164459228516
1.1030830144882202
1.1034488677978516
1.103814959526062
1.1041817665100098
1.1045476198196411
1.1049143075942993
1.1052809953689575
1.1056472063064575
1.106014609336853
1.1063812971115112
1.106748104095459
1.1071152687072754
1.1074823141098022
1.1078494787216187
1.1082165241241455
1.1085841655731201
1.1089518070220947
1.1093190908432007
1.1096867322921753
1.1100547313690186
1.1104230880737305
1.1107909679412842
1.1111586093902588
1.1115269660949707
1.1118947267532349
1.1122633218765259
1.1126314401626587
1.1130006313323975
1.113369107246399
1.1137375831604004
1.1141066551208496
1.1144753694534302
1.114844560623169
1.1152137517929077
1.1155829429626465
1.1159521341323853
1.1163214445114136
1.1166906356811523
1.1170601844787598
1.1174304485321045
1.1177998781204224
1.1181697845458984
1.118539810180664
1.1189099550247192
1.119280219078064
1.11965012550354
1.1200207471847534
1.1203912496566772
1.1207613945007324
1.1211320161819458
1.1215028762817383
1.1218739748001099
1.1222448348999023
1.1226156949996948
1.1229867935180664
1.123358130455017
1.123729944229126
1.124101161956787
1.1244722604751587
1.1248441934585571
1.1252156496047974
1.1255873441696167
1.1259591579437256
1.1263316869735718
1.1267036199569702
1.1270755529403687
1.1274480819702148
1.127820611000061
1.1281932592391968
1.1285655498504639
1.1289383172988892
1.1293110847473145
1.1296839714050293
1.1300565004348755
1.1304298639297485
1.1308035850524902
1.1311767101287842
1.1315500736236572
1.1319235563278198
1.1322972774505615
1.1326709985733032
1.133044719696045
1.1334187984466553
1.1337926387786865
1.1341665983200073
1.1345405578613281
1.1349148750305176
1.1352895498275757
1.135664463043213
1.1360386610031128
1.136413335800171
1.1367881298065186
1.137163519859314
1.137537956237793
1.1379131078720093
1.1382883787155151
1.1386637687683105
1.1390389204025269
1.1394144296646118
1.139790654182434
1.1401662826538086
1.1405422687530518
1.1409181356430054
1.1412937641143799
1.1416702270507812
1.1420464515686035
1.1424227952957153
1.142798900604248
1.143175721168518
1.143552303314209
1.1439288854599
1.1443063020706177
1.1446832418441772
1.1450600624084473
1.1454371213912964
1.145814061164856
1.1461924314498901
1.1465694904327393
1.1469472646713257
1.147324800491333
1.1477024555206299
1.1480801105499268
1.148458480834961
1.1488370895385742
1.1492148637771606
1.1495933532714844
1.1499717235565186
1.1503502130508423
1.1507290601730347
1.1511081457138062
1.1514865159988403
1.1518659591674805
1.1522444486618042
1.1526240110397339
1.1530029773712158
1.1533827781677246
1.1537623405456543
1.1541417837142944
1.1545218229293823
1.154901385307312
1.155281662940979
1.1556615829467773
1.1560416221618652
1.1564218997955322
1.1568020582199097
1.1571826934814453
1.157563328742981
1.1579443216323853
1.1583250761032104
1.158705711364746
1.1590869426727295
1.1594679355621338
1.1598495244979858
1.1602309942245483
1.1606124639511108
1.1609939336776733
1.1613755226135254
1.1617573499679565
1.162139892578125
1.162521481513977
1.1629036664962769
1.163285255432129
1.163668155670166
1.1640504598617554
1.164433479309082
1.1648157835006714
1.1651989221572876
1.1655813455581665
1.1659644842147827
1.166347622871399
1.1667314767837524
1.1671146154403687
1.167497992515564
1.1678812503814697
1.1682648658752441
1.1686489582061768
1.1690329313278198
1.1694172620773315
1.169801115989685
1.1701854467391968
1.1705695390701294
1.1709541082382202
1.1713392734527588
1.1717236042022705
1.1721084117889404
1.1724932193756104
1.1728781461715698
1.1732639074325562
1.1736493110656738
1.1740347146987915
1.17441987991333
1.1748056411743164
1.1751914024353027
1.17557692527771
1.1759634017944336
1.1763495206832886
1.1767356395721436
1.1771219968795776
1.1775082349777222
1.1778947114944458
1.1782816648483276
1.178668737411499
1.1790555715560913
1.179442286491394
1.179829478263855
1.180216670036316
1.1806045770645142
1.1809920072555542
1.1813793182373047
1.1817671060562134
1.1821547746658325
1.1825430393218994
1.1829311847686768
1.183319330215454
1.1837077140808105
1.1840959787368774
1.1844842433929443
1.184873104095459
1.1852624416351318
1.185651183128357
1.1860400438308716
1.1864291429519653
1.1868183612823486
1.1872073411941528
1.1875978708267212
1.187986969947815
1.1883766651153564
1.188766598701477
1.189156413078308
1.1895464658737183
1.1899373531341553
1.1903276443481445
1.1907176971435547
1.1911085844039917
1.19149911403656
1.191889762878418
1.1922812461853027
1.1926721334457397
1.1930633783340454
1.193454623222351
1.1938461065292358
1.1942380666732788
1.1946296691894531
1.195021629333496
1.1954134702682495
1.195805311203003
1.196197748184204
1.196589708328247
1.1969823837280273
1.1973750591278076
1.197767972946167
1.1981604099273682
1.1985530853271484
1.1989465951919556
1.1993398666381836
1.1997332572937012
1.20012629032135
1.2005196809768677
1.2009135484695435
1.2013074159622192
1.2017017602920532
1.202095627784729
1.2024893760681152
1.2028837203979492
1.2032785415649414
1.2036733627319336
1.2040680646896362
1.2044625282287598
1.2048577070236206
1.2052525281906128
1.2056478261947632
1.2060426473617554
1.2064388990402222
1.2068341970443726
1.2072300910949707
1.2076257467269897
1.2080217599868774
1.2084182500839233
1.2088141441345215
1.209210753440857
1.2096071243286133
1.2100037336349487
1.210400104522705
1.2107967138290405
1.211194396018982
1.2115912437438965
1.2119888067245483
1.212385892868042
1.2127832174301147
1.213181495666504
1.2135792970657349
1.2139769792556763
1.2143747806549072
1.2147727012634277
1.2151710987091064
1.2155696153640747
1.2159689664840698
1.216367244720459
1.216766119003296
1.2171648740768433
1.2175637483596802
1.2179635763168335
1.2183629274368286
1.2187622785568237
1.219161868095398
1.2195613384246826
1.2199610471725464
1.2203612327575684
1.220762014389038
1.2211624383926392
1.221562385559082
1.221962809562683
1.2223635911941528
1.2227647304534912
1.2231653928756714
1.2235664129257202
1.2239679098129272
1.224368929862976
1.2247707843780518
1.2251721620559692
1.225574016571045
1.225975751876831
1.2263778448104858
1.2267801761627197
1.227182388305664
1.2275853157043457
1.2279876470565796
1.2283904552459717
1.2287931442260742
1.2291957139968872
1.2295989990234375
1.2300022840499878
1.2304062843322754
1.2308095693588257
1.2312133312225342
1.2316173315048218
1.2320207357406616
1.232425332069397
1.2328290939331055
1.2332340478897095
1.2336381673812866
1.2340428829193115
1.2344475984573364
1.23485267162323
1.2352581024169922
1.2356630563735962
1.236068844795227
1.2364739179611206
1.236879587173462
1.2372853755950928
1.2376914024353027
1.2380974292755127
1.2385034561157227
1.2389098405838013
1.2393162250518799
1.239722490310669
1.2401299476623535
1.2405365705490112
1.2409439086914062
1.2413508892059326
1.241758108139038
1.2421661615371704
1.2425732612609863
1.2429813146591187
1.2433892488479614
1.2437968254089355
1.2442052364349365
1.2446132898330688
1.2450222969055176
1.2454309463500977
1.2458395957946777
1.2462483644485474
1.2466572523117065
1.2470672130584717
1.2474764585494995
1.247885823249817
1.2482951879501343
1.2487049102783203
1.2491148710250854
1.2495248317718506
1.249935507774353
1.2503459453582764
1.2507563829421997
1.251166582107544
1.251577615737915
1.2519892454147339
1.2524000406265259
1.2528111934661865
1.2532227039337158
1.253633975982666
1.2540457248687744
1.254457712173462
1.254869818687439
1.255281925201416
1.2556941509246826
1.2561063766479492
1.2565189599990845
1.256932258605957
1.2573449611663818
1.2577580213546753
1.2581709623336792
1.2585843801498413
1.2589975595474243
1.259411096572876
1.2598254680633545
1.260239601135254
1.2606534957885742
1.2610676288604736
1.2614818811416626
1.2618969678878784
1.2623114585876465
1.2627261877059937
1.2631410360336304
1.2635562419891357
1.2639718055725098
1.2643866539001465
1.264803171157837
1.2652190923690796
1.2656346559524536
1.2660504579544067
1.266466498374939
1.2668836116790771
1.2673001289367676
1.267716646194458
1.268133282661438
1.2685505151748657
1.268967866897583
1.269384741783142
1.269802451133728
1.2702202796936035
1.2706379890441895
1.2710559368133545
1.2714738845825195
1.2718923091888428
1.2723108530044556
1.2727293968200684
1.273147702217102
1.273566722869873
1.2739858627319336
1.2744046449661255
1.2748245000839233
1.275243878364563
1.2756636142730713
1.2760831117630005
1.2765034437179565
1.2769238948822021
1.277343988418579
1.2777647972106934
1.2781848907470703
1.2786056995391846
1.2790265083312988
1.2794474363327026
1.2798693180084229
1.2802907228469849
1.2807120084762573
1.2811332941055298
1.2815555334091187
1.2819781303405762
1.2824002504348755
1.282822608947754
1.2832450866699219
1.2836679220199585
1.284090518951416
1.2845133543014526
1.284936785697937
1.285360336303711
1.2857837677001953
1.286207675933838
1.2866308689117432
1.287055492401123
1.2874797582626343
1.287903904914856
1.2883282899856567
1.2887532711029053
1.2891782522201538
1.289602518081665
1.2900283336639404
1.2904534339904785
1.2908790111541748
1.2913044691085815
1.2917301654815674
1.2921569347381592
1.2925827503204346
1.2930091619491577
1.2934356927871704
1.2938621044158936
1.2942885160446167
1.2947161197662354
1.2951430082321167
1.2955703735351562
1.295997977256775
1.296425700187683
1.2968533039093018
1.2972818613052368
1.2977098226547241
1.29813814163208
1.2985663414001465
1.2989951372146606
1.2994239330291748
1.2998534440994263
1.300282597541809
1.300711750984192
1.301141381263733
1.3015711307525635
1.3020011186599731
1.3024314641952515
1.3028615713119507
1.3032920360565186
1.3037219047546387
1.3041526079177856
1.3045835494995117
1.305015206336975
1.3054462671279907
1.3058778047561646
1.3063089847564697
1.3067409992218018
1.307172417640686
1.3076050281524658
1.308037519454956
1.3084697723388672
1.308902382850647
1.3093348741531372
1.3097678422927856
1.31020188331604
1.310634970664978
1.3110679388046265
1.3115020990371704
1.311935544013977
1.312369465827942
1.3128043413162231
1.3132388591766357
1.3136732578277588
1.3141080141067505
1.3145427703857422
1.3149778842926025
1.3154135942459106
1.3158488273620605
1.3162847757339478
1.3167200088500977
1.3171558380126953
1.3175917863845825
1.3180290460586548
1.3184653520584106
1.318901538848877
1.3193382024765015
1.3197755813598633
1.3202128410339355
1.3206506967544556
1.321088194847107
1.321526050567627
1.3219635486602783
1.3224016427993774
1.3228400945663452
1.323278784751892
1.323717713356018
1.3241565227508545
1.324595332145691
1.325034499168396
1.3254737854003906
1.325913667678833
1.3263540267944336
1.3267935514450073
1.3272336721420288
1.3276737928390503
1.3281142711639404
1.3285549879074097
1.3289963006973267
1.329437255859375
1.3298782110214233
1.3303196430206299
1.3307617902755737
1.3312036991119385
1.3316452503204346
1.3320871591567993
1.3325297832489014
1.3329722881317139
1.3334144353866577
1.3338580131530762
1.3343013525009155
1.3347440958023071
1.3351880311965942
1.3356313705444336
1.336075782775879
1.3365199565887451
1.3369637727737427
1.3374079465866089
1.3378527164459229
1.3382970094680786
1.3387421369552612
1.3391879796981812
1.3396331071853638
1.3400787115097046
1.3405241966247559
1.3409701585769653
1.341416835784912
1.3418629169464111
1.3423091173171997
1.342755913734436
1.3432024717330933
1.3436498641967773
1.3440970182418823
1.344544529914856
1.3449925184249878
1.3454399108886719
1.3458878993988037
1.3463363647460938
1.346785068511963
1.3472338914871216
1.3476821184158325
1.3481314182281494
1.3485805988311768
1.3490296602249146
1.3494793176651
1.3499292135238647
1.3503791093826294
1.350829005241394
1.351279616355896
1.3517299890518188
1.3521809577941895
1.3526321649551392
1.3530831336975098
1.3535343408584595
1.3539855480194092
1.354437232017517
1.3548892736434937
1.355342149734497
1.355794072151184
1.3562464714050293
1.3566994667053223
1.357151746749878
1.3576058149337769
1.3580588102340698
1.3585121631622314
1.3589658737182617
1.359419345855713
1.3598737716674805
1.3603276014328003
1.3607828617095947
1.3612372875213623
1.3616920709609985
1.362147331237793
1.3626022338867188
1.36305832862854
1.3635139465332031
1.363969326019287
1.364425539970398
1.3648821115493774
1.3653388023376465
1.3657947778701782
1.3662524223327637
1.366709589958191
1.367166519165039
1.367624044418335
1.36808180809021
1.3685400485992432
1.368998408317566
1.369456171989441
1.3699148893356323
1.3703736066818237
1.370831847190857
1.3712912797927856
1.371751308441162
1.3722107410430908
1.3726704120635986
1.3731300830841064
1.373590350151062
1.3740512132644653
1.3745118379592896
1.3749724626541138
1.3754334449768066
1.3758941888809204
1.3763561248779297
1.3768171072006226
1.37727952003479
1.3777416944503784
1.3782037496566772
1.3786659240722656
1.3791286945343018
1.3795920610427856
1.3800549507141113
1.3805183172225952
1.3809813261032104
1.3814451694488525
1.3819092512130737
1.3823728561401367
1.3828380107879639
1.3833023309707642
1.3837668895721436
1.3842321634292603
1.3846970796585083
1.385162591934204
1.3856281042099
1.3860942125320435
1.3865598440170288
1.3870259523391724
1.3874925374984741
1.387959361076355
1.3884267807006836
1.388893485069275
1.3893603086471558
1.3898277282714844
1.3902955055236816
1.390764594078064
1.3912321329116821
1.3917009830474854
1.3921688795089722
1.3926377296447754
1.3931063413619995
1.3935757875442505
1.3940455913543701
1.3945152759552002
1.3949851989746094
1.3954551219940186
1.3959251642227173
1.396396279335022
1.3968669176101685
1.3973380327224731
1.3978089094161987
1.3982800245285034
1.3987517356872559
1.3992235660552979
1.3996961116790771
1.4001682996749878
1.400640606880188
1.4011130332946777
1.4015859365463257
1.4020594358444214
1.4025328159332275
1.4030064344406128
1.4034801721572876
1.4039541482925415
1.4044281244277954
1.404902696609497
1.4053776264190674
1.4058526754379272
1.406327486038208
1.4068028926849365
1.4072781801223755
1.4077547788619995
1.4082307815551758
1.4087066650390625
1.4091827869415283
1.4096599817276
1.4101362228393555
1.4106134176254272
1.411091685295105
1.4115689992904663
1.4120464324951172
1.4125243425369263
1.4130029678344727
1.4134812355041504
1.4139600992202759
1.4144392013549805
1.4149179458618164
1.4153974056243896
1.4158767461776733
1.4163566827774048
1.4168369770050049
1.4173171520233154
1.4177974462509155
1.4182779788970947
1.4187589883804321
1.4192408323287964
1.419722080230713
1.420203685760498
1.420685052871704
1.4211673736572266
1.421649694442749
1.4221320152282715
1.4226154088974
1.4230985641479492
1.4235811233520508
1.4240646362304688
1.4245482683181763
1.4250328540802002
1.425516963005066
1.4260010719299316
1.4264854192733765
1.426970362663269
1.427455186843872
1.4279403686523438
1.4284266233444214
1.4289124011993408
1.4293984174728394
1.429884433746338
1.430370569229126
1.430857539176941
1.431344747543335
1.431831955909729
1.4323190450668335
1.4328062534332275
1.4332942962646484
1.4337824583053589
1.4342713356018066
1.4347596168518066
1.4352482557296753
1.4357370138168335
1.4362263679504395
1.4367161989212036
1.4372056722640991
1.437695860862732
1.4381855726242065
1.4386764764785767
1.439166784286499
1.4396573305130005
1.4401495456695557
1.4406405687332153
1.4411323070526123
1.441623568534851
1.4421159029006958
1.4426084756851196
1.4431010484695435
1.4435937404632568
1.444087028503418
1.4445799589157104
1.4450734853744507
1.4455680847167969
1.446061372756958
1.446555733680725
1.4470503330230713
1.4475446939468384
1.4480395317077637
1.4485353231430054
1.4490303993225098
1.4495261907577515
1.4500221014022827
1.4505177736282349
1.4510143995285034
1.4515117406845093
1.452008605003357
1.4525054693222046
1.4530023336410522
1.4535000324249268
1.4539979696273804
1.4544965028762817
1.4549946784973145
1.4554933309555054
1.4559917449951172
1.4564906358718872
1.4569897651672363
1.4574899673461914
1.4579895734786987
1.4584897756576538
1.4589896202087402
1.4594898223876953
1.4599909782409668
1.460492730140686
1.4609936475753784
1.461495280265808
1.4619966745376587
1.4624985456466675
1.4630005359649658
1.4635035991668701
1.4640061855316162
1.4645096063613892
1.4650120735168457
1.4655150175094604
1.4660192728042603
1.46652352809906
1.4670275449752808
1.4675322771072388
1.4680366516113281
1.4685413837432861
1.4690465927124023
1.4695526361465454
1.470057725906372
1.4705638885498047
1.471069574356079
1.471576452255249
1.4720829725265503
1.472590684890747
1.4730972051620483
1.4736049175262451
1.4741122722625732
1.47461998462677
1.4751282930374146
1.4756375551223755
1.4761462211608887
1.4766546487808228
1.477163553237915
1.477673053741455
1.4781825542449951
1.4786932468414307
1.479203462600708
1.4797136783599854
1.480224370956421
1.4807348251342773
1.481245994567871
1.4817583560943604
1.4822698831558228
1.4827812910079956
1.4832936525344849
1.4838062524795532
1.484318733215332
1.4848324060440063
1.4853451251983643
1.4858589172363281
1.486372470855713
1.486886739730835
1.4874012470245361
1.4879155158996582
1.4884296655654907
1.4889450073242188
1.4894601106643677
1.4899755716323853
1.4904913902282715
1.4910080432891846
1.4915237426757812
1.4920399188995361
1.4925568103790283
1.49307382106781
1.4935921430587769
1.4941095113754272
1.4946273565292358
1.4951447248458862
1.4956629276275635
1.496181607246399
1.4967002868652344
1.4972196817398071
1.4977391958236694
1.4982585906982422
1.4987784624099731
1.4992984533309937
1.4998198747634888
1.5003401041030884
1.5008612871170044
1.5013819932937622
1.5019032955169678
1.5024253129959106
1.5029466152191162
1.503469705581665
1.503991961479187
1.5045146942138672
1.505037784576416
1.5055606365203857
1.5060853958129883
1.506608247756958
1.5071324110031128
1.5076565742492676
1.5081809759140015
1.508705496788025
1.5092312097549438
1.5097565650939941
1.5102825164794922
1.5108078718185425
1.5113341808319092
1.5118602514266968
1.5123875141143799
1.5129145383834839
1.513441562652588
1.5139689445495605
1.5144964456558228
1.5150240659713745
1.515552282333374
1.5160815715789795
1.5166101455688477
1.517138957977295
1.5176681280136108
1.5181975364685059
1.5187280178070068
1.5192580223083496
1.5197887420654297
1.5203194618225098
1.5208498239517212
1.5213810205459595
1.5219120979309082
1.5224446058273315
1.522976279258728
1.5235083103179932
1.5240408182144165
1.5245733261108398
1.5251067876815796
1.5256401300430298
1.526173710823059
1.5267072916030884
1.527241587638855
1.5277756452560425
1.5283104181289673
1.5288453102111816
1.5293805599212646
1.5299160480499268
1.5304516553878784
1.5309873819351196
1.5315241813659668
1.532060980796814
1.5325970649719238
1.53313410282135
1.533671259880066
1.53420889377594
1.534746766090393
1.5352855920791626
1.5358233451843262
1.5363621711730957
1.5369008779525757
1.5374398231506348
1.5379801988601685
1.5385196208953857
1.5390594005584717
1.5395997762680054
1.5401406288146973
1.5406806468963623
1.541222095489502
1.5417637825012207
1.5423054695129395
1.5428467988967896
1.543389081954956
1.5439313650131226
1.5444748401641846
1.5450178384780884
1.5455607175827026
1.5461037158966064
1.546647548675537
1.5471917390823364
1.5477362871170044
1.5482810735702515
1.5488260984420776
1.549371600151062
1.549916386604309
1.5504621267318726
1.5510085821151733
1.5515546798706055
1.5521013736724854
1.5526481866836548
1.5531947612762451
1.5537420511245728
1.5542891025543213
1.554837942123413
1.5553860664367676
1.555934190750122
1.5564831495285034
1.5570322275161743
1.5575820207595825
1.5581316947937012
1.5586811304092407
1.5592308044433594
1.5597810745239258
1.5603315830230713
1.5608826875686646
1.5614337921142578
1.561985731124878
1.5625369548797607
1.5630892515182495
1.5636413097381592
1.564194917678833
1.5647470951080322
1.5653002262115479
1.5658533573150635
1.5664072036743164
1.5669605731964111
1.5675151348114014
1.5680702924728394
1.5686250925064087
1.5691800117492676
1.569734811782837
1.570289969444275
1.5708467960357666
1.5714031457901
1.5719592571258545
1.572515845298767
1.573073148727417
1.57362961769104
1.5741875171661377
1.574746012687683
1.5753034353256226
1.575861930847168
1.5764201879501343
1.5769790410995483
1.5775388479232788
1.5780982971191406
1.5786583423614502
1.5792180299758911
1.5797780752182007
1.5803385972976685
1.580899715423584
1.581460952758789
1.5820224285125732
1.5825843811035156
1.583146095275879
1.5837081670761108
1.5842714309692383
1.5848345756530762
1.5853965282440186
1.5859605073928833
1.5865240097045898
1.5870877504348755
1.5876522064208984
1.5882166624069214
1.5887811183929443
1.5893464088439941
1.5899115800857544
1.590476393699646
1.591043472290039
1.5916101932525635
1.5921764373779297
1.592742681503296
1.5933096408843994
1.593876838684082
1.5944445133209229
1.595012903213501
1.5955806970596313
1.5961484909057617
1.5967177152633667
1.597286581993103
1.5978562831878662
1.5984255075454712
1.5989956855773926
1.5995655059814453
1.6001355648040771
1.600706696510315
1.6012771129608154
1.601848840713501
1.602420449256897
1.6029917001724243
1.603563904762268
1.6041359901428223
1.6047089099884033
1.6052823066711426
1.605855107307434
1.606428623199463
1.6070019006729126
1.6075761318206787
1.6081503629684448
1.6087249517440796
1.609300136566162
1.6098750829696655
1.6104503870010376
1.6110262870788574
1.6116026639938354
1.612178921699524
1.6127550601959229
1.61333167552948
1.6139090061187744
1.614485740661621
1.6150634288787842
1.6156425476074219
1.6162208318710327
1.616799235343933
1.6173774003982544
1.6179572343826294
1.6185370683670044
1.6191165447235107
1.6196961402893066
1.6202763319015503
1.620856761932373
1.621437430381775
1.6220189332962036
1.6226001977920532
1.6231815814971924
1.623763084411621
1.6243456602096558
1.6249279975891113
1.6255110502243042
1.6260939836502075
1.6266769170761108
1.627260446548462
1.6278445720672607
1.62842857837677
1.6290134191513062
1.6295981407165527
1.6301826238632202
1.6307682991027832
1.6313536167144775
1.6319392919540405
1.6325263977050781
1.6331123113632202
1.63369882106781
1.6342860460281372
1.6348727941513062
1.635460376739502
1.6360489130020142
1.6366368532180786
1.6372244358062744
1.6378133296966553
1.6384023427963257
1.638991355895996
1.639581322669983
1.6401711702346802
1.640761137008667
1.641351342201233
1.6419421434402466
1.6425328254699707
1.6431246995925903
1.6437159776687622
1.644307255744934
1.644899606704712
1.6454914808273315
1.6460835933685303
1.6466773748397827
1.6472702026367188
1.6478636264801025
1.6484571695327759
1.6490511894226074
1.6496455669403076
1.6502405405044556
1.650835633277893
1.651430606842041
1.652025580406189
1.6526210308074951
1.6532167196273804
1.6538143157958984
1.6544103622436523
1.6550071239471436
1.6556038856506348
1.656200885772705
1.6567988395690918
1.6573973894119263
1.657995343208313
1.658594012260437
1.6591923236846924
1.6597912311553955
1.6603906154632568
1.6609909534454346
1.6615902185440063
1.6621910333633423
1.6627910137176514
1.66339111328125
1.6639918088912964
1.664594054222107
1.6651954650878906
1.6657971143722534
1.6663994789123535
1.6670013666152954
1.667603850364685
1.668208122253418
1.6688106060028076
1.6694146394729614
1.670018196105957
1.6706212759017944
1.6712262630462646
1.6718313694000244
1.6724361181259155
1.6730412244796753
1.6736457347869873
1.6742520332336426
1.6748578548431396
1.6754648685455322
1.676071286201477
1.6766778230667114
1.6772843599319458
1.6778924465179443
1.678499460220337
1.6791085004806519
1.6797161102294922
1.680324673652649
1.6809334754943848
1.681542158126831
1.6821515560150146
1.6827621459960938
1.6833714246749878
1.683982014656067
1.6845920085906982
1.6852021217346191
1.685813546180725
1.6864252090454102
1.6870365142822266
1.6876486539840698
1.6882604360580444
1.6888724565505981
1.689484715461731
1.690098524093628
1.6907117366790771
1.6913249492645264
1.691938877105713
1.692552924156189
1.6931664943695068
1.693781852722168
1.6943970918655396
1.6950114965438843
1.6956267356872559
1.6962419748306274
1.6968580484390259
1.6974750757217407
1.6980915069580078
1.698707938194275
1.6993249654769897
1.6999419927597046
1.7005594968795776
1.7011781930923462
1.7017959356307983
1.7024143934249878
1.7030329704284668
1.703652024269104
1.704270362854004
1.704890489578247
1.7055107355117798
1.7061299085617065
1.7067500352859497
1.7073709964752197
1.707992434501648
1.7086132764816284
1.7092339992523193
1.7098561525344849
1.7104780673980713
1.7110999822616577
1.711722493171692
1.7123453617095947
1.7129682302474976
1.7135918140411377
1.7142150402069092
1.7148385047912598
1.715463399887085
1.7160874605178833
1.7167121171951294
1.717336654663086
1.7179619073867798
1.718587040901184
1.7192120552062988
1.719839334487915
1.720464825630188
1.7210915088653564
1.7217180728912354
1.7223451137542725
1.7229728698730469
1.7236003875732422
1.724227786064148
1.7248555421829224
1.725483775138855
1.7261126041412354
1.7267409563064575
1.7273707389831543
1.7279999256134033
1.7286298274993896
1.7292591333389282
1.729889154434204
1.730520248413086
1.7311503887176514
1.7317819595336914
1.7324126958847046
1.7330440282821655
1.7336757183074951
1.7343077659606934
1.7349412441253662
1.735573649406433
1.736205816268921
1.736838936805725
1.7374720573425293
1.73810613155365
1.7387394905090332
1.7393739223480225
1.7400078773498535
1.7406423091888428
1.7412772178649902
1.7419124841690063
1.7425485849380493
1.7431834936141968
1.7438193559646606
1.7444555759429932
1.7450916767120361
1.745729684829712
1.7463659048080444
1.7470028400421143
1.7476403713226318
1.7482781410217285
1.748915433883667
1.74955415725708
1.7501928806304932
1.7508313655853271
1.7514705657958984
1.7521097660064697
1.7527492046356201
1.7533897161483765
1.7540289163589478
1.754668951034546
1.7553095817565918
1.7559500932693481
1.7565913200378418
1.7572320699691772
1.7578744888305664
1.75851571559906
1.7591581344604492
1.7598000764846802
1.7604423761367798
1.761085867881775
1.7617292404174805
1.762372374534607
1.7630153894424438
1.763659119606018
1.764302372932434
1.7649471759796143
1.7655918598175049
1.7662365436553955
1.7668817043304443
1.767526626586914
1.768172025680542
1.7688184976577759
1.769464135169983
1.7701107263565063
1.770756721496582
1.7714035511016846
1.7720504999160767
1.7726970911026
1.7733455896377563
1.7739930152893066
1.774640679359436
1.7752892971038818
1.7759374380111694
1.776586651802063
1.7772351503372192
1.777884840965271
1.7785334587097168
1.779183268547058
1.7798330783843994
1.7804838418960571
1.781134009361267
1.7817836999893188
1.7824351787567139
1.7830857038497925
1.7837374210357666
1.7843899726867676
1.7850418090820312
1.7856930494308472
1.7863450050354004
1.7869975566864014
1.7876501083374023
1.7883042097091675
1.7889569997787476
1.7896102666854858
1.7902634143829346
1.790916919708252
1.7915712594985962
1.7922265529632568
1.7928812503814697
1.7935365438461304
1.794190764427185
1.7948460578918457
1.7955009937286377
1.7961578369140625
1.7968134880065918
1.797469973564148
1.7981257438659668
1.7987827062606812
1.7994390726089478
1.8000974655151367
1.8007549047470093
1.8014130592346191
1.8020696640014648
1.8027278184890747
1.8033859729766846
1.8040450811386108
1.8047038316726685
1.8053622245788574
1.8060215711593628
1.8066811561584473
1.8073399066925049
1.8080016374588013
1.8086612224578857
1.8093209266662598
1.8099812269210815
1.8106424808502197
1.8113024234771729
1.8119641542434692
1.8126262426376343
1.8132874965667725
1.8139493465423584
1.8146109580993652
1.815273404121399
1.8159370422363281
1.8165992498397827
1.8172622919082642
1.8179246187210083
1.818588137626648
1.819251537322998
1.8199162483215332
1.8205801248550415
1.8212443590164185
1.8219085931777954
1.8225733041763306
1.8232378959655762
1.8239037990570068
1.8245692253112793
1.825234055519104
1.8259000778198242
1.8265656232833862
1.827231526374817
1.8278988599777222
1.828565239906311
1.8292315006256104
1.8298985958099365
1.8305655717849731
1.8312325477600098
1.8319015502929688
1.8325692415237427
1.8332371711730957
1.8339053392410278
1.8345732688903809
1.8352415561676025
1.8359113931655884
1.8365802764892578
1.8372498750686646
1.8379184007644653
1.838587999343872
1.8392575979232788
1.839928388595581
1.8405988216400146
1.8412692546844482
1.8419392108917236
1.8426101207733154
1.8432813882827759
1.8439531326293945
1.8446241617202759
1.8452965021133423
1.8459676504135132
1.846639633178711
1.84731125831604
1.8479851484298706
1.8486571311950684
1.8493294715881348
1.850002646446228
1.8506757020950317
1.851348638534546
1.8520232439041138
1.8526971340179443
1.8533705472946167
1.8540443181991577
1.8547194004058838
1.8553930521011353
1.85606849193573
1.8567438125610352
1.8574186563491821
1.8580933809280396
1.8587684631347656
1.8594441413879395
1.8601208925247192
1.8607971668243408
1.861472725868225
1.8621490001678467
1.8628257513046265
1.863502025604248
1.8641796112060547
1.8648558855056763
1.8655339479446411
1.8662110567092896
1.8668886423110962
1.8675662279129028
1.8682448863983154
1.868922472000122
1.8696008920669556
1.8702794313430786
1.8709580898284912
1.8716366291046143
1.8723158836364746
1.8729956150054932
1.8736746311187744
1.8743537664413452
1.8750334978103638
1.875713586807251
1.8763941526412964
1.8770740032196045
1.8777543306350708
1.8784343004226685
1.8791152238845825
1.879795789718628
1.880477786064148
1.8811588287353516
1.8818402290344238
1.8825221061706543
1.8832024335861206
1.8838847875595093
1.8845679759979248
1.8852488994598389
1.8859320878982544
1.8866139650344849
1.8872965574264526
1.88797926902771
1.8886629343032837
1.8893460035324097
1.8900285959243774
1.8907129764556885
1.891396403312683
1.89207923412323
1.8927644491195679
1.8934487104415894
1.894132375717163
1.894816517829895
1.895500898361206
1.8961851596832275
1.8968708515167236
1.8975555896759033
1.8982411623001099
1.8989259004592896
1.8996113538742065
1.9002968072891235
1.9009830951690674
1.9016690254211426
1.9023548364639282
1.903040885925293
1.9037268161773682
1.9044129848480225
1.9051003456115723
1.9057866334915161
1.9064738750457764
1.9071602821350098
1.9078474044799805
1.9085347652435303
1.9092227220535278
1.909909963607788
1.9105974435806274
1.9112858772277832
1.911973476409912
1.912661075592041
1.913350224494934
1.914038062095642
1.9147261381149292
1.9154150485992432
1.9161038398742676
1.9167929887771606
1.9174821376800537
1.9181712865829468
1.9188605546951294
1.9195493459701538
1.9202392101287842
1.9209277629852295
1.9216187000274658
1.9223084449768066
1.9229975938796997
1.9236881732940674
1.9243780374526978
1.925068974494934
1.9257594347000122
1.9264501333236694
1.9271408319473267
1.927830696105957
1.9285221099853516
1.9292126893997192
1.9299049377441406
1.9305967092514038
1.9312875270843506
1.931978464126587
1.9326695203781128
1.9333630800247192
1.9340544939041138
1.9347463846206665
1.9354381561279297
1.9361302852630615
1.9368220567703247
1.937514305114746
1.9382072687149048
1.9389002323150635
1.9395923614501953
1.940285325050354
1.940977931022644
1.9416722059249878
1.9423648118972778
1.9430577754974365
1.9437503814697266
1.944443702697754
1.9451371431350708
1.9458304643630981
1.946524977684021
1.9472187757492065
1.947912335395813
1.948606252670288
1.9493005275726318
1.949995756149292
1.9506893157958984
1.9513837099075317
1.9520776271820068
1.9527721405029297
1.9534659385681152
1.9541610479354858
1.954856038093567
1.955551028251648
1.9562455415725708
1.9569404125213623
1.9576362371444702
1.9583319425582886
1.9590266942977905
1.9597214460372925
1.9604172706604004
1.9611124992370605
1.961808204650879
1.9625037908554077
1.9631999731063843
1.9638959169387817
1.9645912647247314
1.9652873277664185
1.9659827947616577
1.9666800498962402
1.9673761129379272
1.9680720567703247
1.9687678813934326
1.9694641828536987
1.9701604843139648
1.9708569049835205
1.9715542793273926
1.9722505807876587
1.972947120666504
1.9736437797546387
1.9743402004241943
1.9750382900238037
1.975734829902649
1.9764313697814941
1.977128267288208
1.9778255224227905
1.9785226583480835
1.9792193174362183
1.9799176454544067
1.9806151390075684
1.9813117980957031
1.9820092916488647
1.9827066659927368
1.9834048748016357
1.9841020107269287
1.984799861907959
1.9854971170425415
1.9861946105957031
1.9868923425674438
1.9875903129577637
1.9882888793945312
1.9889867305755615
1.9896843433380127
1.9903819561004639
1.9910801649093628
1.99177885055542
1.9924763441085815
1.9931745529174805
1.9938725233078003
1.9945704936981201
1.9952692985534668
1.9959667921066284
1.996666431427002
1.9973634481430054
1.9980628490447998
1.9987608194351196
1.99945867061615
2.0001580715179443
2.000856637954712
2.001554489135742
2.0022530555725098
2.002951145172119
2.003650188446045
2.004349708557129
2.0050477981567383
2.005746603012085
2.0064449310302734
2.007143497467041
2.0078420639038086
2.0085408687591553
2.009239912033081
2.0099384784698486
2.010637044906616
2.011335849761963
2.0120339393615723
2.0127341747283936
2.013432264328003
2.0141310691833496
2.014829397201538
2.015528678894043
2.0162270069122314
2.0169270038604736
2.017625331878662
2.018324375152588
2.019022226333618
2.0197207927703857
2.0204203128814697
2.0211198329925537
2.021818161010742
2.0225167274475098
2.0232157707214355
2.023914337158203
2.0246129035949707
2.025312662124634
2.0260114669799805
2.026710271835327
2.0274083614349365
2.028106689453125
2.028805732727051
2.029505491256714
2.0302040576934814
2.0309019088745117
2.0316009521484375
2.032299518585205
2.0329983234405518
2.0336976051330566
2.034395933151245
2.0350944995880127
2.035792827606201
2.0364909172058105
2.0371897220611572
2.037888765335083
2.0385875701904297
2.039285659790039
2.0399839878082275
2.040682077407837
2.0413801670074463
2.042079448699951
2.0427768230438232
2.043475866317749
2.0441737174987793
2.0448713302612305
2.0455691814422607
2.0462684631347656
2.046966552734375
2.047664165496826
2.0483620166778564
2.049060344696045
2.049757719039917
2.0504562854766846
2.0511538982391357
2.051852226257324
2.052548885345459
2.05324649810791
2.0539443492889404
2.05464243888855
2.05534029006958
2.056037425994873
2.056734085083008
2.057431936264038
2.05812931060791
2.0588266849517822
2.0595242977142334
2.0602216720581055
2.060918092727661
2.061614990234375
2.0623116493225098
2.0630099773406982
2.063706398010254
2.0644028186798096
2.0650992393493652
2.0657958984375
2.0664920806884766
2.0671889781951904
2.067885637283325
2.06858229637146
2.0692782402038574
2.069974184036255
2.0706703662872314
2.0713677406311035
2.0720627307891846
2.072758913040161
2.0734548568725586
2.074150800704956
2.074846029281616
2.075542449951172
2.0762381553649902
2.076932907104492
2.0776278972625732
2.0783236026763916
2.0790178775787354
2.079714059829712
2.080408811569214
2.0811033248901367
2.081798553466797
2.0824930667877197
2.0831878185272217
2.0838825702667236
2.0845773220062256
2.0852715969085693
2.085965871810913
2.0866594314575195
2.087352991104126
2.088047981262207
2.0887417793273926
2.0894358158111572
2.0901288986206055
2.090822219848633
2.0915157794952393
2.092210531234741
2.0929033756256104
2.0935957431793213
2.0942883491516113
2.0949811935424805
2.0956737995147705
2.096367359161377
2.097060203552246
2.0977518558502197
2.098444700241089
2.0991365909576416
2.0998284816741943
2.1005213260650635
2.1012134552001953
2.1019043922424316
2.102595567703247
2.1032874584198
2.103978395462036
2.104670763015747
2.1053614616394043
2.1060521602630615
2.1067428588867188
2.107433795928955
2.108123779296875
2.1088154315948486
2.1095056533813477
2.1101949214935303
2.1108853816986084
2.111574411392212
2.11226487159729
2.11295485496521
2.11364483833313
2.114333391189575
2.1150224208831787
2.1157116889953613
2.116400718688965
2.1170899868011475
2.1177780628204346
2.118467330932617
2.119155168533325
2.119843006134033
2.120530605316162
2.1212193965911865
2.1219072341918945
2.1225943565368652
2.123281717300415
2.1239688396453857
2.124655246734619
2.1253442764282227
2.126030206680298
2.126716136932373
2.1274020671844482
2.12808895111084
2.128775119781494
2.129462480545044
2.1301472187042236
2.1308329105377197
2.1315176486968994
2.1322033405303955
2.1328883171081543
2.133573293685913
2.134258270263672
2.1349425315856934
2.135627031326294
2.1363112926483154
2.1369950771331787
2.1376798152923584
2.1383631229400635
2.1390464305877686
2.1397299766540527
2.1404128074645996
2.1410958766937256
2.1417794227600098
2.1424617767333984
2.14314341545105
2.1438255310058594
2.144507646560669
2.1451895236968994
2.145872116088867
2.1465532779693604
2.1472346782684326
2.1479148864746094
2.1485960483551025
2.1492762565612793
2.1499571800231934
2.150637626647949
2.151317596435547
2.1519973278045654
2.152677059173584
2.1533560752868652
2.154036045074463
2.154714345932007
2.155393600463867
2.1560723781585693
2.1567506790161133
2.15742826461792
2.158106803894043
2.1587839126586914
2.1594619750976562
2.160139322280884
2.1608169078826904
2.1614937782287598
2.162170648574829
2.1628470420837402
2.1635231971740723
2.1641993522644043
2.164874315261841
2.1655502319335938
2.1662259101867676
2.166900634765625
2.1675755977630615
2.168250560760498
2.168924570083618
2.169600248336792
2.170273780822754
2.1709470748901367
2.1716201305389404
2.1722941398620605
2.172966480255127
2.1736390590667725
2.174312114715576
2.174984931945801
2.1756560802459717
2.1763291358947754
2.176999092102051
2.1776716709136963
2.1783432960510254
2.179013252258301
2.1796836853027344
2.180354356765747
2.181023359298706
2.1816940307617188
2.1823647022247314
2.1830334663391113
2.1837027072906494
2.184370756149292
2.1850390434265137
2.1857082843780518
2.1863760948181152
2.187044382095337
2.187711477279663
2.1883788108825684
2.1890459060668945
2.189711809158325
2.1903798580169678
2.1910455226898193
2.19171142578125
2.1923766136169434
2.193042278289795
2.1937079429626465
2.1943726539611816
2.195037603378296
2.1957013607025146
2.1963653564453125
2.1970295906066895
2.197692632675171
2.1983561515808105
2.19901967048645
2.199681043624878
2.2003438472747803
2.2010059356689453
2.2016685009002686
2.2023298740386963
2.202991247177124
2.2036523818969727
2.204312562942505
2.204972743988037
2.2056329250335693
2.2062933444976807
2.2069530487060547
2.2076117992401123
2.208270311355591
2.2089288234710693
2.2095882892608643
2.2102465629577637
2.2109036445617676
2.211561441421509
2.2122180461883545
2.2128748893737793
2.2135322093963623
2.214188575744629
2.214843988418579
2.2154998779296875
2.2161548137664795
2.2168095111846924
2.2174651622772217
2.2181193828582764
2.21877384185791
2.2194273471832275
2.220080614089966
2.2207329273223877
2.2213873863220215
2.2220396995544434
2.222691535949707
2.223343849182129
2.2239954471588135
2.224647045135498
2.2252979278564453
2.225947618484497
2.2265985012054443
2.227247953414917
2.2278976440429688
2.2285470962524414
2.2291972637176514
2.2298450469970703
2.2304935455322266
2.2311415672302246
2.231788396835327
2.232435703277588
2.233083724975586
2.2337303161621094
2.234376907348633
2.2350220680236816
2.2356677055358887
2.2363131046295166
2.2369587421417236
2.2376036643981934
2.2382471561431885
2.238891363143921
2.239534378051758
2.2401785850524902
2.240821599960327
2.241464376449585
2.242105722427368
2.2427475452423096
2.2433900833129883
2.244030237197876
2.2446725368499756
2.245312213897705
2.245952606201172
2.2465922832489014
2.247231960296631
2.2478702068328857
2.2485098838806152
2.2491488456726074
2.249785900115967
2.2504231929779053
2.251060962677002
2.251697063446045
2.2523348331451416
2.2529704570770264
2.2536063194274902
2.254241704940796
2.2548768520355225
2.2555110454559326
2.256146192550659
2.2567808628082275
2.257413387298584
2.258047103881836
2.2586796283721924
2.2593119144439697
2.2599446773529053
2.2605762481689453
2.2612085342407227
2.261838436126709
2.2624685764312744
2.263098955154419
2.2637298107147217
2.2643589973449707
2.2649874687194824
2.265615940093994
2.2662441730499268
2.2668726444244385
2.267500400543213
2.26812744140625
2.268754243850708
2.269380569458008
2.2700061798095703
2.270632266998291
2.2712576389312744
2.2718825340270996
2.2725062370300293
2.273130416870117
2.273754358291626
2.2743778228759766
2.275001287460327
2.275623083114624
2.276244878768921
2.276866912841797
2.277487277984619
2.2781078815460205
2.278728723526001
2.279348850250244
2.279968738555908
2.280588388442993
2.2812066078186035
2.281824827194214
2.2824432849884033
2.2830605506896973
2.2836782932281494
2.284294605255127
2.2849109172821045
2.2855265140533447
2.2861433029174805
2.2867581844329834
2.28737211227417
2.2879862785339355
2.288600444793701
2.2892136573791504
2.2898271083831787
2.2904396057128906
2.2910516262054443
2.291663408279419
2.2922749519348145
2.2928855419158936
2.2934958934783936
2.2941067218780518
2.2947163581848145
2.2953248023986816
2.2959342002868652
2.2965426445007324
2.2971506118774414
2.297757387161255
2.2983648777008057
2.298971176147461
2.299577236175537
2.300183057785034
2.3007888793945312
2.301393747329712
2.3019983768463135
2.3026020526885986
2.303205728530884
2.3038082122802734
2.304412364959717
2.305014133453369
2.3056161403656006
2.3062171936035156
2.3068177700042725
2.30741810798645
2.308018922805786
2.3086183071136475
2.3092167377471924
2.3098158836364746
2.3104145526885986
2.311011791229248
2.3116095066070557
2.312206506729126
2.312803030014038
2.313399076461792
2.3139946460723877
2.3145885467529297
2.3151841163635254
2.3157777786254883
2.3163719177246094
2.316964864730835
2.3175580501556396
2.318150281906128
2.3187429904937744
2.319333553314209
2.319924831390381
2.3205156326293945
2.3211047649383545
2.321695327758789
2.322283983230591
2.32287335395813
2.323460817337036
2.3240482807159424
2.3246355056762695
2.3252227306365967
2.3258097171783447
2.326395273208618
2.3269805908203125
2.3275654315948486
2.3281493186950684
2.328733205795288
2.329317808151245
2.3299007415771484
2.3304834365844727
2.3310649394989014
2.331646203994751
2.3322272300720215
2.3328089714050293
2.333387851715088
2.333968162536621
2.334547758102417
2.3351259231567383
2.3357040882110596
2.3362832069396973
2.3368594646453857
2.3374364376068115
2.3380126953125
2.3385884761810303
2.3391640186309814
2.3397395610809326
2.34031343460083
2.3408868312835693
2.3414599895477295
2.342033624649048
2.3426058292388916
2.3431780338287354
2.3437488079071045
2.344320297241211
2.344890594482422
2.3454606533050537
2.346029043197632
2.346599578857422
2.347167491912842
2.34773588180542
2.3483023643493652
2.348870038986206
2.3494365215301514
2.3500027656555176
2.3505680561065674
2.351133108139038
2.3516974449157715
2.352262020111084
2.3528249263763428
2.3533883094787598
2.353950262069702
2.3545124530792236
2.355074167251587
2.355635643005371
2.3561954498291016
2.3567559719085693
2.3573145866394043
2.3578741550445557
2.3584325313568115
2.358989953994751
2.3595478534698486
2.360105037689209
2.3606605529785156
2.3612170219421387
2.361772298812866
2.3623273372650146
2.3628811836242676
2.363436222076416
2.3639895915985107
2.3645412921905518
2.365093946456909
2.365645170211792
2.366196870803833
2.3667469024658203
2.367298126220703
2.367847442626953
2.3683972358703613
2.368945360183716
2.3694934844970703
2.370041847229004
2.370588779449463
2.3711349964141846
2.371680974960327
2.3722262382507324
2.3727710247039795
2.373317003250122
2.3738608360290527
2.3744044303894043
2.3749473094940186
2.3754894733428955
2.376030921936035
2.376572608947754
2.3771133422851562
2.3776538372039795
2.3781931400299072
2.3787310123443604
2.3792717456817627
2.379810333251953
2.3803470134735107
2.3808844089508057
2.381420135498047
2.3819563388824463
2.3824920654296875
2.3830275535583496
2.3835625648498535
2.3840949535369873
2.3846287727355957
2.3851616382598877
2.385694980621338
2.3862264156341553
2.3867568969726562
2.3872880935668945
2.3878180980682373
2.3883473873138428
2.3888766765594482
2.3894052505493164
2.3899340629577637
2.3904612064361572
2.390986919403076
2.3915133476257324
2.392040252685547
2.3925654888153076
2.393089771270752
2.3936140537261963
2.3941376209259033
2.394660711288452
2.395183563232422
2.395705223083496
2.396226644515991
2.3967483043670654
2.397268533706665
2.3977880477905273
2.398308277130127
2.3988258838653564
2.3993446826934814
2.3998618125915527
2.4003796577453613
2.4008960723876953
2.401411771774292
2.4019272327423096
2.40244197845459
2.402956247329712
2.403470277786255
2.4039838314056396
2.404496192932129
2.405008316040039
2.405519962310791
2.4060308933258057
2.4065418243408203
2.407050848007202
2.4075613021850586
2.4080700874328613
2.4085774421691895
2.409085988998413
2.4095919132232666
2.4100985527038574
2.4106051921844482
2.411111354827881
2.4116158485412598
2.4121198654174805
2.412623405456543
2.4131271839141846
2.413630485534668
2.4141318798065186
2.41463303565979
2.4151341915130615
2.415634870529175
2.41613507270813
2.416635513305664
2.4171335697174072
2.4176313877105713
2.4181289672851562
2.4186253547668457
2.4191224575042725
2.419618844985962
2.4201135635375977
2.4206089973449707
2.421102285385132
2.4215965270996094
2.422089099884033
2.4225821495056152
2.42307448387146
2.423565149307251
2.4240565299987793
2.424546241760254
2.4250361919403076
2.4255266189575195
2.4260144233703613
2.4265027046203613
2.4269895553588867
2.427476167678833
2.4279627799987793
2.4284486770629883
2.4289333820343018
2.4294183254241943
2.4299025535583496
2.4303858280181885
2.430868625640869
2.431351900100708
2.431832790374756
2.432313919067383
2.4327945709228516
2.433274745941162
2.4337542057037354
2.4342331886291504
2.434711217880249
2.4351894855499268
2.4356658458709717
2.436142683029175
2.4366183280944824
2.4370946884155273
2.4375698566436768
2.4380428791046143
2.4385170936584473
2.438991069793701
2.4394631385803223
2.4399356842041016
2.440406084060669
2.4408771991729736
2.44134783744812
2.441816806793213
2.442286491394043
2.4427554607391357
2.443222999572754
2.443690776824951
2.444157361984253
2.444622755050659
2.445089101791382
2.4455549716949463
2.446018695831299
2.4464831352233887
2.4469456672668457
2.447409152984619
2.447870969772339
2.448333263397217
2.448794364929199
2.449254035949707
2.449713945388794
2.4501736164093018
2.450632095336914
2.4510903358459473
2.4515480995178223
2.4520046710968018
2.452460527420044
2.4529168605804443
2.453371524810791
2.4538276195526123
2.454281806945801
2.454735040664673
2.4551873207092285
2.4556400775909424
2.4560911655426025
2.45654296875
2.456993341445923
2.4574429988861084
2.457892894744873
2.458341360092163
2.4587903022766113
2.459237575531006
2.4596848487854004
2.4601311683654785
2.4605777263641357
2.46102237701416
2.4614670276641846
2.461912155151367
2.462355136871338
2.462798595428467
2.463240623474121
2.4636828899383545
2.464123249053955
2.464564800262451
2.4650042057037354
2.4654431343078613
2.465883255004883
2.4663209915161133
2.466758966445923
2.4671967029571533
2.46763277053833
2.468069314956665
2.4685041904449463
2.4689393043518066
2.4693727493286133
2.4698078632354736
2.4702401161193848
2.470672369003296
2.471104383468628
2.4715354442596436
2.471965789794922
2.4723966121673584
2.4728260040283203
2.473255157470703
2.4736835956573486
2.474111795425415
2.474538803100586
2.4749653339385986
2.475390911102295
2.4758172035217285
2.47624135017395
2.476666212081909
2.4770896434783936
2.4775125980377197
2.477935314178467
2.4783575534820557
2.478778123855591
2.4791994094848633
2.4796195030212402
2.4800400733947754
2.4804584980010986
2.4808766841888428
2.481295108795166
2.4817123413085938
2.482128620147705
2.4825446605682373
2.4829607009887695
2.483375310897827
2.4837894439697266
2.4842031002044678
2.4846160411834717
2.4850289821624756
2.485441207885742
2.4858529567718506
2.486262798309326
2.4866743087768555
2.4870831966400146
2.487492799758911
2.487901210784912
2.488308906555176
2.4887163639068604
2.489121913909912
2.4895288944244385
2.4899349212646484
2.490339756011963
2.490743637084961
2.4911487102508545
2.4915502071380615
2.491953134536743
2.4923555850982666
2.492757797241211
2.4931583404541016
2.493558406829834
2.493957757949829
2.494357109069824
2.494755983352661
2.4951534271240234
2.495551109313965
2.49594783782959
2.4963438510894775
2.496739387512207
2.4971349239349365
2.4975297451019287
2.497922897338867
2.498316526412964
2.498708963394165
2.499100685119629
2.499492883682251
2.4998834133148193
2.5002737045288086
2.5006637573242188
2.5010528564453125
2.50144100189209
2.5018296241760254
2.5022172927856445
2.50260329246521
2.502990245819092
2.503375291824341
2.503760576248169
2.5041451454162598
2.5045294761657715
2.5049126148223877
2.5052950382232666
2.5056777000427246
2.506059169769287
2.5064406394958496
2.506821393966675
2.507200241088867
2.5075793266296387
2.507958173751831
2.5083365440368652
2.5087146759033203
2.50909161567688
2.5094685554504395
2.509843587875366
2.510218858718872
2.5105934143066406
2.51096773147583
2.511341094970703
2.511714220046997
2.5120863914489746
2.512458086013794
2.512829065322876
2.513200044631958
2.5135695934295654
2.5139400959014893
2.514308452606201
2.5146756172180176
2.5150439739227295
2.515410900115967
2.515778064727783
2.516143560409546
2.5165092945098877
2.516873836517334
2.517237901687622
2.51760196685791
2.5179641246795654
2.518327236175537
2.518688917160034
2.5190513134002686
2.5194108486175537
2.5197720527648926
2.5201313495635986
2.520490884780884
2.520848512649536
2.5212059020996094
2.5215630531311035
2.5219204425811768
2.5222768783569336
2.522632360458374
2.5229880809783936
2.523341655731201
2.523695230484009
2.5240490436553955
2.5244014263153076
2.5247533321380615
2.5251059532165527
2.525456190109253
2.525805711746216
2.5261571407318115
2.526505470275879
2.5268542766571045
2.527202844619751
2.527550220489502
2.5278966426849365
2.52824330329895
2.5285890102386475
2.528934955596924
