0.5007348656654358
0.5005982518196106
0.5004613399505615
0.5003239512443542
0.5001866817474365
0.5000490546226501
0.4999113082885742
0.49977344274520874
0.4996353089809418
0.4994966387748718
0.4993581473827362
0.4992193579673767
0.4990804195404053
0.49894142150878906
0.4988020360469818
0.49866247177124023
0.49852287769317627
0.498383104801178
0.49824321269989014
0.49810314178466797
0.49796292185783386
0.4978223443031311
0.49768179655075073
0.49754124879837036
0.4974004030227661
0.49725955724716187
0.49711859226226807
0.4969772696495056
0.49683600664138794
0.4966946542263031
0.4965531826019287
0.49641159176826477
0.4962698519229889
0.4961279034614563
0.49598604440689087
0.4958440959453583
0.4957021176815033
0.4955599308013916
0.4954177439212799
0.4952752888202667
0.4951329231262207
0.4949904680252075
0.49484795331954956
0.4947054088115692
0.4945628046989441
0.4944199323654175
0.4942771792411804
0.49413439631462097
0.4939916729927063
0.49384868144989014
0.49370577931404114
0.49356263875961304
0.4934196174144745
0.49327659606933594
0.4931335151195526
0.49299049377441406
0.4928472638130188
0.49270403385162354
0.49256083369255066
0.4924176335334778
0.4922744631767273
0.49213123321533203
0.49198806285858154
0.4918445944786072
0.4917013943195343
0.49155813455581665
0.4914148449897766
0.49127161502838135
0.49112841486930847
0.4909849464893341
0.49084168672561646
0.4906984567642212
0.4905552268028259
0.49041205644607544
0.49026891589164734
0.49012553691864014
0.4899822473526001
0.48983925580978394
0.4896959960460663
0.48955291509628296
0.489409863948822
0.4892665445804596
0.48912352323532104
0.4889804720878601
0.4888375997543335
0.4886946678161621
0.4885517358779907
0.4884085953235626
0.4882657527923584
0.48812299966812134
0.4879801869392395
0.4878374934196472
0.48769474029541016
0.4875519573688507
0.4874093532562256
0.48726674914360046
0.4871242940425873
0.48698168992996216
0.48683932423591614
0.486696720123291
0.48655444383621216
0.4864121079444885
0.48626986145973206
0.486127644777298
0.48598557710647583
0.4858432114124298
0.4857012629508972
0.48555925488471985
0.48541727662086487
0.48527541756629944
0.4851335883140564
0.48499175906181335
0.4848500192165375
0.484708309173584
0.48456674814224243
0.48442521691322327
0.4842837452888489
0.4841421842575073
0.4840008318424225
0.48385947942733765
0.4837183356285095
0.4835771322250366
0.48343604803085327
0.4832947850227356
0.48315373063087463
0.4830128252506256
0.4828720688819885
0.4827312231063843
0.4825904667377472
0.48244965076446533
0.4823090136051178
0.4821684956550598
0.48202797770500183
0.4818876385688782
0.48174726963043213
0.48160669207572937
0.48146650195121765
0.4813263416290283
0.4811862111091614
0.481046199798584
0.4809061884880066
0.4807661175727844
0.4806263744831085
0.4804864823818207
0.4803468585014343
0.480207234621048
0.4800676107406616
0.4799278974533081
0.4797884225845337
0.47964900732040405
0.47950977087020874
0.4793703854084015
0.4792312979698181
0.47909194231033325
0.47895288467407227
0.4788138270378113
0.47867488861083984
0.47853606939315796
0.4783971905708313
0.47825828194618225
0.4781195819377899
0.47798097133636475
0.47784239053726196
0.47770392894744873
0.4775654077529907
0.4774269163608551
0.47728854417800903
0.4771502614021301
0.47701209783554077
0.47687390446662903
0.4767358899116516
0.47659772634506226
0.47645968198776245
0.476321816444397
0.47618404030799866
0.47604620456695557
0.4759085178375244
0.4757705330848694
0.47563302516937256
0.4754953980445862
0.4753580093383789
0.47522053122520447
0.4750831425189972
0.47494566440582275
0.47480833530426025
0.4746711254119873
0.4745340645313263
0.47439688444137573
0.47425979375839233
0.47412267327308655
0.47398579120635986
0.4738489091396332
0.47371208667755127
0.47357529401779175
0.4734385013580322
0.47330164909362793
0.4731650948524475
0.4730284810066223
0.4728919267654419
0.4727555811405182
0.47261911630630493
0.4724825322628021
0.4723462760448456
0.47220999002456665
0.4720737934112549
0.4719375967979431
0.4718015193939209
0.4716652035713196
0.4715292453765869
0.47139325737953186
0.4712572991847992
0.47112149000167847
0.4709857106208801
0.4708496928215027
0.4707139730453491
0.47057825326919556
0.47044259309768677
0.47030699253082275
0.47017139196395874
0.47003576159477234
0.46990031003952026
0.4697648286819458
0.4696294963359833
0.46949419379234314
0.4693588614463806
0.4692234694957733
0.46908828616142273
0.46895307302474976
0.46881794929504395
0.4686829149723053
0.46854785084724426
0.46841269731521606
0.4682777225971222
0.4681427478790283
0.468007892370224
0.46787309646606445
0.4677383005619049
0.46760326623916626
0.4674685597419739
0.46733391284942627
0.4671992063522339
0.46706467866897583
0.466930091381073
0.4667953848838806
0.46666085720062256
0.46652644872665405
0.46639198064804077
0.46625757217407227
0.4661232531070709
0.46598875522613525
0.46585455536842346
0.4657203257083893
0.4655860960483551
0.46545183658599854
0.46531784534454346
0.46518346667289734
0.4650494456291199
0.4649154841899872
0.46478143334388733
0.4646475315093994
0.46451354026794434
0.4643794298171997
0.46424567699432373
0.4641118049621582
0.46397802233695984
0.46384429931640625
0.4637105464935303
0.46357667446136475
0.46344295144081116
0.46330931782722473
0.46317580342292786
0.4630421996116638
0.46290868520736694
0.46277499198913574
0.46264153718948364
0.4625081419944763
0.4623746871948242
0.4622412919998169
0.46210795640945435
0.46197447180747986
0.4618412256240845
0.4617078900337219
0.4615747332572937
0.4614415168762207
0.46130838990211487
0.46117502450942993
0.46104201674461365
0.4609089493751526
0.46077582240104675
0.46064281463623047
0.46050992608070374
0.4603767395019531
0.4602438509464264
0.46011078357696533
0.45997801423072815
0.4598451554775238
0.4597124457359314
0.4595795273780823
0.45944666862487793
0.4593140482902527
0.4591813385486603
0.45904868841171265
0.4589160680770874
0.4587831497192383
0.458650678396225
0.4585181474685669
0.4583855867385864
0.45825308561325073
0.4581206440925598
0.45798802375793457
0.4578556716442108
0.4577232003211975
0.45759087800979614
0.4574585556983948
0.4573262333869934
0.45719385147094727
0.4570615291595459
0.45692938566207886
0.4567972421646118
0.4566650390625
0.4565327763557434
0.45640069246292114
0.4562685787677765
0.4561365246772766
0.4560045003890991
0.455872505903244
0.4557406008243561
0.4556085169315338
0.4554766118526459
0.4553447365760803
0.45521292090415955
0.455081045627594
0.4549490213394165
0.4548172950744629
0.45468562841415405
0.45455390214920044
0.4544222354888916
0.45429059863090515
0.4541589617729187
0.4540272355079651
0.453895628452301
0.45376405119895935
0.45363256335258484
0.4535011053085327
0.4533694088459015
0.45323801040649414
0.4531066119670868
0.45297524333000183
0.45284393429756165
0.4527125954627991
0.4525810480117798
0.4524499177932739
0.45231863856315613
0.45218750834465027
0.45205628871917725
0.4519250988960266
0.451793909072876
0.4516627788543701
0.45153170824050903
0.4514007270336151
0.4512697160243988
0.45113876461982727
0.451007604598999
0.4508766829967499
0.4507457911968231
0.45061492919921875
0.45048415660858154
0.4503534138202667
0.4502224326133728
0.4500916600227356
0.44996094703674316
0.4498302638530731
0.44969964027404785
0.4495689868927002
0.44943827390670776
0.4493076801300049
0.4491771459579468
0.44904667139053345
0.4489162266254425
0.44878578186035156
0.4486551880836487
0.4485247731208801
0.44839441776275635
0.44826412200927734
0.44813379645347595
0.4480035901069641
0.44787317514419556
0.44774287939071655
0.4476127624511719
0.4474826455116272
0.4473525285720825
0.44722244143486023
0.4470921754837036
0.4469622075557709
0.44683220982551575
0.446702241897583
0.44657230377197266
0.4464423954486847
0.4463123679161072
0.4461824893951416
0.4460527300834656
0.4459229111671448
0.4457932114601135
0.44566357135772705
0.4455336034297943
0.4454039931297302
0.44527435302734375
0.4451448321342468
0.44501516222953796
0.4448857307434082
0.44475603103637695
0.44462665915489197
0.44449716806411743
0.44436776638031006
0.44423842430114746
0.4441090524196625
0.4439795911312103
0.4438503086566925
0.44372111558914185
0.4435918927192688
0.44346269965171814
0.44333359599113464
0.44320428371429443
0.44307515025138855
0.4429461359977722
0.4428171217441559
0.4426881670951843
0.44255924224853516
0.44243013858795166
0.44230127334594727
0.44217240810394287
0.4420435428619385
0.44191479682922363
0.4417860507965088
0.44165724515914917
0.44152846932411194
0.44139984250068665
0.44127118587493896
0.44114261865615845
0.4410141110420227
0.44088542461395264
0.4407568871974945
0.4406284689903259
0.44050002098083496
0.44037172198295593
0.44024336338043213
0.4401147961616516
0.43998652696609497
0.43985822796821594
0.439730167388916
0.4396018981933594
0.4394737780094147
0.43934544920921326
0.43921738862991333
0.4390893280506134
0.4389612674713135
0.4388333559036255
0.4387053847312927
0.4385773539543152
0.438449501991272
0.4383215308189392
0.4381937086582184
0.4380660057067871
0.43793827295303345
0.43781042098999023
0.43768274784088135
0.43755513429641724
0.43742746114730835
0.437299907207489
0.4371723532676697
0.4370446801185608
0.4369172751903534
0.4367898106575012
0.436662495136261
0.4365350604057312
0.43640774488449097
0.4362802505493164
0.43615299463272095
0.43602582812309265
0.43589866161346436
0.43577146530151367
0.43564438819885254
0.4355171024799347
0.43539005517959595
0.435263067483902
0.4351360499858856
0.4350091516971588
0.4348822832107544
0.43475520610809326
0.43462833762168884
0.43450161814689636
0.4343748092651367
0.43424805998802185
0.43412134051322937
0.4339945912361145
0.4338679313659668
0.4337413012981415
0.4336147606372833
0.43348827958106995
0.43336179852485657
0.4332351088523865
0.43310877680778503
0.4329823851585388
0.43285611271858215
0.43272972106933594
0.43260350823402405
0.43247702717781067
0.43235087394714355
0.43222472071647644
0.4320985972881317
0.4319724440574646
0.43184638023376465
0.4317202568054199
0.43159419298171997
0.43146824836730957
0.43134236335754395
0.4312165081501007
0.43109065294265747
0.4309646785259247
0.430838942527771
0.43071314692497253
0.4305874705314636
0.4304617941379547
0.4303361773490906
0.4302104115486145
0.43008482456207275
0.42995935678482056
0.42983385920524597
0.42970842123031616
0.42958301305770874
0.4294573664665222
0.42933207750320435
0.4292067885398865
0.429081529378891
0.4289562702178955
0.4288310110569
0.42870569229125977
0.4285805821418762
0.4284554123878479
0.4283304214477539
0.42820537090301514
0.42808035016059875
0.4279552698135376
0.42783039808273315
0.42770543694496155
0.42758065462112427
0.427455872297287
0.4273310601711273
0.4272060990333557
0.4270814061164856
0.42695674300193787
0.42683207988739014
0.4267074465751648
0.426582932472229
0.4264582395553589
0.42633381485939026
0.42620933055877686
0.42608487606048584
0.4259604811668396
0.4258361756801605
0.42571157217025757
0.4255872964859009
0.42546308040618896
0.42533889412879944
0.4252147674560547
0.42509058117866516
0.42496633529663086
0.4248422384262085
0.4247182011604309
0.4245941936969757
0.42447030544281006
0.424346387386322
0.42422229051589966
0.4240984320640564
0.42397454380989075
0.42385077476501465
0.42372703552246094
0.423603355884552
0.42347943782806396
0.4233558773994446
0.42323219776153564
0.42310863733291626
0.42298513650894165
0.4228615164756775
0.4227379560470581
0.42261451482772827
0.4224911630153656
0.42236775159835815
0.42224442958831787
0.4221211075782776
0.42199769616127014
0.421874463558197
0.42175132036209106
0.42162805795669556
0.4215049743652344
0.4213818907737732
0.4212586581707001
0.4211356043815613
0.42101263999938965
0.420889675617218
0.42076677083969116
0.4206438660621643
0.4205208718776703
0.4203980267047882
0.42027533054351807
0.42015260457992554
0.42002981901168823
0.41990721225738525
0.41978442668914795
0.4196617305278778
0.41953912377357483
0.419416606426239
0.419294148683548
0.41917163133621216
0.41904908418655396
0.4189266860485077
0.4188042879104614
0.4186819791793823
0.418559730052948
0.4184373915195465
0.41831502318382263
0.4181928038597107
0.4180707037448883
0.41794848442077637
0.41782641410827637
0.4177042245864868
0.4175821840763092
0.41746020317077637
0.4173382520675659
0.41721636056900024
0.41709446907043457
0.4169725179672241
0.41685056686401367
0.41672879457473755
0.4166070818901062
0.41648536920547485
0.4163636565208435
0.4162417948246002
0.41612014174461365
0.41599857807159424
0.41587701439857483
0.41575556993484497
0.4156339764595032
0.4155125617980957
0.4153909683227539
0.4152696132659912
0.4151482582092285
0.4150269031524658
0.4149056673049927
0.41478419303894043
0.41466301679611206
0.4145417809486389
0.4144206643104553
0.41429948806762695
0.4141784906387329
0.4140574038028717
0.41393613815307617
0.4138152003288269
0.4136943221092224
0.41357338428497314
0.4134524464607239
0.41333144903182983
0.41321051120758057
0.4130898118019104
0.41296905279159546
0.4128483235836029
0.41272759437561035
0.41260695457458496
0.41248619556427
0.41236555576324463
0.412244975566864
0.41212454438209534
0.4120039939880371
0.4118834137916565
0.41176295280456543
0.41164255142211914
0.4115222096443176
0.4114018380641937
0.4112815260887146
0.41116127371788025
0.41104090213775635
0.41092073917388916
0.4108005166053772
0.41068029403686523
0.4105602502822876
0.41043996810913086
0.410319983959198
0.41019999980926514
0.4100799560546875
0.4099600315093994
0.40984010696411133
0.4097200632095337
0.40960025787353516
0.4094804525375366
0.4093605577945709
0.40924084186553955
0.40912115573883057
0.40900129079818726
0.4088815748691559
0.40876197814941406
0.40864241123199463
0.4085228443145752
0.40840327739715576
0.40828365087509155
0.4081641435623169
0.408044695854187
0.4079253673553467
0.4078059792518616
0.40768659114837646
0.40756720304489136
0.407447874546051
0.40732860565185547
0.4072093963623047
0.4070902466773987
0.4069710969924927
0.40685173869132996
0.40673261880874634
0.4066135585308075
0.4064945578575134
0.40637558698654175
0.40625664591789246
0.40613752603530884
0.40601855516433716
0.40589970350265503
0.4057810306549072
0.40566208958625793
0.40554341673851013
0.40542447566986084
0.4053057134151459
0.4051870107650757
0.40506836771965027
0.40494978427886963
0.4048311710357666
0.404712438583374
0.40459394454956055
0.4044753611087799
0.4043569564819336
0.4042384922504425
0.4041200280189514
0.40400153398513794
0.4038832187652588
0.403764933347702
0.4036466181278229
0.4035283327102661
0.4034101366996765
0.4032917618751526
0.40317368507385254
0.40305548906326294
0.4029374122619629
0.40281933546066284
0.40270134806632996
0.40258318185806274
0.40246516466140747
0.40234726667404175
0.402229368686676
0.4021114408969879
0.40199363231658936
0.40187564492225647
0.40175774693489075
0.4016400873661041
0.40152227878570557
0.40140461921691895
0.40128692984580994
0.4011691212654114
0.40105149149894714
0.4009339213371277
0.4008164405822754
0.4006989002227783
0.40058138966560364
0.4004637598991394
0.4003462791442871
0.40022891759872437
0.4001116156578064
0.3999943137168884
0.3998769521713257
0.3997595012187958
0.39964228868484497
0.3995250463485718
0.39940786361694336
0.39929071068763733
0.3991735875606537
0.3990563750267029
0.39893925189971924
0.39882224798202515
0.3987051844596863
0.39858824014663696
0.39847132563591003
0.3983542323112488
0.3982373774051666
0.39812055230140686
0.3980036973953247
0.39788690209388733
0.39777013659477234
0.3976533114910126
0.3975365161895752
0.397419810295105
0.3973032534122467
0.39718663692474365
0.3970699906349182
0.3969533145427704
0.3968368172645569
0.3967203199863434
0.39660385251045227
0.39648744463920593
0.3963710069656372
0.3962545394897461
0.39613810181617737
0.3960217833518982
0.3959054946899414
0.3957892656326294
0.3956730365753174
0.39555662870407104
0.3954405188560486
0.39532437920570374
0.39520829916000366
0.3950921297073364
0.39497610926628113
0.3948599696159363
0.39474397897720337
0.39462798833847046
0.39451202750205994
0.39439618587493896
0.3942803740501404
0.3941643238067627
0.3940485119819641
0.3939327001571655
0.3938170075416565
0.3937011957168579
0.3935856223106384
0.39346981048583984
0.3933541178703308
0.39323854446411133
0.39312294125556946
0.39300739765167236
0.39289194345474243
0.3927762508392334
0.39266079664230347
0.3925454020500183
0.3924299478530884
0.3923145830631256
0.39219921827316284
0.3920837640762329
0.3919685184955597
0.3918532729148865
0.3917381167411804
0.3916229009628296
0.39150771498680115
0.39139240980148315
0.39127737283706665
0.39116230607032776
0.3910471796989441
0.39093223214149475
0.39081722497940063
0.3907020688056946
0.3905871510505676
0.39047229290008545
0.39035743474960327
0.3902425467967987
0.39012783765792847
0.39001286029815674
0.3898981213569641
0.3897833824157715
0.38966864347457886
0.3895540237426758
0.3894393742084503
0.3893246352672577
0.3892101049423218
0.3890955448150635
0.3889809846878052
0.3888665735721588
0.38875213265419006
0.3886374831199646
0.3885231018066406
0.3884087800979614
0.38829442858695984
0.38818007707595825
0.38806581497192383
0.38795143365859985
0.3878372609615326
0.38772302865982056
0.3876088559627533
0.3874947130680084
0.3873806595802307
0.3872664272785187
0.38715237379074097
0.38703837990760803
0.3869243264198303
0.38681045174598694
0.38669657707214355
0.38658246397972107
0.38646867871284485
0.38635480403900146
0.38624098896980286
0.38612717390060425
0.3860134482383728
0.38589954376220703
0.38578587770462036
0.3856722414493561
0.3855585753917694
0.3854449987411499
0.3853314220905304
0.3852177560329437
0.385104238986969
0.38499078154563904
0.3848772644996643
0.3847639560699463
0.38465043902397156
0.3845370411872864
0.38442373275756836
0.3843103051185608
0.3841971158981323
0.3840838372707367
0.3839706778526306
0.38385725021362305
0.38374412059783936
0.38363099098205566
0.38351789116859436
0.38340479135513306
0.3832917809486389
0.3831786811351776
0.3830656111240387
0.3829526901245117
0.38283979892730713
0.38272690773010254
0.38261401653289795
0.3825010657310486
0.38238829374313354
0.38227540254592896
0.3821626901626587
0.3820500373840332
0.3819371163845062
0.3818244934082031
0.3817119002342224
0.3815992772579193
0.38148677349090576
0.38137418031692505
0.38126158714294434
0.3811489939689636
0.38103657960891724
0.38092416524887085
0.380811870098114
0.3806994557380676
0.38058698177337646
0.38047468662261963
0.380362331867218
0.38025015592575073
0.38013797998428345
0.3800257444381714
0.37991368770599365
0.37980133295059204
0.37968915700912476
0.3795771896839142
0.37946513295173645
0.3793531060218811
0.379241019487381
0.3791290521621704
0.379017174243927
0.3789052963256836
0.3787933886051178
0.37868160009384155
0.3785698711872101
0.3784579336643219
0.37834620475769043
0.3782344460487366
0.37812280654907227
0.3780111074447632
0.3778993487358093
0.3777877390384674
0.37767621874809265
0.3775647282600403
0.3774532079696655
0.37734177708625793
0.37723031640052795
0.3771187663078308
0.3770073652267456
0.3768960237503052
0.37678468227386475
0.37667346000671387
0.3765619993209839
0.376450777053833
0.3763395845890045
0.376228392124176
0.3761173486709595
0.37600618600845337
0.37589508295059204
0.37578392028808594
0.3756729066371918
0.37556192278862
0.375450998544693
0.3753400146961212
0.37522900104522705
0.3751181364059448
0.375007301568985
0.37489646673202515
0.37478578090667725
0.3746750056743622
0.3745642304420471
0.37445342540740967
0.374342679977417
0.37423214316368103
0.3741214871406555
0.37401098012924194
0.37390023469924927
0.3737897276878357
0.3736792802810669
0.37356889247894287
0.3734584450721741
0.3733481168746948
0.3732377290725708
0.373127281665802
0.37301695346832275
0.3729066848754883
0.3727964460849762
0.3726862668991089
0.37257587909698486
0.3724657893180847
0.3723556399345398
0.37224557995796204
0.37213557958602905
0.3720254898071289
0.3719155490398407
0.3718053698539734
0.37169548869132996
0.3715856373310089
0.3714756965637207
0.37136584520339966
0.37125593423843384
0.37114614248275757
0.3710363805294037
0.3709266185760498
0.37081700563430786
0.37070733308792114
0.3705976903438568
0.37048792839050293
0.37037840485572815
0.37026894092559814
0.37015941739082336
0.37004995346069336
0.36994028091430664
0.3698308765888214
0.36972153186798096
0.3696121573448181
0.36950284242630005
0.369393527507782
0.3692842721939087
0.3691748380661011
0.36906570196151733
0.3689565360546112
0.36884742975234985
0.36873823404312134
0.3686290383338928
0.36852002143859863
0.36841103434562683
0.36830204725265503
0.3681930899620056
0.3680841326713562
0.3679751455783844
0.3678662180900574
0.36775749921798706
0.3676486611366272
0.3675398528575897
0.3674311637878418
0.3673222064971924
0.3672136664390564
0.3671049475669861
0.3669963479042053
0.36688777804374695
0.3667791783809662
0.36667048931121826
0.36656203866004944
0.366453617811203
0.3663451671600342
0.36623668670654297
0.3661283850669861
0.3660199046134949
0.3659115731716156
0.3658033013343811
0.36569511890411377
0.3655868172645569
0.36547866463661194
0.36537039279937744
0.3652622699737549
0.3651542365550995
0.3650461435317993
0.3649381399154663
0.3648301064968109
0.36472201347351074
0.3646140396595001
0.3645061254501343
0.364398330450058
0.36429041624069214
0.36418262124061584
0.36407470703125
0.36396700143814087
0.36385929584503174
0.3637515902519226
0.3636438846588135
0.3635363280773163
0.36342862248420715
0.3633210361003876
0.36321353912353516
0.36310604214668274
0.3629986047744751
0.36289116740226746
0.3627835810184479
0.36267614364624023
0.36256882548332214
0.3624616265296936
0.36235424876213074
0.3622470498085022
0.36213964223861694
0.3620325028896332
0.361925333738327
0.36181819438934326
0.36171114444732666
0.36160409450531006
0.36149686574935913
0.3613898754119873
0.36128297448158264
0.3611760139465332
0.36106908321380615
0.36096230149269104
0.3608552813529968
0.3607485294342041
0.3606416583061218
0.3605349361896515
0.36042821407318115
0.36032161116600037
0.36021482944488525
0.3601081967353821
0.3600015640258789
0.35989511013031006
0.35978853702545166
0.35968202352523804
0.35957542061805725
0.3594689965248108
0.3593626320362091
0.3592562675476074
0.3591499328613281
0.35904356837272644
0.35893726348876953
0.3588309586048126
0.35872483253479004
0.3586186170578003
0.35851240158081055
0.35840633511543274
0.35830020904541016
0.35819411277770996
0.35808807611465454
0.35798215866088867
0.35787615180015564
0.35777032375335693
0.35766422748565674
0.35755833983421326
0.3574526309967041
0.3573467433452606
0.3572409749031067
0.3571352958679199
0.3570295572280884
0.3569238483905792
0.35681819915771484
0.3567126393318176
0.35660701990127563
0.3565015196800232
0.3563958406448364
0.35629040002822876
0.3561848998069763
0.3560795187950134
0.35597407817840576
0.3558688759803772
0.35576337575912476
0.3556581139564514
0.3555528223514557
0.3554476499557495
0.35534247756004333
0.35523730516433716
0.355132132768631
0.3550269603729248
0.35492193698883057
0.35481688380241394
0.35471194982528687
0.35460707545280457
0.3545019030570984
0.3543970584869385
0.35429221391677856
0.35418736934661865
0.3540826141834259
0.3539777994155884
0.3538728952407837
0.3537682890892029
0.3536636233329773
0.3535589575767517
0.3534543812274933
0.35334983468055725
0.3532451391220093
0.35314062237739563
0.35303616523742676
0.3529317378997803
0.3528273403644562
0.35272297263145447
0.3526184558868408
0.3525141477584839
0.35240989923477173
0.35230571031570435
0.3522014617919922
0.3520972728729248
0.35199299454689026
0.35188886523246765
0.3517847955226898
0.3516807556152344
0.3515768051147461
0.35147273540496826
0.35136866569519043
0.35126471519470215
0.3511608839035034
0.3510569930076599
0.3509531617164612
0.35084936022758484
0.3507455587387085
0.35064181685447693
0.35053813457489014
0.35043448209762573
0.35033082962036133
0.3502272367477417
0.3501235544681549
0.35002002120018005
0.3499165177345276
0.3498131036758423
0.349709689617157
0.34960630536079407
0.3495027422904968
0.3493994474411011
0.34929612278938293
0.34919291734695435
0.349089652299881
0.34898650646209717
0.34888315200805664
0.3487800359725952
0.34867700934410095
0.34857386350631714
0.34847086668014526
0.3483678698539734
0.3482647240161896
0.3481617867946625
0.348058819770813
0.3479560613632202
0.3478531837463379
0.3477504253387451
0.347647488117218
0.34754472970962524
0.34744203090667725
0.347339391708374
0.3472367227077484
0.34713414311408997
0.3470314145088196
0.3469289243221283
0.346826434135437
0.3467239737510681
0.34662148356437683
0.34651893377304077
0.3464165925979614
0.3463141918182373
0.3462119698524475
0.34610968828201294
0.3460073471069336
0.34590527415275574
0.34580284357070923
0.345700740814209
0.34559863805770874
0.3454965651035309
0.3453945517539978
0.3452923893928528
0.3451904058456421
0.3450884222984314
0.34498652815818787
0.3448846936225891
0.34478285908699036
0.3446810841560364
0.3445791006088257
0.3444773554801941
0.34437572956085205
0.34427398443222046
0.3441723585128784
0.3440706431865692
0.3439689874649048
0.3438674807548523
0.3437659442424774
0.3436645269393921
0.343563050031662
0.34346166253089905
0.34336012601852417
0.3432587683200836
0.34315750002861023
0.34305620193481445
0.3429548740386963
0.3428535759449005
0.34275248646736145
0.34265127778053284
0.3425500988960266
0.3424491286277771
0.34234803915023804
0.3422470688819885
0.3421459496021271
0.3420449495315552
0.3419440984725952
0.3418431878089905
0.3417423367500305
0.341641366481781
0.3415406346321106
0.3414398729801178
0.34133920073509216
0.34123852849006653
0.3411378860473633
0.34103721380233765
0.340936541557312
0.3408359885215759
0.3407354950904846
0.3406350612640381
0.34053459763526917
0.34043407440185547
0.3403336703777313
0.34023332595825195
0.34013307094573975
0.34003275632858276
0.33993247151374817
0.3398323059082031
0.33973199129104614
0.3396318852901459
0.3395317792892456
0.3394317030906677
0.3393316864967346
0.3392315208911896
0.3391314744949341
0.3390316367149353
0.33893170952796936
0.3388317823410034
0.33873191475868225
0.3386322259902954
0.33853229880332947
0.33843255043029785
0.3383328914642334
0.33823317289352417
0.3381335139274597
0.3380337953567505
0.3379342555999756
0.33783474564552307
0.33773523569107056
0.33763575553894043
0.3375363349914551
0.3374369740486145
0.3373374342918396
0.337238073348999
0.33713874220848083
0.3370395302772522
0.3369402587413788
0.33684098720550537
0.3367418646812439
0.3366427421569824
0.33654361963272095
0.3364444971084595
0.3363455832004547
0.3362464904785156
0.3361474275588989
0.3360484838485718
0.3359496295452118
0.3358507752418518
0.3357519507408142
0.33565303683280945
0.335554301738739
0.3354555070400238
0.33535683155059814
0.3352581858634949
0.3351595401763916
0.33506083488464355
0.33496230840682983
0.3348638415336609
0.33476531505584717
0.33466681838035583
0.3345683813095093
0.33446988463401794
0.33437156677246094
0.33427321910858154
0.3341749608516693
0.3340766429901123
0.3339785039424896
0.3338802456855774
0.3337820768356323
0.33368390798568726
0.33358585834503174
0.33348774909973145
0.3333898186683655
0.3332917094230652
0.3331937789916992
0.33309584856033325
0.33299800753593445
0.33290010690689087
0.33280235528945923
0.33270445466041565
0.33260679244995117
0.33250904083251953
0.33241134881973267
0.3323137164115906
0.33221614360809326
0.3321184515953064
0.3320208787918091
0.33192339539527893
0.3318258225917816
0.3317284882068634
0.3316311240196228
0.33153361082077026
0.33143627643585205
0.3313390016555786
0.3312416672706604
0.33114445209503174
0.33104726672172546
0.3309500217437744
0.33085283637046814
0.33075574040412903
0.3306587338447571
0.33056169748306274
0.3304647207260132
0.3303676247596741
0.3302707374095917
0.33017390966415405
0.3300769329071045
0.32998019456863403
0.329883337020874
0.3297865390777588
0.32968974113464355
0.32959309220314026
0.32949644327163696
0.32939982414245605
0.3293032646179199
0.32920658588409424
0.3291100859642029
0.3290136456489563
0.32891717553138733
0.32882076501846313
0.32872438430786133
0.32862794399261475
0.3285316228866577
0.3284353017807007
0.3283390998840332
0.3282428979873657
0.328146755695343
0.32805049419403076
0.32795441150665283
0.3278582692146301
0.32776230573654175
0.3276662826538086
0.3275703191757202
0.32747429609298706
0.32737842202186584
0.32728248834609985
0.32718661427497864
0.3270907998085022
0.3269951343536377
0.32689931988716125
0.32680362462997437
0.3267079293727875
0.32661235332489014
0.32651668787002563
0.32642120122909546
0.32632550597190857
0.32623010873794556
0.32613471150398254
0.32603919506073
0.32594379782676697
0.32584843039512634
0.32575297355651855
0.3256577253341675
0.3255624771118164
0.32546722888946533
0.3253721296787262
0.3252769112586975
0.32518166303634644
0.3250865936279297
0.3249915838241577
0.3248966336250305
0.32480165362358093
0.3247067332267761
0.32461172342300415
0.3245168924331665
0.3244220018386841
0.32432717084884644
0.3242324888706207
0.32413771748542786
0.3240429162979126
0.3239482045173645
0.32385361194610596
0.3237590193748474
0.32366448640823364
0.3235699236392975
0.32347536087036133
0.32338088750839233
0.32328641414642334
0.32319211959838867
0.32309773564338684
0.3230034112930298
0.32290899753570557
0.3228147625923157
0.3227205276489258
0.32262635231018066
0.32253217697143555
0.3224380612373352
0.3223438560962677
0.3222498297691345
0.32215583324432373
0.3220618963241577
0.3219679594039917
0.3218739628791809
0.3217800259590149
0.32168614864349365
0.32159245014190674
0.32149869203567505
0.3214048743247986
0.3213110566139221
0.32121741771698
0.32112377882003784
0.3210301399230957
0.3209366202354431
0.32084307074546814
0.3207496404647827
0.3206559419631958
0.32056254148483276
0.3204692602157593
0.32037585973739624
0.320282518863678
0.32018911838531494
0.32009583711624146
0.3200027048587799
0.3199094533920288
0.31981635093688965
0.31972312927246094
0.31963014602661133
0.319536954164505
0.319443941116333
0.3193509578704834
0.31925806403160095
0.3191651403903961
0.3190721273422241
0.31897926330566406
0.3188864588737488
0.31879371404647827
0.31870099902153015
0.31860828399658203
0.3185155987739563
0.3184228539466858
0.3183302879333496
0.31823769211769104
0.31814515590667725
0.3180527091026306
0.31796008348464966
0.317867636680603
0.31777524948120117
0.3176828622817993
0.31759053468704224
0.31749826669692993
0.3174060583114624
0.3173137307167053
0.3172215223312378
0.31712934374809265
0.3170372247695923
0.3169451355934143
0.31685298681259155
0.3167610168457031
0.3166689872741699
0.3165770173072815
0.31648513674736023
0.31639325618743896
0.3163013458251953
0.31620949506759644
0.3161177337169647
0.3160260319709778
0.31593433022499084
0.31584256887435913
0.3157508373260498
0.3156592547893524
0.3155677318572998
0.3154761791229248
0.3153846859931946
0.31529325246810913
0.3152018189430237
0.3151102364063263
0.3150189518928528
0.3149275779724121
0.314836323261261
0.3147450387477875
0.3146536946296692
0.31456246972084045
0.3144713044166565
0.3143802285194397
0.3142891228199005
0.3141981065273285
0.31410709023475647
0.3140159249305725
0.31392496824264526
0.3138341009616852
0.3137432336807251
0.3136523365974426
0.31356143951416016
0.31347066164016724
0.3133798837661743
0.31328925490379333
0.31319859623908997
0.3131079077720642
0.3130173087120056
0.31292665004730225
0.3128361105918884
0.3127455711364746
0.31265515089035034
0.3125646710395813
0.31247422099113464
0.31238389015197754
0.31229352951049805
0.31220322847366333
0.3121129274368286
0.31202271580696106
0.3119325637817383
0.3118422329425812
0.31175220012664795
0.31166213750839233
0.31157198548316956
0.3114820122718811
0.3113918602466583
0.31130194664001465
0.31121206283569336
0.3111221492290497
0.3110322654247284
0.31094247102737427
0.31085270643234253
0.31076285243034363
0.31067314743995667
0.3105834126472473
0.3104938268661499
0.3104042410850525
0.31031450629234314
0.3102249503135681
0.31013545393943787
0.3100460469722748
0.3099565804004669
0.3098672032356262
0.30977779626846313
0.3096882998943329
0.30959898233413696
0.309509813785553
0.3094205856323242
0.30933135747909546
0.3092420697212219
0.3091529905796051
0.3090638518333435
0.30897486209869385
0.3088858127593994
0.30879682302474976
0.3087078928947449
0.30861881375312805
0.3085300028324127
0.308441162109375
0.3083522915840149
0.30826351046562195
0.30817463994026184
0.30808591842651367
0.3079972267150879
0.3079085946083069
0.30782002210617065
0.30773138999938965
0.3076428174972534
0.3075542449951172
0.3074657917022705
0.30737730860710144
0.3072889447212219
0.30720055103302
0.30711203813552856
0.307023823261261
0.30693554878234863
0.3068472743034363
0.3067591190338135
0.3066709339618683
0.30658280849456787
0.3064945936203003
0.30640649795532227
0.3063185214996338
0.3062305450439453
0.30614256858825684
0.3060544729232788
0.3059666156768799
0.30587875843048096
0.3057909607887268
0.30570319294929504
0.3056153953075409
0.3055276870727539
0.30543988943099976
0.30535218119621277
0.30526459217071533
0.3051770031452179
0.30508944392204285
0.30500179529190063
0.3049143850803375
0.3048269748687744
0.3047395348548889
0.3046521544456482
0.30456483364105225
0.3044775128364563
0.3043901026248932
0.30430281162261963
0.3042156994342804
0.3041284382343292
0.3040413558483124
0.3039541244506836
0.30386704206466675
0.30378004908561707
0.3036930561065674
0.3036060929298401
0.30351918935775757
0.3034322261810303
0.3033452033996582
0.30325835943222046
0.3031715750694275
0.3030848205089569
0.3029981255531311
0.30291128158569336
0.3028246760368347
0.3027380108833313
0.3026515245437622
0.3025648891925812
0.3024783730506897
0.3023919463157654
0.30230534076690674
0.3022189140319824
0.3021325469017029
0.30204617977142334
0.3019598722457886
0.30187344551086426
0.30178719758987427
0.30170100927352905
0.30161479115486145
0.3015286326408386
0.30144256353378296
0.30135655403137207
0.3012702465057373
0.3011843264102936
0.3010982871055603
0.3010123372077942
0.3009263873100281
0.30084049701690674
0.3007546365261078
0.30066877603530884
0.3005830645561218
0.3004973828792572
0.3004116415977478
0.3003259599208832
0.3002402186393738
0.30015456676483154
0.30006903409957886
0.29998350143432617
0.29989802837371826
0.2998124659061432
0.2997269928455353
0.2996416687965393
0.2995561957359314
0.2994709312915802
0.29938560724258423
0.2993001937866211
0.2992149889469147
0.299129843711853
0.299044668674469
0.29895952343940735
0.29887446761131287
0.29878926277160645
0.29870423674583435
0.29861927032470703
0.2985343337059021
0.2984493374824524
0.298364520072937
0.2982795536518097
0.2981947064399719
0.2981099486351013
0.2980251908302307
0.2979404926300049
0.29785582423210144
0.29777103662490845
0.2976863980293274
0.2976018190383911
0.2975172996520996
0.2974327504634857
0.2973483204841614
0.2972637414932251
0.29717934131622314
0.2970949411392212
0.297010600566864
0.2969263792037964
0.2968420386314392
0.29675766825675964
0.296673446893692
0.2965892553329468
0.2965051531791687
0.2964211106300354
0.29633694887161255
0.29625287652015686
0.29616883397102356
0.2960848808288574
0.2960009276866913
0.2959170341491699
0.29583311080932617
0.2957491874694824
0.29566535353660583
0.295581579208374
0.295497864484787
0.29541417956352234
0.29533058404922485
0.29524675011634827
0.29516318440437317
0.29507970809936523
0.29499608278274536
0.2949126362800598
0.2948291003704071
0.2947455644607544
0.2946621775627136
0.2945788502693176
0.29449552297592163
0.294412225484848
0.2943289875984192
0.2942456007003784
0.29416242241859436
0.2940792441368103
0.2939961552619934
0.2939130663871765
0.293830007314682
0.2937468886375427
0.2936638295650482
0.29358088970184326
0.29349803924560547
0.2934151291847229
0.29333221912384033
0.29324933886528015
0.29316651821136475
0.2930837571620941
0.29300108551979065
0.2929183840751648
0.29283571243286133
0.2927529811859131
0.2926703691482544
0.29258787631988525
0.2925053536891937
0.2924228012561798
0.2923402786254883
0.2922578454017639
0.2921755015850067
0.2920931279659271
0.2920108139514923
0.2919285297393799
0.29184624552726746
0.2917640507221222
0.29168185591697693
0.29159969091415405
0.2915175259113312
0.2914354205131531
0.2913532853126526
0.29127126932144165
0.2911892831325531
0.29110729694366455
0.29102542996406555
0.29094353318214417
0.29086175560951233
0.29077979922294617
0.29069796204566956
0.2906162440776825
0.2905345857143402
0.29045286774635315
0.2903710901737213
0.2902895212173462
0.29020795226097107
0.2901264429092407
0.290044903755188
0.28996342420578003
0.28988197445869446
0.2898004353046417
0.2897190749645233
0.2896377444267273
0.28955647349357605
0.2894751727581024
0.289393812417984
0.28931260108947754
0.28923138976097107
0.2891502380371094
0.28906920552253723
0.2889880836009979
0.2889070212841034
0.2888258993625641
0.2887449562549591
0.2886640131473541
0.2885831892490387
0.2885022759437561
0.28842130303382874
0.2883405387401581
0.2882597744464874
0.2881790101528168
0.2880983054637909
0.2880175709724426
0.2879369854927063
0.2878562808036804
0.2877757251262665
0.28769513964653015
0.287614643573761
0.2875342071056366
0.28745362162590027
0.2873731851577759
0.28729283809661865
0.2872125208377838
0.287132203578949
0.2870519459247589
0.2869717478752136
0.2868914306163788
0.2868112325668335
0.2867310345172882
0.28665104508399963
0.2865709066390991
0.2864907383918762
0.2864108085632324
0.2863307595252991
0.2862507998943329
0.28617095947265625
0.28609105944633484
0.2860112488269806
0.2859313189983368
0.2858515679836273
0.28577175736427307
0.28569215536117554
0.28561243414878845
0.28553271293640137
0.28545311093330383
0.2853735685348511
0.2852940261363983
0.28521445393562317
0.28513506054878235
0.2850555181503296
0.2849760353565216
0.2848966717720032
0.28481730818748474
0.2847380042076111
0.2846587896347046
0.2845793664455414
0.28450021147727966
0.28442099690437317
0.2843419015407562
0.2842627763748169
0.28418371081352234
0.2841046452522278
0.28402554988861084
0.2839466333389282
0.28386759757995605
0.28378865122795105
0.2837097942829132
0.28363096714019775
0.2835521101951599
0.28347325325012207
0.28339457511901855
0.28331586718559265
0.28323718905448914
0.283158540725708
0.2830798029899597
0.28300124406814575
0.2829227149486542
0.2828441858291626
0.2827657163143158
0.28268712759017944
0.2826087474822998
0.2825303375720978
0.2824520468711853
0.28237372636795044
0.2822954058647156
0.2822171747684479
0.2821388840675354
0.2820607125759125
0.28198254108428955
0.281904399394989
0.28182631731033325
0.28174811601638794
0.2816700339317322
0.2815921902656555
0.28151413798332214
0.28143632411956787
0.2813583314418793
0.2812805771827698
0.2812025845050812
0.2811248004436493
0.2810470759868622
0.28096938133239746
0.28089168667793274
0.28081396222114563
0.2807362973690033
0.28065869212150574
0.28058114647865295
0.28050363063812256
0.28042611479759216
0.28034862875938416
0.28027114272117615
0.28019383549690247
0.28011640906333923
0.2800390422344208
0.27996179461479187
0.279884397983551
0.2798071801662445
0.27973002195358276
0.27965283393859863
0.2795756161212921
0.27949851751327515
0.27942147850990295
0.2793443500995636
0.27926740050315857
0.27919042110443115
0.27911344170570374
0.27903661131858826
0.2789596617221832
0.27888280153274536
0.27880600094795227
0.2787291705608368
0.27865248918533325
0.2785758078098297
0.2784990966320038
0.2784223258495331
0.2783457040786743
0.2782691419124603
0.2781926095485687
0.2781161069869995
0.27803948521614075
0.27796313166618347
0.27788659930229187
0.27781030535697937
0.2777339518070221
0.2776576578617096
0.2775813341140747
0.27750495076179504
0.27742883563041687
0.27735260128974915
0.2772764265537262
0.2772003412246704
0.27712416648864746
0.2770480513572693
0.27697208523750305
0.2768961489200592
0.27682018280029297
0.27674421668052673
0.27666833996772766
0.2765923738479614
0.27651652693748474
0.2764407694339752
0.2763649523258209
0.27628928422927856
0.27621346712112427
0.2761378288269043
0.2760621905326843
0.27598655223846436
0.2759110927581787
0.27583545446395874
0.2757599651813507
0.2756844162940979
0.27560898661613464
0.2755335867404938
0.2754582166671753
0.2753828763961792
0.27530747652053833
0.27523213624954224
0.2751569151878357
0.27508172392845154
0.2750065326690674
0.2749314308166504
0.2748563587665558
0.27478113770484924
0.274706095457077
0.2746310234069824
0.27455613017082214
0.27448123693466187
0.2744060754776001
0.2743311822414398
0.2742563486099243
0.2741815447807312
0.2741067409515381
0.2740320563316345
0.2739572525024414
0.2738824188709259
0.2738078236579895
0.2737331688404083
0.2736585736274719
0.2735840678215027
0.2735094130039215
0.27343493700027466
0.2733604311943054
0.27328604459762573
0.27321159839630127
0.2731372117996216
0.2730627655982971
0.272988498210907
0.27291420102119446
0.2728399634361267
0.27276572585105896
0.2726915776729584
0.27261731028556824
0.27254319190979004
0.2724691927433014
0.27239516377449036
0.27232101559638977
0.2722470462322235
0.27217304706573486
0.272099107503891
0.2720251977443695
0.2719514071941376
0.27187755703926086
0.27180370688438416
0.27172988653182983
0.27165618538856506
0.2715824544429779
0.27150875329971313
0.2714352011680603
0.27136167883872986
0.2712879478931427
0.27121439576148987
0.2711409628391266
0.27106741070747375
0.27099400758743286
0.2709205448627472
0.27084705233573914
0.270773708820343
0.2707004249095917
0.27062714099884033
0.27055391669273376
0.2704806923866272
0.27040740847587585
0.27033427357673645
0.27026113867759705
0.27018803358078003
0.2701149582862854
0.27004191279411316
0.2699688971042633
0.2698959410190582
0.269822895526886
0.26975002884864807
0.2696772515773773
0.26960432529449463
0.2695314884185791
0.26945871114730835
0.2693859338760376
0.2693132758140564
0.2692406475543976
0.269167959690094
0.269095242023468
0.269022673368454
0.26895007491111755
0.2688775658607483
0.26880505681037903
0.26873263716697693
0.2686600983142853
0.26858776807785034
0.26851537823677063
0.2684430778026581
0.26837068796157837
0.26829853653907776
0.26822608709335327
0.26815393567085266
0.26808178424835205
0.26800963282585144
0.2679375410079956
0.2678655683994293
0.26779332756996155
0.2677213251590729
0.267649382352829
0.2675774395465851
0.2675054669380188
0.2674335539340973
0.26736167073249817
0.26728981733322144
0.2672180235385895
0.2671462893486023
0.2670745253562927
0.26700279116630554
0.26693105697631836
0.2668594717979431
0.26678788661956787
0.266716331243515
0.26664477586746216
0.2665732502937317
0.26650169491767883
0.2664302587509155
0.2663588523864746
0.2662874162197113
0.26621606945991516
0.266144722700119
0.26607343554496765
0.26600217819213867
0.2659308910369873
0.2658597230911255
0.26578858494758606
0.26571741700172424
0.2656462788581848
0.26557523012161255
0.26550421118736267
0.2654331624507904
0.2653622329235077
0.26529115438461304
0.26522019505500793
0.26514938473701477
0.2650785744190216
0.2650076746940613
0.2649368643760681
0.2648661732673645
0.26479533314704895
0.26472461223602295
0.2646539807319641
0.2645833194255829
0.26451268792152405
0.2644420862197876
0.2643716037273407
0.2643010914325714
0.2642306089401245
0.26416015625
0.26408976316452026
0.2640193700790405
0.263948917388916
0.26387861371040344
0.2638082802295685
0.26373806595802307
0.2636678218841553
0.2635975480079651
0.26352736353874207
0.26345720887184143
0.26338717341423035
0.26331716775894165
0.2632470726966858
0.2631770372390747
0.2631070017814636
0.2630369961261749
0.26296713948249817
0.2628972828388214
0.2628273665904999
0.26275745034217834
0.26268765330314636
0.26261797547340393
0.2625482380390167
0.26247844099998474
0.2624087929725647
0.26233920454978943
0.2622695565223694
0.2621999979019165
0.26213037967681885
0.26206091046333313
0.2619914710521698
0.26192188262939453
0.2618524432182312
0.26178309321403503
0.2617136240005493
0.2616443336009979
0.2615751326084137
0.2615059018135071
0.2614365220069885
0.2613673210144043
0.26129817962646484
0.2612289786338806
0.2611599266529083
0.2610907554626465
0.2610216736793518
0.2609526515007019
0.2608836591243744
0.2608146667480469
0.2607458233833313
0.26067689061164856
0.2606079876422882
0.26053911447525024
0.26047030091285706
0.26040151715278625
0.2603328227996826
0.26026400923728943
0.2601952850818634
0.26012665033340454
0.26005804538726807
0.25998950004577637
0.2599208950996399
0.2598523795604706
0.2597838044166565
0.25971531867980957
0.2596468925476074
0.2595783770084381
0.2595100700855255
0.25944167375564575
0.2593734562397003
0.25930508971214294
0.2592368423938751
0.2591686546802521
0.25910040736198425
0.25903230905532837
0.25896406173706055
0.2588959038257599
0.25882789492607117
0.25875988602638245
0.2586918771266937
0.25862380862236023
0.2585558593273163
0.2584879398345947
0.25842007994651794
0.258352130651474
0.2582843005657196
0.25821661949157715
0.25814875960350037
0.25808095932006836
0.2580132484436035
0.25794556736946106
0.25787797570228577
0.2578102946281433
0.25774267315864563
0.25767508149147034
0.2576075792312622
0.2575400471687317
0.2574726343154907
0.25740525126457214
0.257337749004364
0.25727036595344543
0.25720301270484924
0.2571357190608978
0.257068395614624
0.2570011019706726
0.25693386793136597
0.2568666636943817
0.256799578666687
0.25673243403434753
0.25666531920433044
0.25659820437431335
0.2565310597419739
0.2564640939235687
0.2563970983028412
0.2563302516937256
0.2562633156776428
0.2561963200569153
0.2561294436454773
0.2560625970363617
0.25599581003189087
0.2559290826320648
0.2558623254299164
0.2557956576347351
0.2557288408279419
0.255662202835083
0.2555955946445465
0.25552898645401
0.2554624080657959
0.255395770072937
0.25532931089401245
0.2552628219127655
0.2551964223384857
0.25512996315956116
0.25506365299224854
0.25499728322029114
0.25493091344833374
0.25486457347869873
0.2547983229160309
0.2547321021556854
0.25466597080230713
0.2545996308326721
0.2545335292816162
0.2544673681259155
0.2544013559818268
0.25433528423309326
0.2542692720890045
0.25420331954956055
0.25413721799850464
0.25407126545906067
0.25400543212890625
0.25393953919410706
0.25387370586395264
0.25380775332450867
0.2537420690059662
0.25367632508277893
0.25361061096191406
0.2535448670387268
0.2534791827201843
0.2534136474132538
0.25334781408309937
0.2532823383808136
0.2532167434692383
0.2531512379646301
0.2530857026576996
0.25302019715309143
0.2529548108577728
0.25288936495780945
0.2528240978717804
0.2527587115764618
0.25269341468811035
0.2526281177997589
0.25256282091140747
0.2524975538253784
0.25243237614631653
0.252367228269577
0.2523021101951599
0.25223690271377563
0.2521718144416809
0.2521067261695862
0.2520417869091034
0.2519768476486206
0.25191184878349304
0.25184690952301025
0.2517819404602051
0.25171706080436707
0.2516522705554962
0.2515874207019806
0.2515226900577545
0.2514578104019165
0.2513931095600128
0.2513284683227539
0.25126373767852783
0.25119921565055847
0.2511345148086548
0.25106996297836304
0.2510054111480713
0.25094085931777954
0.25087636709213257
0.250811904668808
0.2507475018501282
0.2506830096244812
0.2506186366081238
0.25055429339408875
0.2504899799823761
0.25042566657066345
0.2503614127635956
0.2502971589565277
0.25023290514945984
0.2501688301563263
0.2501046359539032
0.25004059076309204
0.2499764859676361
0.24991244077682495
0.2498483657836914
0.24978438019752502
0.24972039461135864
0.24965649843215942
0.24959257245063782
0.2495286464691162
0.249464750289917
0.2494010031223297
0.24933722615242004
0.24927347898483276
0.2492096722126007
0.24914589524269104
0.24908223748207092
0.2490185797214508
0.24895498156547546
0.2488914430141449
0.24882784485816956
0.248764306306839
0.24870070815086365
0.24863728880882263
0.24857386946678162
0.2485104501247406
0.24844712018966675
0.24838364124298096
0.24832028150558472
0.24825704097747803
0.24819377064704895
0.24813053011894226
0.24806731939315796
0.24800407886505127
0.24794086813926697
0.24787774682044983
0.24781471490859985
0.2477516233921051
0.24768862128257751
0.24762552976608276
0.24756252765655518
0.24749964475631714
0.24743664264678955
0.2473738193511963
0.24731093645095825
0.24724805355072021
0.24718523025512695
0.2471224069595337
0.2470596730709076
0.2469969391822815
0.24693429470062256
0.2468714714050293
0.24680888652801514
0.24674633145332336
0.24668365716934204
0.24662119150161743
0.24655869603157043
0.24649611115455627
0.24643361568450928
0.24637120962142944
0.2463088035583496
0.2462463676929474
0.24618405103683472
0.2461215853691101
0.2460593283176422
0.24599701166152954
0.24593481421470642
0.24587267637252808
0.24581041932106018
0.24574828147888184
0.2456861436367035
0.24562406539916992
0.24556195735931396
0.2454998791217804
0.24543792009353638
0.2453758418560028
0.24531394243240356
0.24525198340415955
0.2451901137828827
0.24512824416160583
0.24506625533103943
0.24500450491905212
0.24494275450706482
0.24488100409507751
0.24481922388076782
0.24475756287574768
0.24469587206840515
0.24463415145874023
0.24457255005836487
0.2445109486579895
0.2444494366645813
0.24438783526420593
0.24432626366615295
0.24426478147506714
0.2442033588886261
0.24414190649986267
0.2440805435180664
0.24401912093162537
0.24395787715911865
0.2438964545726776
0.24383530020713806
0.24377399682998657
0.24371272325515747
0.2436515986919403
0.24359026551246643
0.24352920055389404
0.2434680461883545
0.2434069812297821
0.24334591627120972
0.24328488111495972
0.2432239055633545
0.2431628406047821
0.24310192465782166
0.2430410385131836
0.24298012256622314
0.24291926622390747
0.24285835027694702
0.24279752373695374
0.24273672699928284
0.2426760196685791
0.24261528253555298
0.24255463480949402
0.24249398708343506
0.24243322014808655
0.24237260222434998
0.24231207370758057
0.242251455783844
0.24219095706939697
0.2421303689479828
0.24206990003585815
0.2420094907283783
0.24194908142089844
0.24188870191574097
0.24182826280593872
0.2417679727077484
0.24170762300491333
0.24164730310440063
0.24158704280853271
0.24152681231498718
0.2414667308330536
0.2414063811302185
0.24134624004364014
0.24128621816635132
0.24122604727745056
0.24116599559783936
0.24110594391822815
0.2410459816455841
0.2409859597682953
0.24092599749565125
0.2408660650253296
0.2408061921596527
0.24074625968933105
0.24068641662597656
0.24062660336494446
0.24056679010391235
0.24050700664520264
0.24044737219810486
0.24038761854171753
0.24032798409461975
0.24026820063591003
0.24020859599113464
0.24014902114868164
0.24008944630622864
0.24002990126609802
0.23997029662132263
0.23991090059280396
0.23985138535499573
0.23979192972183228
0.2397325336933136
0.2396731674671173
0.23961380124092102
0.23955443501472473
0.23949512839317322
0.23943588137626648
0.23937657475471497
0.23931744694709778
0.23925817012786865
0.2391989529132843
0.2391398549079895
0.23908072710037231
0.2390216588973999
0.23896265029907227
0.23890361189842224
0.2388446033000946
0.23878556489944458
0.2387266457080841
0.23866775631904602
0.23860889673233032
0.23854991793632507
0.23849105834960938
0.23843231797218323
0.23837348818778992
0.23831471800804138
0.23825603723526
0.23819726705551147
0.23813852667808533
0.23807990550994873
0.23802128434181213
0.23796266317367554
0.2379041314125061
0.2378455102443695
0.23778697848320007
0.23772850632667542
0.23767003417015076
0.23761165142059326
0.23755323886871338
0.2374947965145111
0.2374364137649536
0.23737800121307373
0.2373197376728058
0.237261563539505
0.23720324039459229
0.23714491724967957
0.23708677291870117
0.23702853918075562
0.23697051405906677
0.23691239953041077
0.23685425519943237
0.23679617047309875
0.23673805594444275
0.2366800606250763
0.23662212491035461
0.23656412959098816
0.23650625348091125
0.2364482581615448
0.2363903820514679
0.23633256554603577
0.23627468943595886
0.2362169623374939
0.23615914583206177
0.23610135912895203
0.23604357242584229
0.23598599433898926
0.2359282672405243
0.2358706295490265
0.23581302165985107
0.23575535416603088
0.23569780588150024
0.23564022779464722
0.23558270931243896
0.2355252504348755
0.235467791557312
0.2354103922843933
0.23535287380218506
0.23529550433158875
0.23523813486099243
0.2351807951927185
0.23512351512908936
0.23506617546081543
0.23500895500183105
0.2349517047405243
0.2348945140838623
0.2348373830318451
0.23478025197982788
0.23472309112548828
0.2346658706665039
0.23460891842842102
0.2345517873764038
0.23449483513832092
0.23443788290023804
0.2343808114528656
0.23432382941246033
0.234266996383667
0.2342100739479065
0.23415327072143555
0.23409640789031982
0.23403963446617126
0.23398274183273315
0.23392599821090698
0.23386922478675842
0.2338126301765442
0.23375588655471802
0.23369914293289185
0.23364248871803284
0.233585923910141
0.23352941870689392
0.23347285389900208
0.23341631889343262
0.23335978388786316
0.23330330848693848
0.23324686288833618
0.2331904172897339
0.23313400149345398
0.23307761549949646
0.23302122950553894
0.23296493291854858
0.23290863633155823
0.23285239934921265
0.23279616236686707
0.23273995518684387
0.23268374800682068
0.2326275110244751
0.23257139325141907
0.23251527547836304
0.23245921730995178
0.23240309953689575
0.2323470115661621
0.23229104280471802
0.23223504424095154
0.23217907547950745
0.23212316632270813
0.2320672571659088
0.2320113480091095
0.23195534944534302
0.23189952969551086
0.2318437695503235
0.23178797960281372
0.23173227906227112
0.23167642951011658
0.23162072896957397
0.23156499862670898
0.23150935769081116
0.23145371675491333
0.23139816522598267
0.23134258389472961
0.2312869429588318
0.2312314510345459
0.23117601871490479
0.23112043738365173
0.23106497526168823
0.23100954294204712
0.230954110622406
0.23089870810508728
0.23084333539009094
0.23078802227973938
0.2307327389717102
0.2306773066520691
0.23062211275100708
0.2305668592453003
0.23051172494888306
0.23045659065246582
0.23040130734443665
0.23034611344337463
0.23029103875160217
0.2302360236644745
0.23018094897270203
0.23012590408325195
0.23007088899612427
0.2300158441066742
0.22996094822883606
0.229905903339386
0.22985106706619263
0.22979620099067688
0.22974136471748352
0.22968637943267822
0.22963163256645203
0.22957685589790344
0.22952213883399963
0.22946736216545105
0.22941270470619202
0.22935789823532104
0.229303240776062
0.22924861311912537
0.22919395565986633
0.22913941740989685
0.22908490896224976
0.22903025150299072
0.22897574305534363
0.22892126441001892
0.228866845369339
0.22881239652633667
0.22875797748565674
0.22870349884033203
0.22864916920661926
0.22859477996826172
0.22854048013687134
0.22848618030548096
0.22843191027641296
0.22837764024734497
0.22832340002059937
0.22826921939849854
0.2282150685787201
0.22816088795661926
0.2281067967414856
0.22805261611938477
0.22799858450889587
0.2279444932937622
0.2278904914855957
0.2278364896774292
0.22778254747390747
0.2277284860610962
0.22767451405525208
0.22762063145637512
0.22756683826446533
0.22751295566558838
0.2274591326713562
0.22740527987480164
0.22735148668289185
0.22729772329330444
0.2272440493106842
0.2271903157234192
0.22713661193847656
0.22708287835121155
0.22702926397323608
0.22697564959526062
0.22692206501960754
0.22686848044395447
0.22681495547294617
0.22676131129264832
0.2267078161239624
0.22665441036224365
0.22660097479820251
0.22654753923416138
0.2264942228794098
0.2264406979084015
0.2263873815536499
0.22633403539657593
0.22628074884414673
0.22622743248939514
0.22617414593696594
0.2261209487915039
0.22606772184371948
0.22601455450057983
0.22596141695976257
0.22590824961662292
0.22585514187812805
0.2258020043373108
0.2257489264011383
0.22569581866264343
0.2256428301334381
0.22558990120887756
0.22553685307502747
0.22548389434814453
0.22543099522590637
0.2253781259059906
0.22532519698143005
0.22527235746383667
0.22521954774856567
0.22516664862632751
0.2251138687133789
0.22506111860275269
0.22500839829444885
0.2249557077884674
0.2249029278755188
0.22485026717185974
0.22479769587516785
0.2247450053691864
0.2246924340724945
0.22463983297348022
0.22458729147911072
0.2245347499847412
0.22448226809501648
0.22442978620529175
0.2243773639202118
0.22432488203048706
0.22427242994308472
0.22421997785568237
0.22416764497756958
0.2241153120994568
0.22406303882598877
0.22401079535484314
0.22395849227905273
0.22390618920326233
0.2238539159297943
0.22380173206329346
0.22374960780143738
0.22369739413261414
0.22364521026611328
0.22359314560890198
0.2235409915447235
0.22348898649215698
0.22343692183494568
0.22338497638702393
0.22333291172981262
0.2232809066772461
0.22322899103164673
0.22317707538604736
0.22312518954277039
0.22307327389717102
0.22302132844924927
0.22296947240829468
0.22291767597198486
0.22286590933799744
0.22281420230865479
0.22276243567466736
0.2227107286453247
0.22265896201133728
0.22260725498199463
0.22255563735961914
0.22250404953956604
0.22245243191719055
0.22240081429481506
0.22234928607940674
0.22229772806167603
0.2222461998462677
0.2221945822238922
0.2221432328224182
0.22209182381629944
0.2220402956008911
0.22198885679244995
0.22193753719329834
0.22188618779182434
0.22183486819267273
0.22178342938423157
0.2217322289943695
0.2216809093952179
0.22162964940071106
0.2215784788131714
0.22152727842330933
0.22147613763809204
0.22142484784126282
0.2213737666606903
0.2213226854801178
0.2212715744972229
0.221220463514328
0.2211693823337555
0.22111836075782776
0.22106730937957764
0.22101643681526184
0.22096550464630127
0.2209145426750183
0.22086367011070251
0.22081264853477478
0.22076177597045898
0.22071105241775513
0.22066015005111694
0.2206093966960907
0.2205585539340973
0.22050774097442627
0.2204570770263672
0.22040632367134094
0.22035562992095947
0.22030499577522278
0.22025439143180847
0.220203697681427
0.22015303373336792
0.22010257840156555
0.22005194425582886
0.2200014591217041
0.21995088458061218
0.21990036964416504
0.2198498547077179
0.2197994589805603
0.21974903345108032
0.21969866752624512
0.21964827179908752
0.21959784626960754
0.21954751014709473
0.2194972038269043
0.21944692730903625
0.21939662098884583
0.21934634447097778
0.21929609775543213
0.21924591064453125
0.21919575333595276
0.21914556622505188
0.2190954089164734
0.21904528141021729
0.21899518370628357
0.21894508600234985
0.2188950777053833
0.21884503960609436
0.21879500150680542
0.21874496340751648
0.21869498491287231
0.21864503622055054
0.21859511733055115
0.21854516863822937
0.21849530935287476
0.21844545006752014
0.21839556097984314
0.2183457314968109
0.21829596161842346
0.218246191740036
0.21819642186164856
0.2181466519832611
0.21809694170951843
0.21804723143577576
0.21799755096435547
0.21794793009757996
0.21789830923080444
0.21784871816635132
0.21779906749725342
0.21774950623512268
0.21770000457763672
0.2176504135131836
0.2176010012626648
0.21755141019821167
0.21750202775001526
0.21745255589485168
0.21740317344665527
0.2173537015914917
0.21730434894561768
0.21725496649742126
0.21720564365386963
0.21715635061264038
0.21710705757141113
0.2170577347278595
0.21700850129127502
0.21695923805236816
0.21691003441810608
0.21686086058616638
0.21681174635887146
0.21676257252693176
0.21671336889266968
0.21666422486305237
0.21661528944969177
0.21656617522239685
0.2165171205997467
0.21646812558174133
0.21641916036605835
0.21637001633644104
0.21632114052772522
0.21627220511436462
0.21622323989868164
0.21617445349693298
0.21612539887428284
0.2160765528678894
0.21602779626846313
0.2159789800643921
0.21593019366264343
0.21588140726089478
0.2158326506614685
0.21578389406204224
0.21573513746261597
0.21568650007247925
0.21563777327537537
0.21558919548988342
0.21554046869277954
0.2154918909072876
0.21544331312179565
0.21539470553398132
0.21534621715545654
0.21529772877693176
0.2152491807937622
0.21520057320594788
0.21515214443206787
0.21510383486747742
0.21505537629127502
0.21500694751739502
0.21495848894119263
0.214910089969635
0.21486178040504456
0.2148134410381317
0.21476516127586365
0.21471691131591797
0.2146686315536499
0.21462029218673706
0.21457207202911377
0.21452385187149048
0.21447572112083435
0.21442759037017822
0.21437940001487732
0.2143312394618988
0.21428319811820984
0.2142351269721985
0.21418708562850952
0.21413904428482056
0.2140910029411316
0.21404296159744263
0.21399497985839844
0.21394702792167664
0.21389901638031006
0.21385112404823303
0.21380320191383362
0.2137552797794342
0.21370738744735718
0.21365955471992493
0.21361184120178223
0.21356400847434998
0.2135162055492401
0.21346834301948547
0.21342065930366516
0.21337294578552246
0.21332520246505737
0.21327751874923706
0.21322977542877197
0.21318212151527405
0.21313458681106567
0.21308693289756775
0.213039368391037
0.21299177408218384
0.21294423937797546
0.21289664506912231
0.21284916996955872
0.21280166506767273
0.2127542793750763
0.2127067744731903
0.21265923976898193
0.21261194348335266
0.21256446838378906
0.21251711249351501
0.21246978640556335
0.2124224305152893
0.21237513422966003
0.212327778339386
0.2122805118560791
0.21223324537277222
0.2121860384941101
0.212138831615448
0.21209147572517395
0.212044358253479
0.21199724078178406
0.21195006370544434
0.211902916431427
0.21185582876205444
0.21180877089500427
0.21176165342330933
0.21171462535858154
0.21166759729385376
0.2116205394268036
0.2115735113620758
0.21152657270431519
0.21147963404655457
0.21143269538879395
0.2113858163356781
0.21133887767791748
0.2112920582294464
0.21124514937400818
0.2111983299255371
0.21115148067474365
0.2111046314239502
0.21105781197547913
0.21101117134094238
0.2109643518924713
0.2109176218509674
0.2108708918094635
0.21082422137260437
0.21077755093574524
0.2107308804988861
0.21068426966667175
0.21063756942749023
0.21059101819992065
0.2105444073677063
0.21049797534942627
0.21045133471488953
0.21040475368499756
0.21035823225975037
0.21031180024147034
0.2102653682231903
0.2102189064025879
0.21017250418663025
0.2101261019706726
0.2100796401500702
0.21003323793411255
0.20998698472976685
0.2099406123161316
0.20989426970481873
0.20984795689582825
0.20980164408683777
0.20975536108016968
0.20970913767814636
0.20966291427612305
0.20961669087409973
0.2095705270767212
0.20952430367469788
0.20947816967964172
0.20943203568458557
0.2093859314918518
0.20933982729911804
0.20929375290870667
0.2092476785182953
0.2092016041278839
0.2091556191444397
0.2091095745563507
0.20906364917755127
0.2090175449848175
0.20897161960601807
0.20892557501792908
0.20887970924377441
0.20883393287658691
0.20878806710243225
0.20874205231666565
0.20869630575180054
0.2086503803730011
0.208604633808136
0.20855876803398132
0.2085130512714386
0.2084673047065735
0.2084214985370636
0.20837581157684326
0.20833006501197815
0.2082844078540802
0.20823875069618225
0.2081930935382843
0.20814743638038635
0.20810183882713318
0.20805624127388
0.20801058411598206
0.20796507596969604
0.20791944861412048
0.20787397027015686
0.20782846212387085
0.20778298377990723
0.2077375054359436
0.20769211649894714
0.20764654874801636
0.2076011598110199
0.20755574107170105
0.20751038193702698
0.2074650228023529
0.20741969347000122
0.20737427473068237
0.20732897520065308
0.20728367567062378
0.20723843574523926
0.20719316601753235
0.20714789628982544
0.20710256695747375
0.207057386636734
0.20701217651367188
0.2069670855998993
0.20692181587219238
0.20687678456306458
0.20683154463768005
0.20678648352622986
0.2067413330078125
0.20669624209403992
0.2066512405872345
0.2066062092781067
0.20656117796897888
0.2065161168575287
0.20647114515304565
0.20642611384391785
0.2063811719417572
0.2063363492488861
0.20629137754440308
0.20624643564224243
0.20620152354240417
0.20615670084953308
0.2061118185520172
0.20606696605682373
0.20602211356163025
0.20597729086875916
0.20593249797821045
0.20588776469230652
0.2058430314064026
0.20579826831817627
0.20575350522994995
0.2057088315486908
0.20566412806510925
0.2056194543838501
0.2055748701095581
0.20553022623062134
0.2054855227470398
0.2054409384727478
0.2053963541984558
0.20535176992416382
0.2053072452545166
0.2052626609802246
0.205218106508255
0.20517364144325256
0.20512914657592773
0.2050846517086029
0.20504024624824524
0.20499581098556519
0.20495134592056274
0.2049068808555603
0.20486250519752502
0.20481812953948975
0.20477384328842163
0.20472940802574158
0.20468512177467346
0.20464077591896057
0.20459654927253723
0.20455226302146912
0.204507976770401
0.20446377992630005
0.20441949367523193
0.20437529683113098
0.20433107018470764
0.20428693294525146
0.2042427659034729
0.20419856905937195
0.20415446162223816
0.20411038398742676
0.2040662169456482
0.20402222871780396
0.20397815108299255
0.20393404364585876
0.20388996601104736
0.20384597778320312
0.2038019299507141
0.20375800132751465
0.20371398329734802
0.20367002487182617
0.20362606644630432
0.20358213782310486
0.20353826880455017
0.20349439978599548
0.20345047116279602
0.2034066915512085
0.20336279273033142
0.20331889390945435
0.20327511429786682
0.20323136448860168
0.20318758487701416
0.20314377546310425
0.2031000554561615
0.2030562460422516
0.20301255583763123
0.20296889543533325
0.20292526483535767
0.20288148522377014
0.20283782482147217
0.20279425382614136
0.20275050401687622
0.2027069628238678
0.2026633322238922
0.2026197910308838
0.2025761604309082
0.20253264904022217
0.20248913764953613
0.2024456262588501
0.2024020552635193
0.20235860347747803
0.20231503248214722
0.20227164030075073
0.20222821831703186
0.202184796333313
0.2021414041519165
0.20209792256355286
0.20205458998680115
0.20201122760772705
0.20196792483329773
0.20192453265190125
0.20188122987747192
0.20183798670768738
0.20179462432861328
0.20175138115882874
0.20170807838439941
0.20166486501693726
0.20162159204483032
0.20157834887504578
0.2015351951122284
0.201492041349411
0.20144891738891602
0.2014056146144867
0.20136255025863647
0.2013193964958191
0.2012762427330017
0.20123320817947388
0.20119011402130127
0.20114704966545105
0.20110401511192322
0.201060950756073
0.20101788640022278
0.2009749412536621
0.20093190670013428
0.20088893175125122
0.20084595680236816
0.20080304145812988
0.20076006650924683
0.20071718096733093
0.20067432522773743
0.20063140988349915
0.20058846473693848
0.20054560899734497
0.20050275325775146
0.20045998692512512
0.20041713118553162
0.20037436485290527
0.20033150911331177
0.2002888321876526
0.2002459466457367
0.20020321011543274
0.20016050338745117
0.20011776685714722
0.20007508993148804
0.20003241300582886
0.1999897062778473
0.1999470591545105
0.1999044120311737
0.1998617947101593
0.19981920719146729
0.19977658987045288
0.1997338831424713
0.19969141483306885
0.19964885711669922
0.19960632920265198
0.19956377148628235
0.1995212435722351
0.19947874546051025
0.199436217546463
0.19939374923706055
0.19935137033462524
0.19930890202522278
0.1992664337158203
0.19922396540641785
0.19918158650398254
0.19913920760154724
0.19909685850143433
0.19905447959899902
0.19901204109191895
0.1989697515964508
0.19892743229866028
0.19888508319854736
0.198842853307724
0.19880062341690063
0.1987583339214325
0.19871601462364197
0.198673814535141
0.19863158464431763
0.19858932495117188
0.1985471248626709
0.1985049545764923
0.1984628140926361
0.19842064380645752
0.1983785331249237
0.19833633303642273
0.19829431176185608
0.19825220108032227
0.1982100009918213
0.19816794991493225
0.19812583923339844
0.1980838179588318
0.19804176688194275
0.1979997754096985
0.19795775413513184
0.19791573286056519
0.1978737711906433
0.19783177971839905
0.1977899670600891
0.19774794578552246
0.19770598411560059
0.1976640224456787
0.1976221799850464
0.1975802779197693
0.1975383460521698
0.1974964737892151
0.19745469093322754
0.1974128782749176
0.19737103581428528
0.19732916355133057
0.1972874402999878
0.19724565744400024
0.19720378518104553
0.19716206192970276
0.1971202790737152
0.19707855582237244
0.19703692197799683
0.19699519872665405
0.1969534456729889
0.1969117820262909
0.19687020778656006
0.19682851433753967
0.19678685069084167
0.19674521684646606
0.19670358300209045
0.19666200876235962
0.1966204047203064
0.19657886028289795
0.1965373158454895
0.1964956521987915
0.19645416736602783
0.196412593126297
0.1963711380958557
0.19632965326309204
0.19628816843032837
0.1962466537952423
0.19620510935783386
0.19616377353668213
0.19612231850624084
0.19608086347579956
0.19603943824768066
0.19599807262420654
0.19595661759376526
0.19591528177261353
0.19587388634681702
0.19583258032798767
0.19579118490219116
0.1957499384880066
0.19570857286453247
0.19566726684570312
0.19562596082687378
0.19558468461036682
0.19554343819618225
0.1955021321773529
0.19546091556549072
0.19541972875595093
0.19537854194641113
0.19533735513687134
0.19529613852500916
0.19525492191314697
0.19521376490592957
0.19517257809638977
0.19513151049613953
0.19509032368659973
0.1950491964817047
0.19500809907913208
0.19496700167655945
0.19492587447166443
0.19488483667373657
0.19484376907348633
0.19480276107788086
0.19476163387298584
0.19472065567970276
0.19467967748641968
0.19463872909545898
0.19459766149520874
0.19455671310424805
0.19451570510864258
0.19447484612464905
0.1944338083267212
0.19439294934272766
0.19435203075408936
0.19431111216545105
0.19427016377449036
0.19422930479049683
0.19418847560882568
0.19414764642715454
0.1941068172454834
0.19406592845916748
0.19402512907981873
0.1939842402935028
0.19394350051879883
0.19390267133712769
0.1938619613647461
0.19382116198539734
0.19378039240837097
0.193739652633667
0.19369900226593018
0.19365820288658142
0.1936175525188446
0.19357678294181824
0.19353607296943665
0.19349536299705505
0.1934548020362854
0.1934141218662262
0.19337353110313416
0.19333291053771973
0.19329223036766052
0.1932516098022461
0.19321101903915405
0.193170428276062
0.19312992691993713
0.19308936595916748
0.19304877519607544
0.1930082142353058
0.1929677128791809
0.19292721152305603
0.19288671016693115
0.19284623861312866
0.19280564785003662
0.19276520609855652
0.1927247941493988
0.19268429279327393
0.1926439106464386
0.1926034390926361
0.19256305694580078
0.19252261519432068
0.19248220324516296
0.19244185090065002
0.19240152835845947
0.19236114621162415
0.19232073426246643
0.19228041172027588
0.19224008917808533
0.19219976663589478
0.19215944409370422
0.19211924076080322
0.19207879900932312
0.19203859567642212
0.19199836254119873
0.19195809960365295
0.19191789627075195
0.19187763333320618
0.1918373703956604
0.1917971670627594
0.19175702333450317
0.1917167603969574
0.19167661666870117
0.19163644313812256
0.19159623980522156
0.1915561556816101
0.1915159523487091
0.19147583842277527
0.19143575429916382
0.1913955807685852
0.19135549664497375
0.1913154125213623
0.19127529859542847
0.1912352740764618
0.19119521975517273
0.19115519523620605
0.19111517071723938
0.19107508659362793
0.19103503227233887
0.19099512696266174
0.19095513224601746
0.19091510772705078
0.19087514281272888
0.1908351480960846
0.19079521298408508
0.19075530767440796
0.19071534276008606
0.19067540764808655
0.19063550233840942
0.1905956268310547
0.19055578112602234
0.19051584601402283
0.1904759407043457
0.19043606519699097
0.190396249294281
0.19035643339157104
0.19031652808189392
0.19027674198150635
0.190236896276474
0.1901971697807312
0.19015729427337646
0.19011756777763367
0.1900777816772461
0.19003799557685852
0.18999820947647095
0.18995845317840576
0.18991872668266296
0.18987897038459778
0.18983930349349976
0.18979957699775696
0.18975993990898132
0.1897203028202057
0.18968051671981812
0.18964087963104248
0.18960115313529968
0.18956157565116882
0.1895219385623932
0.18948227167129517
0.18944260478019714
0.18940302729606628
0.1893634796142578
0.18932390213012695
0.1892842948436737
0.18924471735954285
0.1892050802707672
0.18916559219360352
0.18912601470947266
0.18908649682998657
0.18904700875282288
0.18900743126869202
0.18896794319152832
0.18892845511436462
0.18888890743255615
0.18884947896003723
0.1888100504875183
0.18877053260803223
0.18873101472854614
0.18869155645370483
0.1886521875858307
0.18861278891563416
0.18857333064079285
0.18853390216827393
0.18849459290504456
0.18845513463020325
0.1884157657623291
0.18837642669677734
0.18833699822425842
0.18829768896102905
0.18825837969779968
0.18821904063224792
0.18817970156669617
0.1881403625011444
0.18810108304023743
0.18806171417236328
0.1880224347114563
0.18798315525054932
0.18794390559196472
0.18790468573570251
0.18786540627479553
0.18782615661621094
0.18778684735298157
0.18774762749671936
0.18770843744277954
0.18766915798187256
0.18763002753257751
0.1875908374786377
0.18755167722702026
0.18751242756843567
0.18747326731681824
0.1874341368675232
0.18739497661590576
0.18735578656196594
0.1873166263103485
0.18727755546569824
0.18723830580711365
0.18719932436943054
0.1871601939201355
0.18712115287780762
0.18708205223083496
0.18704292178153992
0.18700391054153442
0.18696480989456177
0.18692582845687866
0.18688681721687317
0.1868477165699005
0.18680870532989502
0.18676966428756714
0.18673062324523926
0.18669164180755615
0.18665257096290588
0.18661370873451233
0.18657469749450684
0.18653571605682373
0.1864967942237854
0.1864578127861023
0.18641889095306396
0.18637990951538086
0.18634095788002014
0.1863020658493042
0.18626314401626587
0.18622428178787231
0.18618527054786682
0.18614640831947327
0.1861075460910797
0.18606871366500854
0.18602988123893738
0.18599101901054382
0.18595218658447266
0.18591326475143433
0.18587443232536316
0.185835599899292
0.18579688668251038
0.18575799465179443
0.18571913242340088
0.18568038940429688
0.18564161658287048
0.1856028139591217
0.1855641007423401
0.1855252981185913
0.18548649549484253
0.18544775247573853
0.18540900945663452
0.1853702962398529
0.1853315830230713
0.18529286980628967
0.18525409698486328
0.18521541357040405
0.1851767599582672
0.18513810634613037
0.18509936332702637
0.18506073951721191
0.18502208590507507
0.18498337268829346
0.18494468927383423
0.18490606546401978
0.18486744165420532
0.18482881784439087
0.18479013442993164
0.18475157022476196
0.1847129762172699
0.18467441201210022
0.18463578820228577
0.18459713459014893
0.1845586597919464
0.18452000617980957
0.18448138236999512
0.1844429075717926
0.1844044327735901
0.18436583876609802
0.18432727456092834
0.18428871035575867
0.18425023555755615
0.18421176075935364
0.18417316675186157
0.18413466215133667
0.18409621715545654
0.18405771255493164
0.18401917815208435
0.1839807629585266
0.1839422881603241
0.18390384316444397
0.18386539816856384
0.18382695317268372
0.1837884783744812
0.18375012278556824
0.18371161818504333
0.18367323279380798
0.18363487720489502
0.1835964024066925
0.18355801701545715
0.1835196614265442
0.18348130583763123
0.1834428906440735
0.18340447545051575
0.18336611986160278
0.18332773447036743
0.18328943848609924
0.1832510530948639
0.1832127869129181
0.1831744909286499
0.18313607573509216
0.18309777975082397
0.18305954337120056
0.18302124738693237
0.1829828917980194
0.18294456601142883
0.18290629982948303
0.18286803364753723
0.18282976746559143
0.18279147148132324
0.18275323510169983
0.18271499872207642
0.1826767921447754
0.1826385259628296
0.1826002597808838
0.18256202340126038
0.18252387642860413
0.18248561024665833
0.1824474036693573
0.18240922689437866
0.18237105011940002
0.18233278393745422
0.1822945475578308
0.18225648999214172
0.1822182834148407
0.18218013644218445
0.18214192986488342
0.18210384249687195
0.1820656955242157
0.18202748894691467
0.18198943138122559
0.18195125460624695
0.18191313743591309
0.181875079870224
0.18183699250221252
0.1817987859249115
0.1817607581615448
0.1817227005958557
0.18168455362319946
0.181646466255188
0.1816084086894989
0.18157029151916504
0.18153226375579834
0.18149420619010925
0.18145617842674255
0.18141809105873108
0.18138012290000916
0.1813420057296753
0.18130400776863098
0.18126600980758667
0.18122795224189758
0.18118998408317566
0.18115189671516418
0.18111392855644226
0.18107593059539795
0.18103790283203125
0.1810000240802765
0.18096205592155457
0.18092408776283264
0.18088605999946594
0.1808481216430664
0.1808101236820221
0.18077224493026733
0.18073424696922302
0.18069639801979065
0.18065842986106873
0.1806204915046692
0.18058261275291443
0.1805446445941925
0.18050679564476013
0.18046888709068298
0.18043088912963867
0.1803930401802063
0.1803552210330963
0.1803172528743744
0.1802794337272644
0.18024158477783203
0.18020367622375488
0.18016573786735535
0.18012791872024536
0.1800900399684906
0.180052250623703
0.18001440167427063
0.17997652292251587
0.17993873357772827
0.17990082502365112
0.1798630952835083
0.1798253059387207
0.1797875463962555
0.17974960803985596
0.17971184849739075
0.1796741485595703
0.17963632941246033
0.17959854006767273
0.17956075072288513
0.17952293157577515
0.17948514223098755
0.17944738268852234
0.1794096827507019
0.1793719232082367
0.17933416366577148
0.17929640412330627
0.17925864458084106
0.17922091484069824
0.17918318510055542
0.17914548516273499
0.17910778522491455
0.17907005548477173
0.17903223633766174
0.17899462580680847
0.17895689606666565
0.17891925573349
0.17888158559799194
0.1788438856601715
0.1788061559200287
0.17876845598220825
0.17873084545135498
0.17869317531585693
0.1786554753780365
0.17861777544021606
0.17858019471168518
0.1785425841808319
0.1785048544406891
0.1784672737121582
0.17842969298362732
0.17839199304580688
0.1783543825149536
0.17831680178642273
0.1782790720462799
0.17824149131774902
0.17820382118225098
0.17816627025604248
0.1781286597251892
0.1780911386013031
0.17805349826812744
0.17801597714424133
0.17797836661338806
0.1779407560825348
0.1779031753540039
0.17786559462547302
0.1778281033039093
0.17779052257537842
0.17775288224220276
0.17771539092063904
0.17767786979675293
0.17764028906822205
0.17760279774665833
0.17756521701812744
0.17752769589424133
0.1774902045726776
0.17745262384414673
0.1774151623249054
0.1773776412010193
0.17734012007713318
0.17730259895324707
0.17726507782936096
0.17722764611244202
0.17719009518623352
0.1771526038646698
0.17711514234542847
0.17707765102386475
0.1770402193069458
0.17700272798538208
0.17696529626846313
0.17692780494689941
0.17689034342765808
0.17685288190841675
0.17681539058685303
0.17677795886993408
0.17674052715301514
0.17670315504074097
0.17666569352149963
0.1766282618045807
0.1765907108783722
0.1765533685684204
0.17651593685150146
0.17647847533226013
0.17644119262695312
0.17640361189842224
0.17636629939079285
0.1763288974761963
0.17629146575927734
0.17625415325164795
0.176216721534729
0.17617934942245483
0.1761418879032135
0.1761045753955841
0.17606717348098755
0.17602980136871338
0.1759924590587616
0.17595505714416504
0.17591765522956848
0.17588040232658386
0.17584306001663208
0.17580562829971313
0.17576825618743896
0.17573100328445435
0.1756935715675354
0.17565622925758362
0.175618976354599
0.17558163404464722
0.17554429173469543
0.17550694942474365
0.17546957731246948
0.17543232440948486
0.17539498209953308
0.1753576695919037
0.17532050609588623
0.17528313398361206
0.1752457618713379
0.17520847916603088
0.17517122626304626
0.17513394355773926
0.17509663105010986
0.17505931854248047
0.17502200603485107
0.17498475313186646
0.17494750022888184
0.17491024732589722
0.17487293481826782
0.17483574151992798
0.17479842901229858
0.17476117610931396
0.17472392320632935
0.17468667030334473
0.1746494472026825
0.1746121644973755
0.17457494139671326
0.17453765869140625
0.1745004951953888
0.1744632124900818
0.17442598938941956
0.1743887960910797
0.1743515133857727
0.17431429028511047
0.17427712678909302
0.174239844083786
0.17420265078544617
0.17416545748710632
0.17412829399108887
0.17409107089042664
0.1740538775920868
0.17401668429374695
0.1739794909954071
0.17394223809242249
0.17390498518943787
0.1738678514957428
0.17383074760437012
0.17379358410835266
0.17375639081001282
0.1737191081047058
0.17368200421333313
0.1736447811126709
0.17360764741897583
0.17357051372528076
0.17353340983390808
0.17349621653556824
0.1734590232372284
0.17342185974121094
0.1733846664428711
0.1733475923538208
0.17331048846244812
0.1732732653617859
0.1732361614704132
0.17319899797439575
0.17316189408302307
0.1731247901916504
0.17308765649795532
0.17305052280426025
0.1730133593082428
0.17297622561454773
0.17293918132781982
0.17290204763412476
0.17286494374275208
0.172827810049057
0.17279070615768433
0.17275357246398926
0.17271646857261658
0.1726793646812439
0.1726422905921936
0.17260518670082092
0.17256811261177063
0.17253100872039795
0.17249393463134766
0.1724568009376526
0.17241978645324707
0.17238262295722961
0.17234551906585693
0.17230847477912903
0.17227143049240112
0.17223429679870605
0.17219731211662292
0.17216026782989502
0.17212307453155518
0.17208606004714966
0.17204901576042175
0.17201197147369385
0.17197489738464355
0.17193785309791565
0.17190077900886536
0.17186370491981506
0.17182672023773193
0.17178967595100403
0.17175263166427612
0.17171558737754822
0.1716785430908203
0.1716414988040924
0.17160451412200928
0.17156746983528137
0.17153048515319824
0.1714933216571808
0.17145633697509766
0.17141932249069214
0.171382337808609
0.1713452935218811
0.17130830883979797
0.17127126455307007
0.17123425006866455
0.17119717597961426
0.1711602509021759
0.17112323641777039
0.17108628153800964
0.17104917764663696
0.17101216316223145
0.1709752082824707
0.17093825340270996
0.17090123891830444
0.1708642840385437
0.17082726955413818
0.1707901954650879
0.17075321078300476
0.17071625590324402
0.17067930102348328
0.17064234614372253
0.17060533165931702
0.1705682873725891
0.17053136229515076
0.17049437761306763
0.17045742273330688
0.17042046785354614
0.17038345336914062
0.1703464388847351
0.17030957341194153
0.1702725887298584
0.17023566365242004
0.17019867897033691
0.17016172409057617
0.17012479901313782
0.1700878143310547
0.17005091905593872
0.17001387476921082
0.16997697949409485
0.1699400544166565
0.1699030101299286
0.16986611485481262
0.1698291301727295
0.16979223489761353
0.16975528001785278
0.16971832513809204
0.1696814000606537
0.16964450478553772
0.1696074903011322
0.16957059502601624
0.16953366994857788
0.16949665546417236
0.16945984959602356
0.16942289471626282
0.16938593983650208
0.1693490743637085
0.16931214928627014
0.1692752242088318
0.16923832893371582
0.16920143365859985
0.16916444897651672
0.16912758350372314
0.1690906435251236
0.16905370354652405
0.1690167486667633
0.16897986829280853
0.16894303262233734
0.1689060926437378
0.16886916756629944
0.16883227229118347
0.1687953919172287
0.16875845193862915
0.16872160136699677
0.168684720993042
0.1686478704214096
0.16861090064048767
0.1685740351676941
0.16853711009025574
0.16850024461746216
0.16846340894699097
0.1684264838695526
0.16838952898979187
0.1683526635169983
0.16831576824188232
0.16827896237373352
0.16824206709861755
0.16820523142814636
0.16816827654838562
0.16813141107559204
0.1680944710969925
0.16805770993232727
0.16802085936069489
0.16798394918441772
0.16794705390930176
0.16791024804115295
0.16787327826023102
0.1678365021944046
0.16779965162277222
0.16776275634765625
0.1677258461713791
0.16768904030323029
0.1676521599292755
0.1676153540611267
0.16757845878601074
0.16754162311553955
0.1675046682357788
0.16746792197227478
0.16743099689483643
0.16739419102668762
0.16735734045505524
0.16732048988342285
0.1672835648059845
0.16724669933319092
0.1672099232673645
0.16717314720153809
0.1671362817287445
0.1670994609594345
0.16706252098083496
0.16702570021152496
0.16698884963989258
0.1669520139694214
0.16691523790359497
0.16687843203544617
0.1668415069580078
0.16680467128753662
0.16676795482635498
0.16673104465007782
0.16669419407844543
0.16665735840797424
0.16662052273750305
0.16658371686935425
0.16654688119888306
0.16651006042957306
0.1664731651544571
0.16643637418746948
0.16639955341815948
0.16636279225349426
0.16632595658302307
0.16628912091255188
0.1662522852420807
0.16621550917625427
0.1661786139011383
0.16614188253879547
0.16610512137413025
0.16606828570365906
0.16603145003318787
0.1659945547580719
0.1659577637910843
0.1659209430217743
0.16588419675827026
0.16584736108779907
0.16581058502197266
0.16577377915382385
0.16573700308799744
0.16570018231868744
0.16566337645053864
0.16562652587890625
0.16558974981307983
0.16555291414260864
0.16551610827445984
0.16547928750514984
0.16544252634048462
0.16540572047233582
0.16536888480186462
0.16533216834068298
0.1652953028678894
0.16525854170322418
0.16522173583507538
0.16518494486808777
0.16514819860458374
0.16511130332946777
0.16507461667060852
0.16503781080245972
0.1650010347366333
0.16496425867080688
0.16492745280265808
0.1648906171321869
0.16485390067100525
0.16481703519821167
0.16478034853935242
0.16474351286888123
0.164706751704216
0.16466990113258362
0.1646331250667572
0.16459639370441437
0.16455960273742676
0.16452281177043915
0.1644861102104187
0.1644493043422699
0.1644124835729599
0.16437572240829468
0.16433894634246826
0.16430217027664185
0.1642654836177826
0.164228618144989
0.16419187188148499
0.1641550362110138
0.164118230342865
0.16408151388168335
0.16404476761817932
0.16400805115699768
0.1639711856842041
0.16393443942070007
0.16389766335487366
0.1638609617948532
0.163824200630188
0.16378740966320038
0.16375064849853516
0.16371385753154755
0.1636771261692047
0.1636403501033783
0.16360360383987427
0.16356679797172546
0.16353002190589905
0.1634933352470398
0.163456529378891
0.16341981291770935
0.1633830964565277
0.16334626078605652
0.1633094847202301
0.16327279806137085
0.16323603689670563
0.1631993055343628
0.16316252946853638
0.16312576830387115
0.16308894753456116
0.1630522906780243
0.16301551461219788
0.16297876834869385
0.16294199228286743
0.1629052311182022
0.16286851465702057
0.16283181309700012
0.1627950370311737
0.1627582311630249
0.16272160410881042
0.16268479824066162
0.1626480519771576
0.16261126101016998
0.1625746190547943
0.1625378578901291
0.16250115633010864
0.16246432065963745
0.16242754459381104
0.16239090263843536
0.16235417127609253
0.1623174101114273
0.16228064894676208
0.16224390268325806
0.16220718622207642
0.1621704399585724
0.16213366389274597
0.1620970070362091
0.16206024587154388
0.16202348470687866
0.16198676824569702
0.161950021982193
0.16191330552101135
0.1618766039609909
0.16183987259864807
0.1618032157421112
0.1617664098739624
0.16172969341278076
0.16169299185276031
0.1616562306880951
0.16161949932575226
0.16158275306224823
0.1615460067987442
0.16150933504104614
0.1614726036787033
0.16143590211868286
0.1613992154598236
0.16136246919631958
0.16132579743862152
0.1612890064716339
0.16125231981277466
0.16121560335159302
0.16117888689041138
0.16114208102226257
0.1611054539680481
0.16106867790222168
0.161032035946846
0.16099533438682556
0.16095863282680511
0.16092190146446228
0.16088515520095825
0.16084837913513184
0.16081172227859497
0.1607750654220581
0.16073837876319885
0.16070161759853363
0.1606648862361908
0.16062819957733154
0.1605914980173111
0.16055475175380707
0.16051818430423737
0.16048136353492737
0.16044464707374573
0.16040802001953125
0.1603713035583496
0.16033466160297394
0.1602979451417923
0.16026119887828827
0.16022449731826782
0.16018778085708618
0.16015112400054932
0.16011443734169006
0.1600777506828308
0.16004100441932678
0.16000434756278992
0.15996769070625305
0.15993094444274902
0.15989422798156738
0.15985757112503052
0.15982085466384888
0.15978410840034485
0.15974760055541992
0.1597108244895935
0.15967410802841187
0.1596374809741974
0.15960074961185455
0.15956413745880127
0.15952745079994202
0.15949071943759918
0.15945404767990112
0.15941743552684784
0.159380704164505
0.1593439280986786
0.15930727124214172
0.15927064418792725
0.15923398733139038
0.15919731557369232
0.15916061401367188
0.15912392735481262
0.15908727049827576
0.15905065834522247
0.15901392698287964
0.15897727012634277
0.15894055366516113
0.15890397131443024
0.15886721014976501
0.15883061289787292
0.15879395604133606
0.15875720977783203
0.15872064232826233
0.1586839258670807
0.15864726901054382
0.15861065685749054
0.15857398509979248
0.158537358045578
0.15850067138671875
0.1584639549255371
0.15842734277248383
0.15839067101478577
0.1583540439605713
0.15831738710403442
0.15828071534633636
0.15824413299560547
0.15820744633674622
0.15817081928253174
0.15813414752483368
0.15809747576713562
0.15806081891059875
0.15802417695522308
0.1579875648021698
0.1579509675502777
0.15791431069374084
0.15787771344184875
0.1578410565853119
0.15780434012413025
0.15776769816875458
0.15773102641105652
0.1576944887638092
0.15765777230262756
0.1576211005449295
0.15758448839187622
0.15754789113998413
0.15751124918460846
0.1574746072292328
0.15743803977966309
0.15740135312080383
0.15736472606658936
0.15732815861701965
0.15729157626628876
0.1572548747062683
0.15721827745437622
0.15718166530132294
0.15714505314826965
0.15710845589637756
0.15707184374332428
0.157035231590271
0.15699860453605652
0.15696197748184204
0.15692536532878876
0.15688884258270264
0.15685215592384338
0.1568155586719513
0.15677900612354279
0.15674230456352234
0.15670575201511383
0.15666916966438293
0.15663254261016846
0.15659597516059875
0.15655934810638428
0.1565227508544922
0.15648618340492249
0.15644963085651398
0.1564130187034607
0.1563764065504074
0.1563398540019989
0.15630322694778442
0.15626662969589233
0.15623006224632263
0.15619349479675293
0.15615689754486084
0.15612033009529114
0.15608370304107666
0.15604710578918457
0.15601061284542084
0.15597400069236755
0.15593746304512024
0.1559009552001953
0.15586432814598083
0.15582776069641113
0.15579119324684143
0.1557546705007553
0.15571805834770203
0.1556815207004547
0.155644953250885
0.15560835599899292
0.15557178854942322
0.15553529560565948
0.15549880266189575
0.15546223521232605
0.15542559325695038
0.15538905560970306
0.15535253286361694
0.1553160399198532
0.15527954697608948
0.155242919921875
0.1552063524723053
0.15516984462738037
0.15513329207897186
0.15509679913520813
0.1550602912902832
0.1550237238407135
0.1549871563911438
0.15495067834854126
0.15491411089897156
0.15487761795520782
0.15484116971492767
0.15480466187000275
0.15476804971694946
0.15473154187202454
0.154695063829422
0.15465852618217468
0.15462204813957214
0.1545855700969696
0.15454897284507751
0.15451252460479736
0.15447600185871124
0.1544395089149475
0.15440309047698975
0.15436652302742004
0.1543300300836563
0.15429356694221497
0.15425701439380646
0.15422067046165466
0.15418410301208496
0.1541476845741272
0.15411114692687988
0.15407468378543854
0.15403825044631958
0.15400181710720062
0.1539652794599533
0.15392884612083435
0.15389233827590942
0.15385591983795166
0.15381941199302673
0.1537829339504242
0.15374651551246643
0.15371009707450867
0.15367355942726135
0.1536371260881424
0.15360069274902344
0.15356427431106567
0.1535278856754303
0.15349140763282776
0.1534549593925476
0.15341848134994507
0.1533820480108261
0.15334562957286835
0.15330927073955536
0.15327289700508118
0.15323638916015625
0.1531999707221985
0.15316355228424072
0.15312710404396057
0.1530907154083252
0.1530543565750122
0.15301790833473206
0.1529814600944519
0.1529451310634613
0.15290871262550354
0.15287238359451294
0.1528359353542328
0.15279951691627502
0.15276309847831726
0.15272676944732666
0.15269041061401367
0.1526540368795395
0.1526176631450653
0.15258120000362396
0.15254490077495575
0.15250851213932037
0.1524721384048462
0.15243574976921082
0.152399480342865
0.15236307680606842
0.15232668817043304
0.1522904336452484
0.15225404500961304
0.15221765637397766
0.15218132734298706
0.15214502811431885
0.15210872888565063
0.15207229554653168
0.15203598141670227
0.15199969708919525
0.15196335315704346
0.15192702412605286
0.15189075469970703
0.15185438096523285
0.15181809663772583
0.1517818123102188
0.15174545347690582
0.15170918405056
0.1516728699207306
0.15163660049438477
0.15160030126571655
0.15156403183937073
0.15152782201766968
0.15149140357971191
0.15145522356033325
0.15141889452934265
0.1513826549053192
0.1513463854789734
0.15131008625030518
0.15127381682395935
0.1512376219034195
0.15120136737823486
0.1511651575565338
0.1511288583278656
0.15109267830848694
0.15105639398097992
0.15102018415927887
0.15098392963409424
0.15094774961471558
0.15091153979301453
0.1508752703666687
0.15083910524845123
0.15080280601978302
0.15076668560504913
0.1507304608821869
0.15069428086280823
0.15065808594226837
0.15062177181243896
0.1505856215953827
0.1505494862794876
0.15051330626010895
0.1504771113395691
0.15044090151786804
0.15040478110313416
0.1503685712814331
0.1503324955701828
0.15029631555080414
0.15026018023490906
0.1502240002155304
0.15018779039382935
0.15015175938606262
0.15011560916900635
0.15007942914962769
0.15004336833953857
0.15000709891319275
0.14997108280658722
0.14993499219417572
0.14989888668060303
0.14986275136470795
0.14982667565345764
0.14979052543640137
0.14975443482398987
0.14971840381622314
0.14968225359916687
0.14964619278907776
0.14961013197898865
0.14957404136657715
0.14953801035881042
0.1495019644498825
0.1494658887386322
0.14942988753318787
0.14939378201961517
0.14935778081417084
0.14932167530059814
0.149285688996315
0.14924964308738708
0.14921364188194275
0.1491776704788208
0.1491415798664093
0.14910554885864258
0.14906951785087585
0.14903363585472107
0.14899757504463196
0.14896166324615479
0.14892563223838806
0.1488896608352661
0.14885367453098297
0.14881771802902222
0.14878171682357788
0.1487458050251007
0.14870978891849518
0.1486738622188568
0.14863792061805725
0.14860202372074127
0.14856603741645813
0.14853015542030334
0.14849422872066498
0.14845825731754303
0.14842237532138824
0.14838650822639465
0.1483505517244339
0.14831465482711792
0.14827874302864075
0.14824287593364716
0.14820697903633118
0.14817115664482117
0.14813530445098877
0.14809943735599518
0.148063525557518
0.14802773296833038
0.14799192547798157
0.1479560285806656
0.14792022109031677
0.14788438379764557
0.1478484719991684
0.1478126347064972
0.14777690172195435
0.14774110913276672
0.14770527184009552
0.14766952395439148
0.14763367176055908
0.14759789407253265
0.14756211638450623
0.14752641320228577
0.1474907100200653
0.1474549025297165
0.14741910994052887
0.14738330245018005
0.14734753966331482
0.14731189608573914
0.14727617800235748
0.14724047482013702
0.14720472693443298
0.14716903865337372
0.14713332056999207
0.14709767699241638
0.14706195890903473
0.14702633023262024
0.146990567445755
0.14695486426353455
0.1469191461801529
0.14688357710838318
0.1468479335308075
0.14681224524974823
0.14677663147449493
0.14674097299575806
0.14670541882514954
0.14666977524757385
0.14663413166999817
0.14659860730171204
0.1465628743171692
0.14652730524539948
0.14649179577827454
0.14645621180534363
0.14642059803009033
0.14638516306877136
0.14634954929351807
0.14631393551826477
0.14627839624881744
0.14624285697937012
0.14620736241340637
0.14617183804512024
0.14613625407218933
0.14610081911087036
0.14606529474258423
0.14602988958358765
0.1459943652153015
0.14595890045166016
0.14592336118221283
0.14588788151741028
0.1458524763584137
0.14581701159477234
0.14578157663345337
0.1457461565732956
0.14571067690849304
0.14567524194717407
0.14563989639282227
0.1456044614315033
0.1455691158771515
0.1455337107181549
0.14549830555915833
0.14546291530132294
0.14542758464813232
0.14539217948913574
0.1453568935394287
0.1453215628862381
0.14528614282608032
0.1452508270740509
0.1452154666185379
0.14518016576766968
0.14514493942260742
0.14510966837406158
0.14507430791854858
0.14503905177116394
0.14500373601913452
0.14496856927871704
0.14493334293365479
0.14489805698394775
0.14486277103424072
0.14482755959033966
0.14479228854179382
0.14475718140602112
0.14472194015979767
0.144686758518219
0.14465150237083435
0.14461639523506165
0.144581139087677
0.1445460319519043
0.14451085031032562
0.1444757729768753
0.14444054663181305
0.14440546929836273
0.1443704068660736
0.14433524012565613
0.14430014789104462
0.14426511526107788
0.1442299485206604
0.14419488608837128
0.14415983855724335
0.144124835729599
0.1440897136926651
0.14405472576618195
0.14401966333389282
0.1439845710992813
0.14394959807395935
0.14391465485095978
0.14387968182563782
0.14384467899799347
0.14380964636802673
0.14377467334270477
0.1437397301197052
0.14370477199554443
0.14366984367370605
0.14363494515419006
0.14360001683235168
0.14356516301631927
0.1435302197933197
0.1434953212738037
0.1434604525566101
0.1434255838394165
0.14339067041873932
0.14335587620735168
0.14332100749015808
0.14328621327877045
0.14325134456157684
0.1432165503501892
0.14318177103996277
0.14314693212509155
0.1431121826171875
0.14307737350463867
0.1430426836013794
0.14300793409347534
0.1429731547832489
0.14293840527534485
0.14290371537208557
0.1428690254688263
0.14283433556556702
0.14279966056346893
0.14276492595672607
0.1427302360534668
0.1426955759525299
0.14266088604927063
0.14262637495994568
0.1425917148590088
0.1425570398569107
0.14252251386642456
0.14248786866664886
0.14245328307151794
0.1424187421798706
0.14238417148590088
0.14234960079193115
0.1423150599002838
0.14228057861328125
0.14224597811698914
0.14221146702766418
0.1421770453453064
0.14214248955249786
0.1421079933643341
0.14207354187965393
0.14203912019729614
0.14200472831726074
0.14197027683258057
0.141935795545578
0.141901433467865
0.14186695218086243
0.1418326199054718
0.1417982280254364
0.14176388084888458
0.14172950387001038
0.14169518649578094
0.1416608691215515
0.14162655174732208
0.14159224927425385
0.1415579617023468
0.14152365922927856
0.1414894014596939
0.14145511388778687
0.1414209008216858
0.14138665795326233
0.14135241508483887
0.1413182020187378
0.1412840187549591
0.14124983549118042
0.14121562242507935
0.14118146896362305
0.14114733040332794
0.14111316204071045
0.14107906818389893
0.1410449743270874
0.1410108506679535
0.14097675681114197
0.14094266295433044
0.1409085988998413
0.14087454974651337
0.14084047079086304
0.14080646634101868
0.14077246189117432
0.14073851704597473
0.1407044529914856
0.14067049324512482
0.14063656330108643
0.14060258865356445
0.14056867361068726
0.14053469896316528
0.14050079882144928
0.14046689867973328
0.14043298363685608
0.14039920270442963
0.14036530256271362
0.1403314769268036
0.14029759168624878
0.14026369154453278
0.1402299404144287
0.14019617438316345
0.14016243815422058
0.14012856781482697
0.1400948464870453
0.14006106555461884
0.14002737402915955
0.13999365270137787
0.13995999097824097
0.13992631435394287
0.1398926079273224
0.1398589313030243
0.13982531428337097
0.13979166746139526
0.13975805044174194
0.13972432911396027
0.1396908164024353
0.13965728878974915
0.1396237164735794
0.13959020376205444
0.1395566314458847
0.13952314853668213
0.13948959112167358
0.13945606350898743
0.13942262530326843
0.13938915729522705
0.13935568928718567
0.1393221765756607
0.13928881287574768
0.13925538957118988
0.13922204077243805
0.13918864727020264
0.1391553282737732
0.1391219198703766
0.13908861577510834
0.1390553116798401
0.13902199268341064
0.1389887034893036
0.13895535469055176
0.1389220654964447
0.13888883590698242
0.13885566592216492
0.13882243633270264
0.13878923654556274
0.13875603675842285
0.13872283697128296
0.13868969678878784
0.13865649700164795
0.13862344622612
0.13859029114246368
0.13855725526809692
0.1385241150856018
0.13849101960659027
0.1384579837322235
0.13842499256134033
0.13839194178581238
0.1383589506149292
0.1383259892463684
0.13829296827316284
0.13825999200344086
0.13822707533836365
0.13819414377212524
0.13816127181053162
0.13812831044197083
0.1380954533815384
0.13806262612342834
0.1380297690629959
0.13799691200256348
0.137964129447937
0.13793131709098816
0.1378984898328781
0.13786569237709045
0.13783299922943115
0.1378002166748047
0.1377675086259842
0.1377348005771637
0.13770215213298798
0.13766947388648987
0.13763681054115295
0.13760420680046082
0.13757158815860748
0.13753893971443176
0.13750633597373962
0.13747376203536987
0.1374412328004837
0.13740873336791992
0.13737615942955017
0.1373436152935028
0.137311190366745
0.1372787356376648
0.1372462809085846
0.1372138410806656
0.1371813714504242
0.13714903593063354
0.13711655139923096
0.13708427548408508
0.13705183565616608
0.1370195597410202
0.13698726892471313
0.13695493340492249
0.13692262768745422
0.13689041137695312
0.13685813546180725
0.13682594895362854
0.13679370284080505
0.13676145672798157
0.13672931492328644
0.13669711351394653
0.13666504621505737
0.13663288950920105
0.1366007775068283
0.13656869530677795
0.1365365982055664
0.13650456070899963
0.13647255301475525
0.13644054532051086
0.13640856742858887
0.1363765001296997
0.13634461164474487
0.13631263375282288
0.13628073036670685
0.13624879717826843
0.136216938495636
0.13618499040603638
0.13615316152572632
0.13612130284309387
0.13608956336975098
0.1360577940940857
0.13602596521377563
0.13599416613578796
0.13596245646476746
0.13593073189258575
0.13589903712272644
0.13586735725402832
0.1358357071876526
0.13580402731895447
0.13577237725257874
0.135740727186203
0.13570919632911682
0.13567766547203064
0.13564607501029968
0.13561448454856873
0.13558298349380493
0.1355515718460083
0.13552004098892212
0.1354885697364807
0.13545715808868408
0.1354256570339203
0.13539430499076843
0.1353629231452942
0.13533157110214233
0.13530024886131287
0.1352689266204834
0.13523760437965393
0.13520628213882446
0.13517507910728455
0.13514384627342224
0.13511261343955994
0.13508141040802002
0.13505017757415771
0.13501909375190735
0.13498789072036743
0.13495680689811707
0.1349257230758667
0.13489468395709991
0.13486352562904358
0.134832501411438
0.1348014920949936
0.13477051258087158
0.134739488363266
0.13470855355262756
0.13467758893966675
0.13464666903018951
0.1346157193183899
0.1345849335193634
0.13455404341220856
0.1345231980085373
0.1344923973083496
0.13446153700351715
0.13443078100681305
0.1344001293182373
0.13436934351921082
0.1343385875225067
0.13430795073509216
0.13427722454071045
0.13424652814865112
0.13421598076820374
0.13418535888195038
0.13415482640266418
0.13412417471408844
0.13409364223480225
0.13406315445899963
0.13403266668319702
0.13400214910507202
0.13397172093391418
0.13394129276275635
0.13391081988811493
0.13388043642044067
0.13385009765625
0.13381972908973694
0.13378939032554626
0.1337590217590332
0.13372880220413208
0.1336984932422638
0.13366827368736267
0.13363799452781677
0.13360783457756042
0.1335776448249817
0.13354745507240295
0.13351738452911377
0.13348731398582458
0.13345712423324585
0.1334271878004074
0.13339704275131226
0.13336703181266785
0.13333706557750702
0.13330700993537903
0.13327711820602417
0.13324713706970215
0.13321727514266968
0.13318733870983124
0.13315746188163757
0.13312764465808868
0.13309788703918457
0.13306808471679688
0.1330382525920868
0.13300848007202148
0.13297875225543976
0.132949098944664
0.13291943073272705
0.13288971781730652
0.1328599750995636
0.1328303962945938
0.1328008770942688
0.1327713131904602
0.132741779088974
0.13271227478981018
0.13268272578716278
0.13265322148799896
0.1326238214969635
0.13259436190128326
0.1325649619102478
0.13253560662269592
0.13250616192817688
0.13247685134410858
0.13244757056236267
0.13241828978061676
0.13238897919654846
0.1323598027229309
0.1323304921388626
0.13230136036872864
0.13227219879627228
0.13224300742149353
0.13221386075019836
0.13218480348587036
0.13215568661689758
0.1321265995502472
0.13209766149520874
0.13206863403320312
0.13203971087932587
0.13201066851615906
0.1319817453622818
0.13195279240608215
0.13192400336265564
0.13189512491226196
0.1318662464618683
0.13183742761611938
0.13180863857269287
0.13177987933158875
0.13175107538700104
0.13172240555286407
0.1316937357187271
0.13166514039039612
0.13163644075393677
0.1316077709197998
0.13157925009727478
0.1315506398677826
0.13152211904525757
0.1314936876296997
0.13146501779556274
0.13143663108348846
0.131408229470253
0.1313798427581787
0.13135138154029846
0.13132300972938538
0.1312946081161499
0.13126635551452637
0.13123804330825806
0.13120979070663452
0.131181538105011
0.13115337491035461
0.13112521171569824
0.1310969889163971
0.1310688853263855
0.1310407519340515
0.13101264834403992
0.1309846043586731
0.1309565305709839
0.13092851638793945
0.1309005320072174
0.13087257742881775
0.13084465265274048
0.13081671297550201
0.13078883290290833
0.13076096773147583
0.1307331919670105
0.13070538640022278
0.13067759573459625
0.13064983487129211
0.1306220442056656
0.1305943727493286
0.13056668639183044
0.13053905963897705
0.13051143288612366
0.13048383593559265
0.13045626878738403
0.13042867183685303
0.1304011344909668
0.13037368655204773
0.13034620881080627
0.1303187906742096
0.13029137253761292
0.130264014005661
0.13023662567138672
0.1302092969417572
0.13018196821212769
0.13015472888946533
0.1301274597644806
0.130100280046463
0.13007301092147827
0.13004586100578308
0.13001862168312073
0.1299915313720703
0.1299644410610199
0.12993739545345306
0.12991034984588623
0.1298833191394806
0.1298564076423645
0.12982937693595886
0.12980249524116516
0.12977558374404907
0.12974870204925537
0.12972182035446167
0.12969502806663513
0.12966811656951904
0.12964139878749847
0.12961465120315552
0.12958799302577972
0.12956124544143677
0.12953464686870575
0.12950803339481354
0.12948140501976013
0.12945479154586792
0.12942829728126526
0.12940168380737305
0.12937530875205994
0.1293487697839737
0.12932226061820984
0.1292959451675415
0.1292695701122284
0.1292431801557541
0.12921695411205292
0.1291905641555786
0.12916424870491028
0.1291380226612091
0.12911179661750793
0.12908567488193512
0.12905950844287872
0.12903335690498352
0.1290072500705719
0.12898114323616028
0.12895512580871582
0.12892910838127136
0.1289031058549881
0.1288771629333496
0.12885114550590515
0.12882529199123383
0.1287994384765625
0.12877362966537476
0.12874779105186462
0.1287219524383545
0.12869620323181152
0.12867040932178497
0.12864476442337036
0.12861907482147217
0.12859341502189636
0.12856779992580414
0.1285422146320343
0.12851662933826447
0.12849116325378418
0.12846560776233673
0.12844014167785645
0.12841469049453735
0.12838923931121826
0.12836387753486633
0.12833845615386963
0.12831318378448486
0.12828786671161652
0.12826260924339294
0.1282373070716858
0.1282120943069458
0.12818694114685059
0.12816180288791656
0.12813669443130493
0.12811154127120972
0.1280864179134369
0.128061443567276
0.12803639471530914
0.12801143527030945
0.12798649072647095
0.12796156108379364
0.12793663144111633
0.127911776304245
0.12788690626621246
0.12786217033863068
0.1278373897075653
0.12781259417533875
0.12778788805007935
0.12776315212249756
0.12773855030536652
0.12771391868591309
0.127689391374588
0.1276646852493286
0.12764018774032593
0.12761567533016205
0.12759116291999817
0.12756672501564026
0.12754225730895996
0.1275179088115692
0.12749360501766205
0.1274692416191101
0.12744498252868652
0.12742066383361816
0.12739643454551697
0.127372145652771
0.12734800577163696
0.12732386589050293
0.1272997260093689
0.1272757351398468
0.12725162506103516
0.1272275745868683
0.127203568816185
0.1271795630455017
0.12715566158294678
0.12713177502155304
0.12710785865783691
0.12708401679992676
0.1270601749420166
0.1270364224910736
0.12701264023780823
0.1269889771938324
0.12696519494056702
0.12694156169891357
0.12691786885261536
0.12689433991909027
0.1268707811832428
0.12684714794158936
0.12682372331619263
0.12680014967918396
0.12677673995494843
0.1267533004283905
0.12672990560531616
0.12670651078224182
0.12668325006961823
0.12665992975234985
0.1266365945339203
0.12661337852478027
0.12659022212028503
0.12656700611114502
0.12654390931129456
0.12652075290679932
0.12649771571159363
0.12647464871406555
0.12645167112350464
0.12642863392829895
0.12640568614006042
0.12638267874717712
0.12635979056358337
0.1263369917869568
0.1263141632080078
0.12629133462905884
0.12626861035823822
0.12624579668045044
0.1262231171131134
0.1262003779411316
0.12617778778076172
0.12615519762039185
0.12613260746002197
0.1261100172996521
0.126087486743927
0.12606504559516907
0.12604260444641113
0.1260201632976532
0.12599772214889526
0.1259753704071045
0.1259530484676361
0.12593071162700653
0.12590846419334412
0.12588626146316528
0.12586399912834167
0.12584185600280762
0.12581965327262878
0.12579762935638428
0.125775545835495
0.12575341761112213
0.12573140859603882
0.1257094144821167
0.12568747997283936
0.1256655752658844
0.12564364075660706
0.12562184035778046
0.12560006976127625
0.12557822465896606
0.12555643916130066
0.12553472816944122
0.1255129873752594
0.12549135088920593
0.12546971440315247
0.1254481077194214
0.1254265308380127
0.125404953956604
0.12538349628448486
0.12536200881004333
0.1253405511379242
0.12531909346580505
0.12529772520065308
0.12527644634246826
0.12525513768196106
0.12523381412029266
0.12521257996559143
0.1251913607120514
0.12517015635967255
0.12514901161193848
0.1251278817653656
0.12510676681995392
0.1250857412815094
0.12506473064422607
0.12504367530345917
0.12502270936965942
0.12500184774398804
0.12498088926076889
0.12495999783277512
0.12493918091058731
0.12491849064826965
0.12489763647317886
0.12487693876028061
0.12485623359680176
0.1248355582356453
0.12481492012739182
0.12479428201913834
0.12477368861436844
0.1247531846165657
0.12473263591527939
0.12471222877502441
0.1246916875243187
0.1246713325381279
0.12465091794729233
0.12463058531284332
0.12461031228303909
0.12459003180265427
0.12456972897052765
0.12454954534769058
0.1245293840765953
0.12450919300317764
0.12448905408382416
0.12446898967027664
0.12444896250963211
0.12442892044782639
0.12440891563892365
0.12438895553350449
0.12436902523040771
0.12434923648834229
0.12432936578989029
0.12430953234434128
0.12428972870111465
0.12426996231079102
0.12425021082162857
0.12423055619001389
0.12421084195375443
0.1241912767291069
0.12417163699865341
0.1241520419716835
0.12413257360458374
0.12411298602819443
0.12409359216690063
0.12407413870096207
0.12405476719141006
0.12403544038534164
0.12401609867811203
0.12399675697088242
0.12397747486829758
0.12395820766687393
0.12393901497125626
0.12391987442970276
0.12390077859163284
0.12388166785240173
0.12386259436607361
0.12384350597858429
0.12382451444864273
0.12380556017160416
0.12378663569688797
0.12376774102449417
0.12374881654977798
0.12373007088899612
0.12371119856834412
0.12369241565465927
0.12367371469736099
0.12365497648715973
0.12363623827695847
0.12361767143011093
0.12359905242919922
0.12358049303293228
0.12356194853782654
0.1235434040427208
0.12352491915225983
0.12350650876760483
0.12348815053701401
0.1234697699546814
0.1234513446688652
0.12343306094408035
0.12341479957103729
0.1233966276049614
0.12337833642959595
0.12336016446352005
0.12334201484918594
0.12332399934530258
0.1233058050274849
0.12328780442476273
0.12326974421739578
0.12325187027454376
0.1232338547706604
0.12321596592664719
0.12319807708263397
0.12318023294210434
0.12316242605447769
0.12314464896917343
0.12312686443328857
0.12310918420553207
0.12309151142835617
0.12307386100292206
0.12305625528097153
0.12303867191076279
0.12302105128765106
0.12300361692905426
0.12298610061407089
0.12296870350837708
0.12295125424861908
0.12293387204408646
0.1229165643453598
0.12289921939373016
0.1228819414973259
0.12286477535963058
0.12284747511148453
0.12283032387495041
0.1228131577372551
0.12279606610536575
0.12277891486883163
0.12276189774274826
0.12274492532014847
0.1227279081940651
0.12271099537611008
0.12269407510757446
0.12267725169658661
0.1226603239774704
0.12264353781938553
0.12262671440839767
0.12261001020669937
0.12259325385093689
0.12257657200098038
0.12255995720624924
0.1225433498620987
0.12252677232027054
0.12251021713018417
0.12249372899532318
0.1224772036075592
0.1224607303738594
0.12244433164596558
0.12242791801691055
0.1224115639925003
0.12239531427621841
0.12237901240587234
0.12236277759075165
0.12234652787446976
0.12233037501573563
0.12231434136629105
0.12229806929826736
0.12228196114301682
0.1222660169005394
0.12224992364645004
0.12223400920629501
0.12221810221672058
0.12220212072134018
0.12218624353408813
0.1221703365445137
0.1221546083688736
0.12213880568742752
0.12212304025888443
0.12210727483034134
0.12209160625934601
0.12207603454589844
0.12206035852432251
0.12204477190971375
0.12202925235033035
0.12201370298862457
0.12199824303388596
0.12198273092508316
0.12196733057498932
0.12195203453302383
0.12193668633699417
0.12192130833864212
0.12190598994493484
0.12189080566167831
0.1218755766749382
0.12186039984226227
0.12184523791074753
0.12183011323213577
0.12181506305932999
0.1218000128865242
0.12178494036197662
0.121769979596138
0.12175504118204117
0.12174005061388016
0.12172523885965347
0.12171036005020142
0.12169558554887772
0.12168072164058685
0.12166594713926315
0.1216513141989708
0.12163659930229187
0.12162197381258011
0.12160734087228775
0.12159273028373718
0.1215781420469284
0.12156370282173157
0.12154920399188995
0.12153474241495132
0.12152028828859329
0.12150587886571884
0.12149160355329514
0.12147720903158188
0.12146290391683578
0.12144870311021805
0.12143444269895554
0.12142037600278854
0.12140616029500961
0.12139201909303665
0.12137789279222488
0.12136384099721909
0.12134983390569687
0.12133585661649704
0.12132184207439423
0.12130791693925858
0.1212940663099289
0.1212802454829216
0.12126637995243073
0.12125256657600403
0.12123874574899673
0.12122500687837601
0.12121132761240005
0.12119770795106888
0.12118411809206009
0.1211705282330513
0.12115690112113953
0.12114336341619492
0.12112993001937866
0.12111641466617584
0.12110301852226257
0.12108955532312393
0.12107624858617783
0.12106289714574814
0.12104956060647964
0.12103632837533951
0.12102308124303818
0.12100990861654282
0.12099669873714447
0.12098351866006851
0.1209704652428627
0.12095735967159271
0.12094438821077347
0.12093135714530945
0.1209183782339096
0.12090545892715454
0.12089255452156067
0.12087967246770859
0.1208668053150177
0.12085399031639099
0.12084122002124786
0.12082842737436295
0.12081575393676758
0.12080308049917221
0.12079047411680222
0.12077780812978745
0.12076522409915924
0.120752714574337
0.12074019759893417
0.12072766572237015
0.12071525305509567
0.12070280313491821
0.12069046497344971
0.12067808210849762
0.12066573649644852
0.12065353989601135
0.12064123153686523
0.12062892317771912
0.12061677128076553
0.12060461193323135
0.12059251964092255
0.12058041244745255
0.12056831270456314
0.12055635452270508
0.12054432183504105
0.12053234130144119
0.12052041292190552
0.12050850689411163
0.12049665302038193
0.1204848438501358
0.1204729825258255
0.12046118825674057
0.1204495057463646
0.12043776363134384
0.12042614072561264
0.12041441351175308
0.12040282785892487
0.12039124220609665
0.12037968635559082
0.12036824226379395
0.12035676091909409
0.12034526467323303
0.12033383548259735
0.12032250314950943
0.12031110376119614
0.12029978632926941
0.12028854340314865
0.12027724832296371
0.12026607245206833
0.12025480717420578
0.1202436089515686
0.12023252993822098
0.12022145092487335
0.12021034210920334
0.12019937485456467
0.12018833309412003
0.12017738819122314
0.12016645818948746
0.12015549838542938
0.12014462798833847
0.12013376504182816
0.12012297660112381
0.12011218816041946
0.1201014444231987
0.12009070068597794
0.12008006870746613
0.12006937712430954
0.12005873769521713
0.12004820257425308
0.12003757804632187
0.1200270727276802
0.12001656740903854
0.12000618129968643
0.11999570578336716
0.11998533457517624
0.11997499316930771
0.1199645921587944
0.11995428800582886
0.1199440285563469
0.11993377655744553
0.11992359906435013
0.11991336196660995
0.11990323662757874
0.11989311128854752
0.11988309770822525
0.11987296491861343
0.11986299604177475
0.11985302716493607
0.11984307318925858
0.11983313411474228
0.11982323974370956
0.11981336027383804
0.1198035404086113
0.11979373544454575
0.11978395283222198
0.11977417021989822
0.11976446956396103
0.1197548359632492
0.11974520981311798
0.11973553895950317
0.1197260245680809
0.11971640586853027
0.1197068989276886
0.11969742923974991
0.11968798190355301
0.11967851966619492
0.11966917663812637
0.11965975910425186
0.11965043097734451
0.11964107304811478
0.11963183432817459
0.11962263286113739
0.11961334943771362
0.11960417777299881
0.11959507316350937
0.11958595365285873
0.1195768192410469
0.11956780403852463
0.11955877393484116
0.11954979598522186
0.11954086273908615
0.11953190714120865
0.11952295154333115
0.1195140853524208
0.11950528621673584
0.11949635297060013
0.11948766559362411
0.11947889626026154
0.11947016417980194
0.11946152150630951
0.1194528266787529
0.11944425851106644
0.119435615837574
0.11942705512046814
0.11941850930452347
0.11941003054380417
0.11940145492553711
0.11939313262701035
0.11938466876745224
0.1193762719631195
0.11936787515878677
0.119359590113163
0.11935127526521683
0.11934307962656021
0.11933480948209763
0.1193266361951828
0.11931844055652618
0.11931027472019196
0.1193021833896637
0.11929410696029663
0.11928606033325195
0.11927802860736847
0.11926999688148499
0.11926209181547165
0.11925408244132996
0.1192462220788002
0.11923837661743164
0.11923052370548248
0.1192227378487587
0.11921494454145432
0.11920718103647232
0.11919941753149033
0.11919179558753967
0.11918410658836365
0.11917644739151001
0.11916890740394592
0.11916128545999527
0.11915378272533417
0.11914622783660889
0.11913878470659256
0.11913129687309265
0.11912386864423752
0.11911648511886597
0.1191091388463974
0.11910178512334824
0.11909446120262146
0.11908718198537827
0.11907999962568283
0.11907278746366501
0.11906557530164719
0.11905840039253235
0.11905123293399811
0.11904416233301163
0.11903702467679977
0.11903002113103867
0.11902303248643875
0.11901604384183884
0.11900907754898071
0.11900218576192856
0.11899524182081223
0.11898838728666306
0.11898155510425568
0.11897477507591248
0.11896798014640808
0.11896128207445145
0.11895448714494705
0.11894781142473221
0.11894121021032333
0.11893453449010849
0.1189279556274414
0.11892134696245193
0.11891483515501022
0.11890830844640732
0.118901826441288
0.11889535933732986
0.11888893693685532
0.11888258904218674
0.11887618154287338
0.118869848549366
0.11886345595121384
0.118857242166996
0.1188509613275528
0.11884473264217377
0.11883849650621414
0.11883238703012466
0.1188262552022934
0.11882016807794571
0.11881407350301743
0.11880796402692795
0.11880196630954742
0.11879590898752213
0.11878999322652817
0.11878406256437302
0.11877813935279846
0.11877226084470749
0.1187664121389389
0.11876051872968674
0.1187547817826271
0.11874911189079285
0.11874324083328247
0.11873757839202881
0.11873189359903336
0.1187262013554573
0.11872058361768723
0.11871503293514252
0.11870943754911423
0.11870390921831131
0.118698351085186
