-0.008392777293920517
-0.008351955562829971
-0.008311155252158642
-0.00827039498835802
-0.008229679428040981
-0.00818908866494894
-0.008148576132953167
-0.008108120411634445
-0.00806776899844408
-0.008027281612157822
-0.00798700749874115
-0.007946849800646305
-0.007906678132712841
-0.007866575382649899
-0.00782659463584423
-0.007786584552377462
-0.007746649440377951
-0.007706876378506422
-0.007667111698538065
-0.007627412211149931
-0.007587756495922804
-0.007548120338469744
-0.0075086625292897224
-0.007469195406883955
-0.007429830264300108
-0.007390516810119152
-0.0073512340895831585
-0.007311969995498657
-0.007272880990058184
-0.007233887445181608
-0.007194832433015108
-0.007155909202992916
-0.007117094937711954
-0.0070782494731247425
-0.007039506919682026
-0.007000817451626062
-0.006962207145988941
-0.006923666223883629
-0.006885197013616562
-0.006846707779914141
-0.006808440666645765
-0.006770114880055189
-0.006731884088367224
-0.006693745497614145
-0.00665567722171545
-0.006617625243961811
-0.0065796771086752415
-0.0065417662262916565
-0.006503951735794544
-0.006466188933700323
-0.006428476423025131
-0.006390824913978577
-0.006353235803544521
-0.0063157398253679276
-0.006278329994529486
-0.006241001654416323
-0.00620367331430316
-0.00616640318185091
-0.006129221525043249
-0.006092092487961054
-0.006055066362023354
-0.006018089596182108
-0.005981264170259237
-0.005944323260337114
-0.005907559301704168
-0.0058708591386675835
-0.005834261886775494
-0.005797666031867266
-0.005761158186942339
-0.005724670365452766
-0.005688237026333809
-0.005651966668665409
-0.005615726578980684
-0.005579583812505007
-0.005543484818190336
-0.005507372319698334
-0.005471412092447281
-0.00543551379814744
-0.005399639718234539
-0.005363923497498035
-0.005328173749148846
-0.005292485933750868
-0.005256974138319492
-0.005221487022936344
-0.0051860264502465725
-0.005150655284523964
-0.0051153856329619884
-0.005080081522464752
-0.005044946912676096
-0.005009873304516077
-0.004974827636033297
-0.004939878825098276
-0.004904964007437229
-0.004870129749178886
-0.00483538256958127
-0.004800692666321993
-0.0047660889104008675
-0.004731540568172932
-0.004697051830589771
-0.00466261338442564
-0.004628248978406191
-0.004593985620886087
-0.0045598214492201805
-0.004525664262473583
-0.0044915941543877125
-0.0044575585052371025
-0.004423648118972778
-0.0043897791765630245
-0.004355977289378643
-0.004322254564613104
-0.004288663621991873
-0.004254976753145456
-0.0042215269058942795
-0.004188045393675566
-0.004154692403972149
-0.004121396690607071
-0.004088130779564381
-0.004054954741150141
-0.004021836444735527
-0.003988826647400856
-0.003955897409468889
-0.003923006355762482
-0.0038902098312973976
-0.0038574179634451866
-0.0038247269112616777
-0.0037921208422631025
-0.003759651677682996
-0.0037271406035870314
-0.003694727085530758
-0.0036623943597078323
-0.0036301519721746445
-0.0035979649983346462
-0.003565821796655655
-0.003533845068886876
-0.003501847619190812
-0.003469946561381221
-0.00343811372295022
-0.0034063486382365227
-0.0033747164998203516
-0.003343078773468733
-0.00331153254956007
-0.003280020784586668
-0.0032486221753060818
-0.0032173353247344494
-0.003186093643307686
-0.003154875012114644
-0.0031237872317433357
-0.0030927169136703014
-0.0030617802403867245
-0.003030832391232252
-0.00300003495067358
-0.0029692857060581446
-0.00293859769590199
-0.0029080230742692947
-0.0028774284292012453
-0.0028470102697610855
-0.0028166044503450394
-0.0027862838469445705
-0.002756058704108
-0.002725849859416485
-0.0026957497466355562
-0.0026657036505639553
-0.002635799115523696
-0.0026059008669108152
-0.00257611065171659
-0.0025463285855948925
-0.002516686450690031
-0.0024870834313333035
-0.002457577269524336
-0.002428132575005293
-0.002398777287453413
-0.00236941478215158
-0.0023401735816150904
-0.0023110555484890938
-0.0022819777950644493
-0.0022529554553329945
-0.002224031602963805
-0.002195162931457162
-0.002166384132578969
-0.0021376991644501686
-0.002109010936692357
-0.0020804989617317915
-0.0020519685931503773
-0.0020235422998666763
-0.0019952168222516775
-0.0019669774919748306
-0.0019387162756174803
-0.0019106029067188501
-0.0018825758015736938
-0.0018545829225331545
-0.0018266757251694798
-0.001798877026885748
-0.0017710942775011063
-0.001743402099236846
-0.0017158105038106441
-0.0016882733907550573
-0.0016608560690656304
-0.0016334657557308674
-0.001606163801625371
-0.0015789298340678215
-0.0015517730498686433
-0.0015246450202539563
-0.0014976619277149439
-0.00147073226980865
-0.0014438871294260025
-0.0014171117218211293
-0.001390392193570733
-0.001363698160275817
-0.0013371451059356332
-0.0013106419937685132
-0.0012842623982578516
-0.0012579604517668486
-0.001231701229698956
-0.0012054790277034044
-0.0011793890735134482
-0.0011533707147464156
-0.0011273939162492752
-0.0011015331838279963
-0.00107565987855196
-0.0010499237105250359
-0.001024278113618493
-0.000998697243630886
-0.0009732157923281193
-0.0009477516869083047
-0.0009224056266248226
-0.0008970906492322683
-0.0008718924364075065
-0.0008467510924674571
-0.0008217073045670986
-0.0007967028068378568
-0.0007718226406723261
-0.0007469558622688055
-0.0007222124841064215
-0.0006975675350986421
-0.0006729214801453054
-0.0006484016194008291
-0.00062393001280725
-0.0005995610263198614
-0.0005752490251325071
-0.0005510540795512497
-0.0005268951645120978
-0.0005028207669965923
-0.00047880661441013217
-0.0004548752913251519
-0.0004310366348363459
-0.0004072192241437733
-0.0003835700626950711
-0.000359930592821911
-0.0003364069270901382
-0.0003128834068775177
-0.00028952944558113813
-0.0002661951875779778
-0.00024298287462443113
-0.00021979401935823262
-0.00019673240603879094
-0.00017364282393828034
-0.00015070888912305236
-0.00012788479216396809
-0.0001050787977874279
-8.236637222580612e-05
-5.9775542467832565e-05
-3.716058563441038e-05
-1.4721706975251436e-05
7.698399713262916e-06
3.003107849508524e-05
5.2263669203966856e-05
7.444358197972178e-05
9.661354124546051e-05
0.00011863416875712574
0.0001405404764227569
0.00016243959544226527
0.00018422977882437408
0.00020593972294591367
0.00022762728622183204
0.0002491830091457814
0.00027069661882705986
0.00029210845241323113
0.00031343288719654083
0.00033469777554273605
0.00035592884523794055
0.0003770348848775029
0.00039807421853765845
0.0004189939354546368
0.0004399201716296375
0.00046069431118667126
0.00048147328197956085
0.0005021162796765566
0.0005226949579082429
0.0005431916215457022
0.0005636294954456389
0.000583959452342242
0.0006042548338882625
0.0006244683172553778
0.0006445902981795371
0.0006646127440035343
0.0006846445612609386
0.000704457750543952
0.0007243392174132168
0.0007440884364768863
0.0007637287490069866
0.0007832979317754507
0.0008028410375118256
0.0008223084732890129
0.0008416709606535733
0.0008609331562183797
0.00088013696949929
0.0008993036462925375
0.0009183543734252453
0.0009373257635161281
0.0009562729392200708
0.0009750958997756243
0.0009938193252310157
0.0010125309927389026
0.0010311328805983067
0.001049634302034974
0.0010680947452783585
0.0010865190997719765
0.0011048037558794022
0.001123012276366353
0.0011411651503294706
0.0011592512018978596
0.0011772848665714264
0.0011951923370361328
0.0012130397371947765
0.0012307879514992237
0.0012485167244449258
0.0012660995125770569
0.0012836938258260489
0.0013011321425437927
0.0013185031712055206
0.0013358378782868385
0.0013530716532841325
0.0013702654978260398
0.0013873570133000612
0.0014043750707060099
0.001421324908733368
0.0014381629880517721
0.0014549214392900467
0.0014716607984155416
0.001488354173488915
0.0015048913192003965
0.0015213452279567719
0.0015377621166408062
0.0015541184693574905
0.0015704326797276735
0.0015866210451349616
0.001602698815986514
0.0016187492292374372
0.001634730026125908
0.0016505687963217497
0.0016664077993482351
0.001682183938100934
0.0016978149069473147
0.0017133854562416673
0.0017289163079112768
0.0017443352844566107
0.0017597195692360401
0.0017749887192621827
0.0017901851097121835
0.0018053294625133276
0.0018204172374680638
0.001835357048548758
0.0018503520404919982
0.0018651577411219478
0.0018799079116433859
0.0018946207128465176
0.0019091954454779625
0.0019237722735852003
0.0019382904283702374
0.0019526365213096142
0.0019669784232974052
0.0019811789970844984
0.001995349768549204
0.0020094444043934345
0.002023490145802498
0.0020374353043735027
0.0020512829069048166
0.002065070904791355
0.0020787951070815325
0.002092482056468725
0.0021060581784695387
0.0021195602603256702
0.002132959198206663
0.002146326005458832
0.002159606199711561
0.002172810025513172
0.0021859812550246716
0.002199052134528756
0.002212022664025426
0.002224937081336975
0.0022377644199877977
0.002250504679977894
0.0022632076870650053
0.0022758101113140583
0.0022884041536599398
0.0023008640855550766
0.0023132108617573977
0.0023255941923707724
0.0023378252517431974
0.00235005933791399
0.0023620761930942535
0.0023741531185805798
0.002386119682341814
0.0023979872930794954
0.002409829292446375
0.002421544399112463
0.002433221321552992
0.002444795798510313
0.0024563311599195004
0.00246777874417603
0.002479152288287878
0.0024904818274080753
0.002501670503988862
0.0025128566194325686
0.0025239638052880764
0.0025349403731524944
0.0025458792224526405
0.0025567663833498955
0.002567562274634838
0.0025783199816942215
0.002588969888165593
0.002599561819806695
0.0026100436225533485
0.0026204967871308327
0.002630865201354027
0.0026411241851747036
0.002651388058438897
0.0026615415699779987
0.002671644324436784
0.002681597601622343
0.0026915851049125195
0.0027014282532036304
0.0027112041134387255
0.0027209322433918715
0.0027306233532726765
0.002740229479968548
0.002749708481132984
0.0027591423131525517
0.0027685267850756645
0.0027778258081525564
0.0027870377525687218
0.002796204760670662
0.002805265597999096
0.0028142842929810286
0.002823213580995798
0.002832131227478385
0.0028409226797521114
0.0028496412560343742
0.0028583193197846413
0.0028668642044067383
0.0028754211962223053
0.0028838771395385265
0.002892239484935999
0.002900549676269293
0.002908833557739854
0.0029169577173888683
0.0029250667430460453
0.0029331068508327007
0.0029411008581519127
0.0029489826411008835
0.0029567957390099764
0.0029645380564033985
0.0029722449835389853
0.0029798264149576426
0.0029874222818762064
0.0029948935844004154
0.003002258250489831
0.0030096033588051796
0.003016881411895156
0.003024087753146887
0.0030311800073832273
0.0030382564291357994
0.003045277204364538
0.0030521820299327374
0.0030590645037591457
0.0030658384785056114
0.003072545398026705
0.0030792192555963993
0.0030857878737151623
0.003092360682785511
0.0030987663194537163
0.0031051267869770527
0.003111442783847451
0.003117705462500453
0.003123887348920107
0.0031299495603889227
0.003136033657938242
0.0031419568695127964
0.003147892188280821
0.0031536982860416174
0.0031594999600201845
0.0031651852186769247
0.00317086698487401
0.003176360856741667
0.0031819287687540054
0.0031873462721705437
0.0031927230302244425
0.003198039485141635
0.003203245811164379
0.0032083906698971987
0.0032135024666786194
0.003218559082597494
0.0032235197722911835
0.0032284269109368324
0.0032332411501556635
0.003237985773012042
0.0032427047844976187
0.003247346729040146
0.0032518883235752583
0.0032564462162554264
0.003260912373661995
0.0032652593217790127
0.003269558772444725
0.0032737948931753635
0.003277947660535574
0.0032820948399603367
0.003286125138401985
0.0032901004888117313
0.0032940260134637356
0.0032978891395032406
0.0033016768284142017
0.00330538977868855
0.0033090421929955482
0.0033126473426818848
0.0033161677420139313
0.0033196555450558662
0.0033230045810341835
0.0033263443037867546
0.00332963140681386
0.0033328100107610226
0.00333595834672451
0.0033390310127288103
0.0033420820254832506
0.003345009870827198
0.0033478960394859314
0.003350716782733798
0.00335348816588521
0.003356185043230653
0.0033588167279958725
0.003361376700922847
0.0033638966269791126
0.003366312477737665
0.003368704579770565
0.0033710189163684845
0.003373293671756983
0.0033754780888557434
0.0033775977790355682
0.003379665082320571
0.0033816779032349586
0.0033836080692708492
0.0033855049405246973
0.003387284930795431
0.003389015793800354
0.0033907461911439896
0.0033923452720046043
0.0033939226996153593
0.0033954684622585773
0.003396854503080249
0.003398249391466379
0.0033995958510786295
0.0034008438233286142
0.0034020545426756144
0.0034031441900879145
0.0034042594488710165
0.003405278315767646
0.0034062466584146023
0.0034071095287799835
0.0034079598262906075
0.0034087153617292643
0.003409437835216522
0.0034100650809705257
0.00341072422452271
0.0034112196881324053
0.003411733778193593
0.0034121135249733925
0.003412451595067978
0.0034127337858080864
0.0034129773266613483
0.003413165919482708
0.003413243917748332
0.0034133251756429672
0.0034133128356188536
0.003413228318095207
0.0034131407737731934
0.0034129018895328045
0.003412683494389057
0.003412374760955572
0.003412025049328804
0.0034116068854928017
0.003411124460399151
0.00341058149933815
0.003409978002309799
0.0034093251451849937
0.0034086136147379875
0.003407861338928342
0.003407046664506197
0.0034061430487781763
0.0034052112605422735
0.003404193092137575
0.003403153270483017
0.0034020456951111555
0.003400854067876935
0.0033996496349573135
0.003398355795070529
0.003397005144506693
0.003395605366677046
0.003394141560420394
0.003392621874809265
0.003391056088730693
0.0033894265070557594
0.0033877529203891754
0.0033860071562230587
0.0033841694239526987
0.0033823400735855103
0.0033804471604526043
0.003378470428287983
0.0033764855470508337
0.003374366322532296
0.0033722363878041506
0.0033700759522616863
0.003367797937244177
0.003365529468283057
0.0033631769474595785
0.003360736183822155
0.0033582786563783884
0.003355741500854492
0.00335319503210485
0.0033505933824926615
0.0033478771802037954
0.0033451286144554615
0.003342332784086466
0.003339543240144849
0.003336592111736536
0.0033336314372718334
0.0033306097611784935
0.0033276022877544165
0.0033244683872908354
0.003321294207125902
0.0033181007020175457
0.0033148005604743958
0.00331148412078619
0.0033080903813242912
0.0033046870958060026
0.003301193006336689
0.0032976132351905107
0.0032940497621893883
0.0032903903629630804
0.0032867060508579016
0.003282928140833974
0.0032791374251246452
0.003275268478319049
0.00327138788998127
0.003267398104071617
0.0032633752562105656
0.0032593482173979282
0.0032552354969084263
0.003251030808314681
0.003246855456382036
0.0032425778917968273
0.0032382356002926826
0.003233892610296607
0.003229469060897827
0.0032249782234430313
0.0032204589806497097
0.0032158903777599335
0.003211250761523843
0.0032065855339169502
0.003201843937858939
0.0031970622949302197
0.003192258533090353
0.0031873893458396196
0.0031824386678636074
0.003177461912855506
0.0031724367290735245
0.003167366376146674
0.0031622296664863825
0.003157088067382574
0.0031518463511019945
0.0031465874053537846
0.0031412560492753983
0.0031358874402940273
0.0031304792501032352
0.0031249881722033024
0.0031194929033517838
0.0031139401253312826
0.0031083128415048122
0.0031026466749608517
0.003096942789852619
0.0030911602079868317
0.0030853808857500553
0.0030794921331107616
0.0030736562330275774
0.0030676727183163166
0.003061681753024459
0.0030556379351764917
0.003049541963264346
0.003043432952836156
0.0030372473411262035
0.003030997235327959
0.003024714533239603
0.0030184313654899597
0.0030120506417006254
0.003005609381943941
0.0029991217888891697
0.0029926656279712915
0.002986118895933032
0.0029795023147016764
0.002972867339849472
0.0029661599546670914
0.002959421370178461
0.0029526364523917437
0.002945822896435857
0.002938911784440279
0.0029320595785975456
0.002925078384578228
0.002918051788583398
0.00291100493632257
0.0029038931243121624
0.0028967794496566057
0.002889571711421013
0.0028823476750403643
0.0028750866185873747
0.0028677419759333134
0.002860432490706444
0.0028529977425932884
0.0028455746360123158
0.00283807166852057
0.002830520737916231
0.002822923008352518
0.002815315732732415
0.0028076705057173967
0.0027999645099043846
0.0027922065928578377
0.002784410724416375
0.0027765543200075626
0.0027686941903084517
0.002760778646916151
0.002752844011411071
0.002744808094576001
0.0027367486618459225
0.0027286980766803026
0.0027205285150557756
0.0027123752515763044
0.0027041558641940355
0.0026959169190376997
0.0026876050978899
0.002679246012121439
0.0026708925142884254
0.0026624943129718304
0.0026539950631558895
0.0026455156039446592
0.0026369683910161257
0.00262839300557971
0.002619771985337138
0.0026111239567399025
0.0026024221442639828
0.002593670506030321
0.0025848837103694677
0.002576076192781329
0.0025672167539596558
0.002558337524533272
0.0025493716821074486
0.002540385816246271
0.002531379461288452
0.0025223263073712587
0.0025132251903414726
0.0025040865875780582
0.002494912128895521
0.0024857050739228725
0.002476475667208433
0.0024671400897204876
0.002457818714901805
0.002448505721986294
0.0024390940088778734
0.00242968020029366
0.0024201793130487204
0.002410668646916747
0.002401102799922228
0.002391490852460265
0.0023818928748369217
0.002372224349528551
0.002362537197768688
0.0023528102319687605
0.002343026688322425
0.002333225915208459
0.002323372755199671
0.002313503995537758
0.002303526271134615
0.002293619327247143
0.0022836383432149887
0.0022736028768122196
0.0022635548375546932
0.002253422513604164
0.0022433034610003233
0.002233126200735569
0.0022229496389627457
0.0022126641124486923
0.0022024372592568398
0.0021921272855252028
0.0021817630622535944
0.002171385334804654
0.0021609875839203596
0.002150553045794368
0.00214002444408834
0.0021295673213899136
0.002118965145200491
0.0021084079053252935
0.002097801538184285
0.002087150700390339
0.002076477510854602
0.002065791515633464
0.002055003307759762
0.0020442302338778973
0.0020334734581410885
0.0020225881598889828
0.0020116998348385096
0.002000784734264016
0.001989810960367322
0.001978873973712325
0.001967871794477105
0.0019568472635000944
0.0019457524176687002
0.001934633357450366
0.001923520932905376
0.0019123404053971171
0.001901136478409171
0.0018899327842518687
0.0018786643631756306
0.0018673776648938656
0.0018560687312856317
0.0018446972826495767
0.001833317568525672
0.0018218385521322489
0.0018104369519278407
0.0017989780753850937
0.0017874649493023753
0.001775924232788384
0.0017643275205045938
0.0017527685267850757
0.001741150626912713
0.0017294700955972075
0.0017177960835397243
0.0017060836544260383
0.0016943342052400112
0.001682561938650906
0.001670777564868331
0.0016589680453762412
0.0016470517730340362
0.0016351935919374228
0.0016232712659984827
0.0016113468445837498
0.0015993809793144464
0.001587355276569724
0.001575340749695897
0.0015632680151611567
0.0015512327663600445
0.0015390807529911399
0.001526986830867827
0.0015148130478337407
0.0015025744214653969
0.0014903554692864418
0.0014780913479626179
0.0014658686704933643
0.0014535775408148766
0.0014412516029551625
0.0014288933016359806
0.0014164908789098263
0.0014040677342563868
0.001391655532643199
0.0013792181853204966
0.0013667570892721415
0.0013542219530791044
0.001341683091595769
0.0013291188515722752
0.0013165095588192344
0.0013039381010457873
0.0012913094833493233
0.0012786383740603924
0.001265913131646812
0.0012532249093055725
0.0012404879089444876
0.0012277618516236544
0.0012150132097303867
0.0012021394213661551
0.001189341302961111
0.0011764789232984185
0.001163653563708067
0.001150710042566061
0.0011377634946256876
0.0011247838847339153
0.0011118610855191946
0.001098858891054988
0.0010858399327844381
0.0010728270281106234
0.0010597256477922201
0.001046627527102828
0.0010335505940020084
0.001020419760607183
0.0010072492295876145
0.0009940832387655973
0.000980892451480031
0.0009676226181909442
0.0009544026106595993
0.0009411787614226341
0.0009278325014747679
0.0009145846706815064
0.000901245279237628
0.000887897505890578
0.0008745104423724115
0.0008611295488663018
0.0008477006922475994
0.0008342833025380969
0.0008208254585042596
0.0008073332719504833
0.0007938679773360491
0.0007803726475685835
0.00076682009967044
0.0007532660965807736
0.0007397115114144981
0.00072607392212376
0.0007124965777620673
0.0006988399545662105
0.0006852220976725221
0.0006715563358739018
0.0006578312604688108
0.0006441150326281786
0.0006304147536866367
0.000616664532572031
0.0006029047071933746
0.000589162518735975
0.0005753091536462307
0.0005614606780000031
0.0005476424703374505
0.0005338212940841913
0.0005199615843594074
0.0005060398252680898
0.000492120161652565
0.0004782083269674331
0.00046426383778452873
0.00045031902845948935
0.0004363159532658756
0.0004223265568725765
0.0004083130625076592
0.00039428606396541
0.00038025729008950293
0.00036619178717955947
0.0003521203761920333
0.00033802533289417624
0.0003239377692807466
0.0003097963344771415
0.0002956424141302705
0.0002814845065586269
0.00026734673883765936
0.000253178586717695
0.00023892062017694116
0.0002246979856863618
0.00021048742928542197
0.00019620562670752406
0.00018197018653154373
0.00016772147500887513
0.00015341994003392756
0.0001391171244904399
0.00012476590927690268
0.00011046178406104445
9.609502740204334e-05
8.173382957465947e-05
6.735534407198429e-05
5.298200994729996e-05
3.855139948427677e-05
2.414535265415907e-05
9.724171832203865e-06
-4.704284947365522e-06
-1.920305658131838e-05
-3.3671094570308924e-05
-4.811407416127622e-05
-6.265618139877915e-05
-7.715955143794417e-05
-9.168684482574463e-05
-0.00010620284592732787
-0.00012074314872734249
-0.00013526916154660285
-0.00014987331815063953
-0.000164466182468459
-0.000179021037183702
-0.00019364600302651525
-0.00020828217384405434
-0.00022287716274149716
-0.0002375288459006697
-0.0002521498245187104
-0.00026685057673603296
-0.000281496555544436
-0.00029622134752571583
-0.00031087492243386805
-0.0003255639458075166
-0.000340271188179031
-0.0003549976972863078
-0.00036976253613829613
-0.00038451689761132
-0.00039932082290761173
-0.00041400507325306535
-0.0004288422060199082
-0.0004435767768882215
-0.00045838142978027463
-0.00047320721205323935
-0.00048800004879012704
-0.0005028056912124157
-0.000517659296747297
-0.0005324774538166821
-0.0005472976481541991
-0.0005622159224003553
-0.0005770544521510601
-0.000591915799304843
-0.0006068118382245302
-0.000621684012003243
-0.0006365950684994459
-0.0006515180575661361
-0.0006664177635684609
-0.0006813469808548689
-0.0006962233455851674
-0.0007111749146133661
-0.0007261374266818166
-0.0007410927210003138
-0.0007560556987300515
-0.0007709970232099295
-0.0007859804318286479
-0.0008009785669855773
-0.0008159381104633212
-0.000830972392577678
-0.000845957372803241
-0.0008609426440671086
-0.0008759308839216828
-0.0008909408934414387
-0.0009059773874469101
-0.0009209999116137624
-0.0009360919357277453
-0.0009510761592537165
-0.0009660916985012591
-0.0009811497293412685
-0.000996226561255753
-0.0010113109601661563
-0.0010263955919072032
-0.0010414579883217812
-0.0010564647382125258
-0.0010715578682720661
-0.0010866550728678703
-0.001101758098229766
-0.0011168476194143295
-0.0011319435434415936
-0.0011470287572592497
-0.0011621342273429036
-0.0011772655416280031
-0.0011923989513888955
-0.0012074665864929557
-0.0012225972022861242
-0.001237700693309307
-0.0012528428342193365
-0.0012679552892223
-0.0012831117492169142
-0.0012982406187802553
-0.0013133769389241934
-0.001328528393059969
-0.0013436401495710015
-0.00135879497975111
-0.0013739318819716573
-0.001389056327752769
-0.0014042564434930682
-0.0014193822862580419
-0.0014345529489219189
-0.001449728268198669
-0.001464876695536077
-0.0014800430508330464
-0.0014951997436583042
-0.0015103388577699661
-0.0015254844911396503
-0.001540680881589651
-0.0015558396698907018
-0.0015710450243204832
-0.001586174126714468
-0.0016013133572414517
-0.001616481225937605
-0.0016316729597747326
-0.0016468173125758767
-0.0016619854141026735
-0.0016771635273471475
-0.0016923206858336926
-0.001707511954009533
-0.001722689252346754
-0.001737847924232483
-0.0017530058976262808
-0.0017681705066934228
-0.0017833036836236715
-0.0017984731821343303
-0.0018136471044272184
-0.0018288297578692436
-0.0018440155545249581
-0.00185914256144315
-0.001874313922598958
-0.0018894490785896778
-0.0019046398811042309
-0.001919792965054512
-0.0019349150825291872
-0.0019500592024996877
-0.0019652072805911303
-0.001980365952476859
-0.00199550436809659
-0.002010651398450136
-0.0020258137956261635
-0.002040898660197854
-0.0020560433622449636
-0.002071149181574583
-0.0020863162353634834
-0.0021014311350882053
-0.002116548828780651
-0.0021316641941666603
-0.0021467471960932016
-0.0021618541795760393
-0.0021769844461232424
-0.0021920730359852314
-0.0022071823477745056
-0.002222266048192978
-0.002237398875877261
-0.002252466045320034
-0.002267561387270689
-0.002282654633745551
-0.0022977411281317472
-0.00231277197599411
-0.002327841240912676
-0.002342880703508854
-0.0023579460103064775
-0.002373015508055687
-0.002388020744547248
-0.002403083723038435
-0.002418058691546321
-0.002433149144053459
-0.0024481744039803743
-0.0024631808046251535
-0.002478192560374737
-0.0024931917432695627
-0.0025081834755837917
-0.002523185918107629
-0.0025381490122526884
-0.0025531677529215813
-0.002568103838711977
-0.002583082066848874
-0.0025980365462601185
-0.00261299847625196
-0.0026279513258486986
-0.002642886247485876
-0.0026577787939459085
-0.002672727219760418
-0.0026876546908169985
-0.0027025502640753984
-0.0027174726128578186
-0.0027323684189468622
-0.00274726958014071
-0.002762158866971731
-0.0027770379092544317
-0.0027918992564082146
-0.0028067431412637234
-0.0028216554783284664
-0.002836422063410282
-0.002851286204531789
-0.002866111695766449
-0.0028809066861867905
-0.002895739860832691
-0.0029105229768902063
-0.0029253195971250534
-0.0029400980565696955
-0.00295484927482903
-0.002969638677313924
-0.0029843985103070736
-0.002999113406985998
-0.003013849025592208
-0.0030285478569567204
-0.003043362172320485
-0.0030579676385968924
-0.0030727197881788015
-0.0030873622745275497
-0.003102085553109646
-0.0031167189590632915
-0.00313136400654912
-0.0031459908932447433
-0.0031606436241418123
-0.003175269113853574
-0.0031898694578558207
-0.0032044940162450075
-0.0032190519850701094
-0.0032336204312741756
-0.003248254768550396
-0.003262768965214491
-0.0032773595303297043
-0.0032918299548327923
-0.003306392580270767
-0.0033208865206688643
-0.003335422370582819
-0.0033498986158519983
-0.003364347852766514
-0.003378826892003417
-0.003393254242837429
-0.00340768089517951
-0.003422193694859743
-0.003436586819589138
-0.003450948279350996
-0.0034653518814593554
-0.0034797287080436945
-0.003494091099128127
-0.0035084702540189028
-0.0035227846819907427
-0.0035371482372283936
-0.00355141912586987
-0.0035657216794788837
-0.0035800300538539886
-0.0035943039692938328
-0.003608562285080552
-0.0036227782256901264
-0.003637053305283189
-0.0036512420047074556
-0.0036654809955507517
-0.0036796864587813616
-0.003693843726068735
-0.003708013566210866
-0.0037221629172563553
-0.003736256854608655
-0.003750362666323781
-0.003764512948691845
-0.0037786061875522137
-0.0037926645018160343
-0.0038067225832492113
-0.0038207725156098604
-0.0038348252419382334
-0.0038488423451781273
-0.003862858284264803
-0.0038768297526985407
-0.0038908205460757017
-0.0039047296158969402
-0.003918671049177647
-0.00393262505531311
-0.003946526441723108
-0.0039604282937943935
-0.003974291495978832
-0.003988198004662991
-0.004002012778073549
-0.004015850368887186
-0.004029653966426849
-0.004043448716402054
-0.004057217855006456
-0.004070998635143042
-0.004084707237780094
-0.004098419100046158
-0.004112159367650747
-0.004125870764255524
-0.004139583557844162
-0.0041532330214977264
-0.004166838247328997
-0.0041804807260632515
-0.004194116219878197
-0.004207714460790157
-0.0042212833650410175
-0.00423485366627574
-0.004248380661010742
-0.004261939786374569
-0.004275449085980654
-0.004288907162845135
-0.004302395042032003
-0.004315829370170832
-0.004329239949584007
-0.004342682659626007
-0.0043560778722167015
-0.004369471687823534
-0.004382822196930647
-0.004396156873553991
-0.004409506916999817
-0.004422811791300774
-0.004436076153069735
-0.0044493479654192924
-0.004462620709091425
-0.004475863184779882
-0.004489040933549404
-0.0045022545382380486
-0.004515392240136862
-0.004528547637164593
-0.004541710019111633
-0.004554817918688059
-0.004567886237055063
-0.004580989014357328
-0.004594030324369669
-0.004607032053172588
-0.004620054736733437
-0.004633055534213781
-0.004646001383662224
-0.00465900544077158
-0.004671931732445955
-0.004684863146394491
-0.004697747062891722
-0.004710635170340538
-0.004723459482192993
-0.004736327100545168
-0.004749132785946131
-0.004761934746056795
-0.004774652421474457
-0.004787435755133629
-0.004800120834261179
-0.004812837578356266
-0.00482554268091917
-0.0048382217064499855
-0.004850806202739477
-0.004863454028964043
-0.004876077640801668
-0.004888641647994518
-0.004901203326880932
-0.004913753364235163
-0.004926216788589954
-0.00493871932849288
-0.004951180890202522
-0.0049636815674602985
-0.00497607933357358
-0.00498846173286438
-0.005000852048397064
-0.005013188347220421
-0.005025523714721203
-0.005037879105657339
-0.005050146486610174
-0.005062403157353401
-0.005074628163129091
-0.005086888093501329
-0.0050990949384868145
-0.005111264996230602
-0.0051233842968940735
-0.005135517101734877
-0.005147662479430437
-0.00515970541164279
-0.005171829368919134
-0.005183846689760685
-0.0051958076655864716
-0.005207817070186138
-0.005219772458076477
-0.005231721326708794
-0.005243615712970495
-0.005255552474409342
-0.005267408676445484
-0.005279224365949631
-0.00529108103364706
-0.005302872974425554
-0.005314638838171959
-0.005326409358531237
-0.005338092800229788
-0.005349813960492611
-0.0053614843636751175
-0.005373119376599789
-0.005384757649153471
-0.005396388471126556
-0.005407962016761303
-0.005419494118541479
-0.0054310099221765995
-0.0054425145499408245
-0.005454009398818016
-0.005465436261147261
-0.0054768724367022514
-0.005488306749612093
-0.0054996986873447895
-0.005511031951755285
-0.005522340536117554
-0.005533646792173386
-0.005544934421777725
-0.005556110292673111
-0.005567405838519335
-0.005578585434705019
-0.005589790176600218
-0.005600908771157265
-0.005612037144601345
-0.005623135715723038
-0.005634203553199768
-0.005645199213176966
-0.0056562465615570545
-0.005667263641953468
-0.005678168032318354
-0.005689108278602362
-0.0057000331580638885
-0.00571089843288064
-0.005721788387745619
-0.005732588469982147
-0.005743392743170261
-0.0057541863061487675
-0.005764938425272703
-0.005775653291493654
-0.005786348134279251
-0.005797010380774736
-0.005807641893625259
-0.005818268284201622
-0.0058288476429879665
-0.005839394871145487
-0.005849984474480152
-0.005860478617250919
-0.005870900582522154
-0.005881377961486578
-0.0058917999267578125
-0.005902186036109924
-0.0059125665575265884
-0.005922894459217787
-0.005933229811489582
-0.0059435092844069
-0.005953719839453697
-0.005963948089629412
-0.005974139086902142
-0.00598433893173933
-0.005994472187012434
-0.006004573777318001
-0.006014677695930004
-0.006024697329849005
-0.00603478355333209
-0.006044764071702957
-0.006054722238332033
-0.0060646552592515945
-0.006074582692235708
-0.006084458902478218
-0.006094308104366064
-0.006104151718318462
-0.006113932467997074
-0.006123723927885294
-0.006133460905402899
-0.0061431508511304855
-0.0061528366059064865
-0.006162513047456741
-0.006172077264636755
-0.006181673146784306
-0.006191247142851353
-0.006200773175805807
-0.0062103187665343285
-0.0062198094092309475
-0.006229243241250515
-0.006238644942641258
-0.006248039193451405
-0.006257396657019854
-0.006266728974878788
-0.006276015192270279
-0.006285274401307106
-0.00629448564723134
-0.006303718779236078
-0.006312905810773373
-0.00632208026945591
-0.00633115554228425
-0.006340250838547945
-0.006349312141537666
-0.006358313839882612
-0.0063673360273242
-0.006376306060701609
-0.006385243497788906
-0.006394132971763611
-0.006403032690286636
-0.006411863956600428
-0.006420667748898268
-0.006429419852793217
-0.006438207812607288
-0.0064469133503735065
-0.00645559374243021
-0.0064642480574548244
-0.006472887471318245
-0.006481491029262543
-0.006490088067948818
-0.0064986334182322025
-0.0065070753917098045
-0.00651555648073554
-0.006524014286696911
-0.006532416213303804
-0.00654078833758831
-0.0065491353161633015
-0.006557410582900047
-0.006565710995346308
-0.0065739452838897705
-0.006582185626029968
-0.006590378936380148
-0.0065985084511339664
-0.00660664914175868
-0.00661472836509347
-0.006622810382395983
-0.006630828138440847
-0.006638829596340656
-0.0066468012519180775
-0.006654707714915276
-0.006662620231509209
-0.006670477334409952
-0.006678309291601181
-0.006686139851808548
-0.006693890783935785
-0.0067016188986599445
-0.006709338631480932
-0.006716958247125149
-0.00672463933005929
-0.006732248701155186
-0.006739795207977295
-0.00674736313521862
-0.006754860281944275
-0.00676231924444437
-0.0067698052152991295
-0.006777225062251091
-0.006784576922655106
-0.0067919478751719
-0.006799281109124422
-0.006806533318012953
-0.006813760846853256
-0.006820979993790388
-0.006828167010098696
-0.0068353330716490746
-0.006842404138296843
-0.006849497556686401
-0.006856565363705158
-0.006863563787192106
-0.006870556157082319
-0.00687749357894063
-0.006884428206831217
-0.006891319528222084
-0.0068981521762907505
-0.006904963869601488
-0.006911760661751032
-0.006918502971529961
-0.006925200577825308
-0.006931913085281849
-0.006938526406884193
-0.006945115514099598
-0.006951699964702129
-0.006958245299756527
-0.0069647543132305145
-0.00697125680744648
-0.006977702025324106
-0.006984108593314886
-0.006990466732531786
-0.006996807176619768
-0.007003143895417452
-0.0070094275288283825
-0.007015659008175135
-0.007021819707006216
-0.007028001826256514
-0.007034126203507185
-0.00704023614525795
-0.007046317216008902
-0.007052302360534668
-0.007058333605527878
-0.007064304780215025
-0.007070239633321762
-0.0070761339738965034
-0.007082024589180946
-0.007087797857820988
-0.007093581836670637
-0.007099338807165623
-0.007105077616870403
-0.007110752630978823
-0.00711638480424881
-0.00712201464921236
-0.007127614226192236
-0.007133166305720806
-0.007138674613088369
-0.007144165690988302
-0.00714960927143693
-0.007155003026127815
-0.007160360459238291
-0.007165699265897274
-0.0071710082702338696
-0.007176257204264402
-0.0071815066039562225
-0.00718668382614851
-0.007191868498921394
-0.0071970028802752495
-0.007202084641903639
-0.007207113318145275
-0.007212155964225531
-0.007217124570161104
-0.0072220563888549805
-0.0072270045056939125
-0.007231872994452715
-0.007236703764647245
-0.007241501938551664
-0.0072462731041014194
-0.007251011207699776
-0.007255726493895054
-0.007260368205606937
-0.007265012711286545
-0.007269593887031078
-0.007274153642356396
-0.007278663106262684
-0.007283156272023916
-0.007287607062608004
-0.007292020134627819
-0.007296395022422075
-0.007300735916942358
-0.00730505958199501
-0.00730931805446744
-0.007313557434827089
-0.007317737210541964
-0.0073219239711761475
-0.0073260352946817875
-0.007330123335123062
-0.007334182038903236
-0.007338186260312796
-0.007342175580561161
-0.007346116006374359
-0.007350022904574871
-0.00735387671738863
-0.007357746362686157
-0.007361531723290682
-0.0073653156869113445
-0.007369034457951784
-0.007372727617621422
-0.007376390043646097
-0.00737998029217124
-0.007383544929325581
-0.007387121208012104
-0.007390622980892658
-0.007394115906208754
-0.007397524546831846
-0.007400927133858204
-0.007404310628771782
-0.007407609838992357
-0.007410898804664612
-0.007414150983095169
-0.007417359855026007
-0.0074205659329891205
-0.00742368446663022
-0.007426806725561619
-0.0074298507533967495
-0.007432878483086824
-0.007435860112309456
-0.007438824512064457
-0.007441747467964888
-0.007444624323397875
-0.007447499316185713
-0.007450282573699951
-0.007453088648617268
-0.007455806247889996
-0.007458490785211325
-0.007461192086338997
-0.007463805843144655
-0.007466379087418318
-0.007468953728675842
-0.007471446879208088
-0.007473904639482498
-0.007476362865418196
-0.0074787437915802
-0.007481116335839033
-0.007483452558517456
-0.007485749665647745
-0.007488017901778221
-0.007490205112844706
-0.007492370437830687
-0.007494522258639336
-0.007496618200093508
-0.007498665247112513
-0.007500746753066778
-0.007502684369683266
-0.007504642475396395
-0.007506588473916054
-0.007508453913033009
-0.007510302122682333
-0.0075120991095900536
-0.007513851393014193
-0.007515590637922287
-0.007517287507653236
-0.007518962491303682
-0.00752056622877717
-0.007522169500589371
-0.007523674517869949
-0.007525171618908644
-0.007526643108576536
-0.007528096903115511
-0.007529467344284058
-0.00753082474693656
-0.007532158866524696
-0.0075333984568715096
-0.007534667383879423
-0.007535858545452356
-0.007537039928138256
-0.007538153324276209
-0.007539229467511177
-0.007540286518633366
-0.007541310973465443
-0.007542286533862352
-0.007543256040662527
-0.007544126361608505
-0.007544988766312599
-0.007545810658484697
-0.007546592503786087
-0.007547350600361824
-0.007548049092292786
-0.007548744324594736
-0.007549345027655363
-0.007549981586635113
-0.007550512440502644
-0.007551033515483141
-0.007551530841737986
-0.007551953196525574
-0.007552376948297024
-0.007552754133939743
-0.0075530558824539185
-0.007553370203822851
-0.007553604897111654
-0.0075538428500294685
-0.007554020266979933
-0.007554165553301573
-0.007554236799478531
-0.007554314099252224
-0.007554347161203623
-0.007554327603429556
-0.00755429919809103
-0.007554206531494856
-0.007554099895060062
-0.007553913630545139
-0.007553726434707642
-0.007553464267402887
-0.007553185801953077
-0.007552884053438902
-0.007552541792392731
-0.007552130613476038
-0.007551700808107853
-0.007551225367933512
-0.007550698239356279
-0.007550197187811136
-0.007549572270363569
-0.007548989728093147
-0.0075483163818717
-0.007547608111053705
-0.007546868175268173
-0.007546098902821541
-0.007545263972133398
-0.007544408086687326
-0.00754353916272521
-0.0075426120311021805
-0.007541641127318144
-0.007540625520050526
-0.007539564743638039
-0.007538521662354469
-0.007537393365055323
-0.007536225952208042
-0.007535004056990147
-0.007533825468271971
-0.007532521151006222
-0.007531191222369671
-0.0075298575684428215
-0.007528480142354965
-0.007527058944106102
-0.007525580935180187
-0.007524074986577034
-0.007522534113377333
-0.0075209313072264194
-0.007519339211285114
-0.007517672143876553
-0.007515966892242432
-0.007514242082834244
-0.007512449752539396
-0.007510639727115631
-0.007508782669901848
-0.007506893947720528
-0.007504983339458704
-0.00750300707295537
-0.007501005195081234
-0.007498974911868572
-0.00749686174094677
-0.007494754157960415
-0.007492569275200367
-0.007490420248359442
-0.007488157134503126
-0.00748588889837265
-0.007483580149710178
-0.007481246255338192
-0.007478824816644192
-0.007476396858692169
-0.007473945617675781
-0.007471444550901651
-0.007468876428902149
-0.007466297131031752
-0.007463647518306971
-0.007461035158485174
-0.007458332926034927
-0.007455617189407349
-0.007452796678990126
-0.007450020406395197
-0.007447160314768553
-0.007444256916642189
-0.007441323716193438
-0.007438352331519127
-0.007435325998812914
-0.007432319689542055
-0.007429218851029873
-0.007426092401146889
-0.007422947324812412
-0.007419746834784746
-0.0074165151454508305
-0.007413228042423725
-0.007409937679767609
-0.007406583055853844
-0.007403154391795397
-0.0073997448198497295
-0.007396284490823746
-0.007392759434878826
-0.007389225997030735
-0.007385628763586283
-0.007382016163319349
-0.0073783365078270435
-0.0073746442794799805
-0.007370950188487768
-0.007367119193077087
-0.007363305892795324
-0.007359463721513748
-0.007355587091296911
-0.0073516471311450005
-0.007347660604864359
-0.0073436712846159935
-0.007339624688029289
-0.007335526868700981
-0.007331447675824165
-0.007327258121222258
-0.007323055993765593
-0.007318816147744656
-0.007314534857869148
-0.007310195360332727
-0.0073058768175542355
-0.00730144651606679
-0.007297041825950146
-0.007292574737221003
-0.007288042921572924
-0.007283502724021673
-0.007278920616954565
-0.007274311035871506
-0.007269640453159809
-0.0072649079374969006
-0.007260194513946772
-0.007255434058606625
-0.007250590715557337
-0.00724573852494359
-0.0072408574633300304
-0.007235919591039419
-0.0072309416718780994
-0.007225941866636276
-0.007220929022878408
-0.007215818390250206
-0.00721072219312191
-0.00720552122220397
-0.007200335152447224
-0.007195103447884321
-0.007189834024757147
-0.007184518501162529
-0.007179148495197296
-0.007173764053732157
-0.007168326526880264
-0.007162867113947868
-0.007157366722822189
-0.007151811383664608
-0.007146207150071859
-0.007140619680285454
-0.0071349600329995155
-0.007129259407520294
-0.007123509421944618
-0.007117742206901312
-0.007111912593245506
-0.007106071338057518
-0.007100187242031097
-0.007094233296811581
-0.007088294718414545
-0.007082272320985794
-0.007076222915202379
-0.007070152088999748
-0.007064031437039375
-0.007057871203869581
-0.0070516751147806644
-0.007045424077659845
-0.007039177231490612
-0.007032868452370167
-0.007026508450508118
-0.007020087912678719
-0.007013710215687752
-0.007007237523794174
-0.007000713609158993
-0.006994204595685005
-0.00698761735111475
-0.006980975158512592
-0.006974341347813606
-0.006967640947550535
-0.006960935890674591
-0.006954144686460495
-0.0069473437033593655
-0.006940511520951986
-0.006933616008609533
-0.006926670204848051
-0.006919745821505785
-0.006912726443260908
-0.006905694957822561
-0.006898598745465279
-0.006891512777656317
-0.006884371861815453
-0.006877189036458731
-0.006869925651699305
-0.006862688809633255
-0.006855372339487076
-0.006848049815744162
-0.006840669550001621
-0.006833252962678671
-0.006825821939855814
-0.006818303372710943
-0.00681080250069499
-0.006803231313824654
-0.006795630790293217
-0.006787966936826706
-0.006780283525586128
-0.006772583816200495
-0.006764853838831186
-0.006757040042430162
-0.0067491899244487286
-0.006741340737789869
-0.006733400747179985
-0.0067254770547151566
-0.00671751843765378
-0.006709475535899401
-0.006701405625790358
-0.0066933161579072475
-0.006685193628072739
-0.006677023135125637
-0.006668802350759506
-0.0066605606116354465
-0.006652291398495436
-0.006643959786742926
-0.006635607685893774
-0.006627222057431936
-0.006618767976760864
-0.006610312964767218
-0.006601772736757994
-0.006593240424990654
-0.006584665738046169
-0.0065760258585214615
-0.00656738830730319
-0.0065586804412305355
-0.006549929268658161
-0.006541142705827951
-0.006532356608659029
-0.006523506715893745
-0.006514615844935179
-0.0065056984312832355
-0.006496748887002468
-0.006487783510237932
-0.0064787003211677074
-0.00646966090425849
-0.006460519507527351
-0.006451379973441362
-0.006442198064178228
-0.006432982161641121
-0.006423703860491514
-0.006414415780454874
-0.006405089516192675
-0.006395738571882248
-0.00638633593916893
-0.006376865319907665
-0.00636738957837224
-0.006357832811772823
-0.006348300259560347
-0.006338710431009531
-0.006329128053039312
-0.006319410167634487
-0.006309731863439083
-0.006299970671534538
-0.006290209945291281
-0.006280374247580767
-0.006270534358918667
-0.0062606423161923885
-0.006250700447708368
-0.006240721791982651
-0.006230727769434452
-0.006220730021595955
-0.006210623774677515
-0.006200507748872042
-0.006190383341163397
-0.006180178839713335
-0.006169949192553759
-0.006159693002700806
-0.0061493911780416965
-0.006139072123914957
-0.006128671113401651
-0.006118240300565958
-0.006107830908149481
-0.006097354926168919
-0.006086817476898432
-0.006076289340853691
-0.006065687630325556
-0.006055046804249287
-0.006044374778866768
-0.006033705547451973
-0.006022966001182795
-0.006012198515236378
-0.0060013672336936
-0.0059905098751187325
-0.005979631561785936
-0.005968713201582432
-0.005957762245088816
-0.005946749355643988
-0.0059357499703764915
-0.005924645811319351
-0.005913580767810345
-0.005902403965592384
-0.005891254637390375
-0.005880042444914579
-0.005868762265890837
-0.00585751049220562
-0.005846180021762848
-0.005834806244820356
-0.005823425482958555
-0.005811958108097315
-0.005800486076623201
-0.005788989365100861
-0.005777450744062662
-0.005765874404460192
-0.005754260811954737
-0.005742607172578573
-0.005730924662202597
-0.005719214212149382
-0.005707453936338425
-0.005695659201592207
-0.005683853290975094
-0.005671977996826172
-0.0056600505486130714
-0.005648116115480661
-0.005636133719235659
-0.005624154582619667
-0.0056120785884559155
-0.005599995143711567
-0.005587859079241753
-0.00557571230456233
-0.005563524551689625
-0.005551310256123543
-0.005539036821573973
-0.005526720080524683
-0.0055144173093140125
-0.005502053536474705
-0.005489648319780827
-0.0054772174917161465
-0.005464710295200348
-0.005452226381748915
-0.005439641885459423
-0.005427069030702114
-0.005414438433945179
-0.005401809234172106
-0.0053891283459961414
-0.005376375745981932
-0.005363618489354849
-0.005350787658244371
-0.005337980575859547
-0.005325119476765394
-0.005312209017574787
-0.005299246869981289
-0.005286275874823332
-0.005273261573165655
-0.005260221194475889
-0.005247126333415508
-0.005234055686742067
-0.005220833234488964
-0.005207656882703304
-0.005194433964788914
-0.005181180313229561
-0.005167915020138025
-0.0051545798778533936
-0.005141215864568949
-0.005127779208123684
-0.005114341154694557
-0.005100890062749386
-0.005087347235530615
-0.005073841195553541
-0.005060242023319006
-0.005046629346907139
-0.005033006425946951
-0.005019305273890495
-0.005005601327866316
-0.004991837311536074
-0.0049780686385929585
-0.004964218009263277
-0.004950363654643297
-0.004936478100717068
-0.0049225385300815105
-0.0049086082726716995
-0.0048945993185043335
-0.004880567081272602
-0.004866498522460461
-0.004852383863180876
-0.004838256165385246
-0.0048240842297673225
-0.00480987410992384
-0.0047956183552742004
-0.004781348630785942
-0.004767038393765688
-0.004752704408019781
-0.004738304764032364
-0.004723896272480488
-0.004709457512944937
-0.004694968927651644
-0.004680440295487642
-0.00466588418930769
-0.004651321098208427
-0.004636670462787151
-0.004622011911123991
-0.004607345908880234
-0.004592597484588623
-0.004577853716909885
-0.004563038237392902
-0.004548220429569483
-0.004533334169536829
-0.004518461413681507
-0.004503525327891111
-0.004488588310778141
-0.004473570734262466
-0.004458538722246885
-0.004443443845957518
-0.0044283512979745865
-0.004413226153701544
-0.004398060031235218
-0.0043828533962368965
-0.004367588087916374
-0.004352334421128035
-0.004337036982178688
-0.004321684129536152
-0.004306323826313019
-0.0042909178882837296
-0.004275463987141848
-0.0042599961161613464
-0.00424447376281023
-0.004228911362588406
-0.004213356878608465
-0.004197762347757816
-0.004182073753327131
-0.004166436847299337
-0.004150720313191414
-0.004134951159358025
-0.004119182471185923
-0.004103356972336769
-0.004087503999471664
-0.00407163193449378
-0.0040557305328547955
-0.004039774648845196
-0.0040238043293356895
-0.004007798619568348
-0.003991718403995037
-0.003975641448050737
-0.003959528170526028
-0.003943359479308128
-0.003927199169993401
-0.003910957369953394
-0.003894699737429619
-0.0038784421049058437
-0.0038621241692453623
-0.0038457894697785378
-0.0038293786346912384
-0.0038129875902086496
-0.0037965220399200916
-0.0037800269201397896
-0.0037635131739079952
-0.003746979171410203
-0.003730418626219034
-0.003713781712576747
-0.0036971268709748983
-0.003680467139929533
-0.0036637710873037577
-0.003646992379799485
-0.0036302092485129833
-0.0036134233232587576
-0.003596562659367919
-0.0035796661395579576
-0.00356275518424809
-0.003545816522091627
-0.003528844565153122
-0.0035118546802550554
-0.003494777251034975
-0.0034777000546455383
-0.0034606028348207474
-0.0034434834960848093
-0.0034262817353010178
-0.0034091128036379814
-0.003391824197024107
-0.0033745754044502974
-0.00335728214122355
-0.003339937888085842
-0.0033225875813513994
-0.0033051453065127134
-0.003287729574367404
-0.0032702370081096888
-0.003252775175496936
-0.003235241398215294
-0.003217680612578988
-0.0032000916544348
-0.0031824647448956966
-0.0031647956930100918
-0.003147101029753685
-0.003129401244223118
-0.003111639991402626
-0.0030938168056309223
-0.003076006891205907
-0.003058157628402114
-0.003040296258404851
-0.0030223599169403315
-0.003004438942298293
-0.0029864388052374125
-0.002968412358313799
-0.002950366586446762
-0.002932306146249175
-0.0029142166022211313
-0.0028960772324353456
-0.002877888036891818
-0.0028596636839210987
-0.002841427456587553
-0.0028231688775122166
-0.0028049065731465816
-0.0027865597512573004
-0.0027682106010615826
-0.0027497888077050447
-0.0027313516475260258
-0.0027128891088068485
-0.0026944272685796022
-0.0026759193278849125
-0.00265732710249722
-0.0026387658435851336
-0.002620144048705697
-0.002601499669253826
-0.0025828424841165543
-0.0025641333777457476
-0.0025454137939959764
-0.002526623196899891
-0.0025078076869249344
-0.0024889849592000246
-0.002470145234838128
-0.0024512498639523983
-0.0024322764948010445
-0.0024133457336574793
-0.002394364681094885
-0.002375332871451974
-0.0023562752176076174
-0.0023372089490294456
-0.0023180937860161066
-0.0022989436984062195
-0.0022797684650868177
-0.0022605701815336943
-0.0022413344122469425
-0.0022220700047910213
-0.002202743198722601
-0.0021834243088960648
-0.002164083067327738
-0.002144675236195326
-0.0021252513397485018
-0.002105825813487172
-0.0020863472018390894
-0.0020667926874011755
-0.002047260757535696
-0.0020277141593396664
-0.002008110750466585
-0.0019884759094566107
-0.0019687702879309654
-0.0019490867853164673
-0.001929355668835342
-0.0019096077885478735
-0.0018898376729339361
-0.001870014239102602
-0.0018501818412914872
-0.0018302930984646082
-0.0018103604670614004
-0.0017904285341501236
-0.0017704719211906195
-0.0017504807328805327
-0.001730411546304822
-0.0017103725112974644
-0.0016902971547096968
-0.0016701787244528532
-0.0016500207129865885
-0.0016298668924719095
-0.0016096734907478094
-0.001589395571500063
-0.001569150248542428
-0.0015488399658352137
-0.0015285259578377008
-0.0015081476885825396
-0.0014877421781420708
-0.001467325957491994
-0.0014468729496002197
-0.0014264198252931237
-0.0014059151289984584
-0.0013853703858330846
-0.0013648348394781351
-0.0013442026684060693
-0.0013235814403742552
-0.0013029472902417183
-0.0012822444550693035
-0.0012615493033081293
-0.0012407756876200438
-0.0012199939228594303
-0.001199223450385034
-0.0011783738154917955
-0.0011575232492759824
-0.001136641832999885
-0.0011157372500747442
-0.0010947473347187042
-0.001073790481314063
-0.001052802661433816
-0.0010317564010620117
-0.0010107159614562988
-0.0009895862312987447
-0.0009684631368145347
-0.000947308843024075
-0.0009261411032639444
-0.0009049196960404515
-0.0008836942724883556
-0.0008624367183074355
-0.0008411246235482395
-0.0008198252762667835
-0.0007984653348103166
-0.0007770457305014133
-0.0007556597702205181
-0.000734199769794941
-0.0007127415155991912
-0.0006912630051374435
-0.0006697219796478748
-0.0006481900345534086
-0.0006266091368161142
-0.0006049767252989113
-0.0005833103787153959
-0.0005616735434159636
-0.0005399732617661357
-0.0005182686727494001
-0.0004965163534507155
-0.00047470888239331543
-0.0004528930876404047
-0.0004310821241233498
-0.00040920445462688804
-0.00038732553366571665
-0.00036539408029057086
-0.0003434468526393175
-0.0003214612661395222
-0.00029945140704512596
-0.0002774349704850465
-0.00025536594330333173
-0.00023329167743213475
-0.00021113446564413607
-0.00018899995484389365
-0.00016682574641890824
-0.00014462825492955744
-0.0001224112929776311
-0.00010017221211455762
-7.788100629113615e-05
-5.553604569286108e-05
-3.323823329992592e-05
-1.0842340998351574e-05
1.156554208137095e-05
3.396402462385595e-05
5.643680924549699e-05
7.891215500421822e-05
0.00010142795508727431
0.00012395143858157098
0.00014654628466814756
0.0001690992503426969
0.0001917101035360247
0.00021438454859890044
0.00023704144405201077
0.00025971938157454133
0.0002824240655172616
0.0003051615203730762
0.00032798867323435843
0.0003508330846671015
0.00037361597060225904
0.0003964790957979858
0.00041937155765481293
0.00044225857709534466
0.0004652074130717665
0.00048819518997333944
0.0005111797945573926
0.0005342072108760476
0.0005572494119405746
0.0005803040694445372
0.0006034496473148465
0.0006265688571147621
0.0006497229333035648
0.0006728809676133096
0.0006961026228964329
0.0007193486671894789
0.0007425909861922264
0.0007659188704565167
0.0007891792338341475
0.0008125425083562732
0.0008359010680578649
0.0008593299426138401
0.0008827387937344611
0.0009061621967703104
0.0009296391508542001
0.000953140202909708
0.0009766521397978067
0.001000212854705751
0.0010237839305773377
0.0010474175214767456
0.0010710356291383505
0.0010946732945740223
0.001118365558795631
0.0011420766822993755
0.0011658158618956804
0.0011895943898707628
0.0012133587151765823
0.001237175427377224
0.0012610070407390594
0.0012848651967942715
0.0013087550178170204
0.0013326985063031316
0.001356620341539383
0.0013805653434246778
0.0014045643620193005
0.0014285928336903453
0.0014526506420224905
0.0014767020475119352
0.0015008505433797836
0.0015249401330947876
0.0015490755904465914
0.0015732182655483484
0.001597401686012745
0.0016216521617025137
0.001645928481593728
0.001670176861807704
0.0016944494564086199
0.0017187895718961954
0.0017431617015972733
0.0017675117123872042
0.0017918988596647978
0.0018163464264944196
0.0018407634925097227
0.0018652273574844003
0.0018897639820352197
0.00191427581012249
0.00193879846483469
0.001963387243449688
0.0019879848696291447
0.0020126027520745993
0.0020372606813907623
0.0020619332790374756
0.0020866154227405787
0.0021113231778144836
0.002136068884283304
0.0021608173847198486
0.0021856653038412333
0.002210467355325818
0.002235292922705412
0.002260160632431507
0.002285071648657322
0.002309964969754219
0.0023349388502538204
0.002359893172979355
0.0023848891723901033
0.002409876324236393
0.002434907015413046
0.002459961688145995
0.0024850827176123857
0.002510181162506342
0.002535314066335559
0.0025604472029954195
0.002585640177130699
0.002610845025628805
0.002636068733409047
0.002661313395947218
0.0026865911204367876
0.002711885841563344
0.0027372457552701235
0.0027625523507595062
0.0027879413682967424
0.0028133103623986244
0.00283876177854836
0.002864179201424122
0.0028896667063236237
0.002915121614933014
0.002940649399533868
0.002966192550957203
0.002991771325469017
0.003017348237335682
0.00304292980581522
0.0030685518868267536
0.003094246843829751
0.0031198873184621334
0.00314559368416667
0.00317129073664546
0.003197013633325696
0.0032228161580860615
0.003248629393056035
0.003274420974776149
0.00330023979768157
0.003326104022562504
0.0033519603312015533
0.0033778748475015163
0.003403799142688513
0.0034297872334718704
0.003455718047916889
0.0034817259293049574
0.003507749643176794
0.0035337733570486307
0.003559855744242668
0.003585944650694728
0.0036120442673563957
0.0036381585523486137
0.003664308227598667
0.003690465120598674
0.003716688137501478
0.003742940491065383
0.0037691574543714523
0.003795392345637083
0.0038216798566281796
0.0038479790091514587
0.0038743424229323864
0.003900672309100628
0.003927068784832954
0.003953475970774889
0.003979847766458988
0.004006328526884317
0.004032808821648359
0.004059287719428539
0.0040857428684830666
0.004112290218472481
0.004138824995607138
0.004165379796177149
0.0041920216754078865
0.004218603018671274
0.004245250951498747
0.004271910060197115
0.004298563115298748
0.004325293470174074
0.0043520014733076096
0.004378741141408682
0.004405498504638672
0.004432271234691143
0.004459071904420853
0.0044859107583761215
0.0045127663761377335
0.004539645276963711
0.004566554445773363
0.004593440797179937
0.004620345775038004
0.004647332243621349
0.004674294963479042
0.004701279103755951
0.004728297237306833
0.0047553107142448425
0.004782371688634157
0.0048094261437654495
0.004836568608880043
0.004863684996962547
0.004890831187367439
0.004917970392853022
0.004945148713886738
0.004972374998033047
0.00499960221350193
0.005026825238019228
0.005054072476923466
0.005081343464553356
0.005108627025038004
0.0051359557546675205
0.0051633333787322044
0.005190704483538866
0.005218078847974539
0.005245468579232693
0.005272886715829372
0.005300343967974186
0.00532779935747385
0.005355281755328178
0.005382787901908159
0.005410280078649521
0.005437831860035658
0.005465392023324966
0.005493014119565487
0.005520573351532221
0.005548193119466305
0.005575884599238634
0.005603506229817867
0.005631202831864357
0.0056588854640722275
0.005686589982360601
0.005714327562600374
0.0057420628145337105
0.005769816692918539
0.005797640420496464
0.005825492087751627
0.0058532897382974625
0.005881157238036394
0.005909002851694822
0.005936901550740004
0.005964835174381733
0.0059927464462816715
0.006020692177116871
0.006048652809113264
0.0060766348615288734
0.006104636937379837
0.006132626440376043
0.006160699762403965
0.006188743282109499
0.006216851528733969
0.006244943477213383
0.006273016333580017
0.006301195826381445
0.0063293371349573135
0.006357505917549133
0.006385672837495804
0.006413877010345459
0.006442091427743435
0.006470344960689545
0.0064986227080225945
0.006526915356516838
0.006555171683430672
0.006583485286682844
0.0066118184477090836
0.006640200037509203
0.006668546702712774
0.006696950178593397
0.006725355051457882
0.006753763649612665
0.006782182492315769
0.006810628343373537
0.00683914078399539
0.006867622025310993
0.006896126549690962
0.006924653425812721
0.0069531966000795364
0.0069817849434912205
0.007010346744209528
0.007038933224976063
0.00706755043938756
0.0070961699821054935
0.007124837022274733
0.007153475657105446
0.007182185538113117
0.007210858166217804
0.0072396001778542995
0.007268301211297512
0.00729704275727272
0.007325843907892704
0.007354628294706345
0.007383424788713455
0.0074122087098658085
0.0074410224333405495
0.007469883654266596
0.007498756982386112
0.0075276694260537624
0.007556550670415163
0.007585478946566582
0.007614394649863243
0.007643358316272497
0.007672331761568785
0.007701311260461807
0.007730299606919289
0.007759307976812124
0.007788355927914381
0.007817385718226433
0.007846418768167496
0.007875533774495125
0.00790461152791977
0.007933732122182846
0.007962830364704132
0.007991957478225231
0.008021185174584389
0.008050322532653809
0.00807950459420681
0.008108694106340408
0.008137897588312626
0.008167154155671597
0.00819638092070818
0.008225691504776478
0.008254957385361195
0.008284250274300575
0.008313566446304321
0.008342870511114597
0.008372223004698753
0.008401560597121716
0.008430946618318558
0.008460340090095997
0.008489728905260563
0.008519147522747517
0.008548562414944172
0.008578046225011349
0.00860750675201416
0.008636945858597755
0.008666458539664745
0.008695934899151325
0.00872550904750824
0.008755013346672058
0.008784563280642033
0.008814120665192604
0.008843683637678623
0.008873253129422665
0.008902855217456818
0.008932512253522873
0.008962135761976242
0.008991796523332596
0.009021434001624584
0.009051116183400154
0.009080849587917328
0.009110529907047749
0.009140255860984325
0.00916997343301773
0.009199692867696285
0.009229461662471294
0.009259240701794624
0.009289073757827282
0.0093188202008605
0.00934864953160286
0.009378485381603241
0.00940831657499075
0.009438217617571354
0.009468058124184608
0.009497922845184803
0.009527826681733131
0.009557735174894333
0.00958762876689434
0.009617547504603863
0.009647529572248459
0.009677492082118988
0.009707428514957428
0.009737443178892136
0.009767437353730202
0.009797454811632633
0.009827501140534878
0.009857501834630966
0.009887573309242725
0.009917625226080418
0.009947695769369602
0.00997775886207819
0.010007892735302448
0.010037988424301147
0.010068105533719063
0.010098210535943508
0.010128362104296684
0.010158577002584934
0.010188770480453968
0.010218956507742405
0.01024910993874073
0.010279317386448383
0.010309520177543163
0.010339749976992607
0.010370039381086826
0.0104002570733428
0.010430533438920975
0.01046080980449915
0.010491104796528816
0.010521432384848595
0.01055174320936203
0.010582048445940018
0.010612390004098415
0.010642742738127708
0.010673077777028084
0.010703429579734802
0.010733836330473423
0.01076425425708294
0.010794632136821747
0.010825034230947495
0.010855472646653652
0.010885961353778839
0.010916389524936676
0.010946804657578468
0.010977284051477909
0.011007777415215969
0.011038248427212238
0.011068789288401604
0.011099286377429962
0.011129828169941902
0.01116031501442194
0.011190890334546566
0.011221418157219887
0.011252012103796005
0.011282585561275482
0.011313156224787235
0.011343753896653652
0.011374344117939472
0.011404948309063911
0.011435598134994507
0.011466260999441147
0.011496873572468758
0.011527526192367077
0.011558172293007374
0.01158888265490532
0.01161955576390028
0.01165023259818554
0.011680957861244678
0.01171165332198143
0.011742380447685719
0.011773081496357918
0.011803870089352131
0.011834592558443546
0.01186537928879261
0.011896122246980667
0.011926891282200813
0.011957641690969467
0.011988509446382523
0.01201927661895752
0.012050087563693523
0.012080881744623184
0.012111710384488106
0.012142552994191647
0.01217341423034668
0.01220426894724369
0.012235131114721298
0.012266004458069801
0.012296906672418118
0.012327758595347404
0.012358706444501877
0.0123895900323987
0.01242049690335989
0.01245142612606287
0.01248234137892723
0.012513282708823681
0.012544256635010242
0.012575219385325909
0.01260613277554512
0.012637120671570301
0.01266808994114399
0.012699044309556484
0.012730087153613567
0.012761075049638748
0.012792093679308891
0.012823080644011497
0.012854105792939663
0.012885114178061485
0.012916188687086105
0.012947259470820427
0.012978247366845608
0.013009317219257355
0.013040376827120781
0.013071422465145588
0.01310256402939558
0.013133646920323372
0.013164729811251163
0.013195796869695187
0.013226941227912903
0.013258034363389015
0.013289208523929119
0.01332031562924385
0.013351415283977985
0.013382578268647194
0.013413694687187672
0.01344484742730856
0.01347604300826788
0.013507182709872723
0.01353833544999361
0.013569551520049572
0.01360066793859005
0.013631916604936123
0.013663099147379398
0.013694321736693382
0.013725501485168934
0.013756703585386276
0.013787896372377872
0.013819140382111073
0.013850351795554161
0.013881616294384003
0.01391284354031086
0.013944072648882866
0.013975320383906364
0.014006586745381355
0.014037884771823883
0.014069120399653912
0.014100377447903156
0.014131643809378147
0.014162907376885414
0.01419421099126339
0.014225536957383156
0.014256799593567848
0.014288129284977913
0.014319396577775478
0.014350717887282372
0.01438203640282154
0.014413359574973583
0.014444680884480476
0.01447598822414875
0.014507303945720196
0.014538642019033432
0.01456998847424984
0.014601352624595165
0.014632676728069782
0.014664027839899063
0.014695387333631516
0.01472670491784811
0.014758138917386532
0.01478949561715126
0.01482085045427084
0.014852210879325867
0.014883600175380707
0.01491496991366148
0.01494633313268423
0.014977756887674332
0.015009121969342232
0.015040512196719646
0.015071914531290531
0.015103292651474476
0.015134763903915882
0.015166139230132103
0.015197520144283772
0.01522893738001585
0.015260362066328526
0.015291761606931686
0.015323159284889698
0.015354607254266739
0.015386050567030907
0.015417472459375858
0.015448890626430511
0.015480319038033485
0.015511797741055489
0.015543228015303612
0.015574628487229347
0.015606094151735306
0.01563749834895134
0.01566895842552185
0.015700407326221466
0.01573188230395317
0.01576332375407219
0.01579481177031994
0.01582619734108448
0.015857670456171036
0.01588917151093483
0.015920573845505714
0.01595206744968891
0.015983538702130318
0.016014985740184784
0.016046443954110146
0.01607789658010006
0.016109399497509003
0.016140827909111977
0.016172323375940323
0.016203776001930237
0.016235260292887688
0.016266752034425735
0.0162982027977705
0.016329675912857056
0.01636113040149212
0.016392618417739868
0.01642407663166523
0.01645555905997753
0.016487054526805878
0.016518497839570045
0.01654999703168869
0.01658146269619465
0.01661290042102337
0.01664443127810955
0.016675885766744614
0.016707364469766617
0.016738831996917725
0.016770288348197937
0.016801785677671432
0.016833269968628883
0.01686473749577999
0.016896214336156845
0.016927707940340042
0.01695914939045906
0.016990620642900467
0.017022110521793365
0.017053591087460518
0.017085082828998566
0.017116544768214226
0.017147978767752647
0.01717943698167801
0.017210910096764565
0.017242399975657463
0.017273856326937675
0.017305321991443634
0.017336757853627205
0.017368240281939507
0.017399722710251808
0.017431175336241722
0.01746262237429619
0.017494061961770058
0.017525501549243927
0.017556950449943542
0.017588401213288307
0.01761988177895546
0.01765131577849388
0.017682742327451706
0.017714178189635277
0.017745617777109146
0.017777100205421448
0.017808515578508377
0.017839942127466202
0.01787135750055313
0.017902778461575508
0.01793419010937214
0.017965611070394516
0.017997076734900475
0.01802847534418106
0.018059909343719482
0.018091291189193726
0.018122680485248566
0.018154095858335495
0.018185527995228767
0.018216926604509354
0.01824828051030636
0.018279695883393288
0.018311066552996635
0.018342453986406326
0.018373865634202957
0.018405241891741753
0.0184366162866354
0.018467977643013
0.018499311059713364
0.018530718982219696
0.018562067300081253
0.018593452870845795
0.018624773249030113
0.018656112253665924
0.01868746615946293
0.01871878281235695
0.018750149756669998
0.01878145895898342
0.01881280727684498
0.01884409785270691
0.01887545734643936
0.018906772136688232
0.018938060849905014
0.018969392403960228
0.01900067739188671
0.019031986594200134
0.0190633125603199
0.01909456215798855
0.019125841557979584
0.01915711723268032
0.01918836124241352
0.019219623878598213
0.01925087720155716
0.019282156601548195
0.019313421100378036
0.019344661384820938
0.019375890493392944
0.019407115876674652
0.019438359886407852
0.019469579681754112
0.019500788301229477
0.01953199878334999
0.01956317573785782
0.019594408571720123
0.019625557586550713
0.019656790420413017
0.019687963649630547
0.019719138741493225
0.019750304520130157
0.01978146657347679
0.019812652841210365
0.01984379254281521
0.019874930381774902
0.019906017929315567
0.01993718184530735
0.019968297332525253
0.019999392330646515
0.020030546933412552
0.02006162330508232
0.020092733204364777
0.020123805850744247
0.020154887810349464
0.020186029374599457
0.020217059180140495
0.020248116925358772
0.020279165357351303
0.020310193300247192
0.02034122496843338
0.02037224732339382
0.020403292030096054
0.02043430507183075
0.020465290173888206
0.020496319979429245
0.020527280867099762
0.020558319985866547
0.020589297637343407
0.020620247349143028
0.02065117098391056
0.020682115107774734
0.02071303315460682
0.020743994042277336
0.020774956792593002
0.020805880427360535
0.02083677612245083
0.020867642015218735
0.020898547023534775
0.02092946507036686
0.02096032351255417
0.020991191267967224
0.021022062748670578
0.021052876487374306
0.021083757281303406
0.02111455239355564
0.021145407110452652
0.021176224574446678
0.02120700664818287
0.02123781107366085
0.021268606185913086
0.02129940502345562
0.021330157294869423
0.02136092819273472
0.02139165997505188
0.02142239548265934
0.02145310491323471
0.02148383855819702
0.021514562889933586
0.02154526300728321
0.021575938910245895
0.021606629714369774
0.021637288853526115
0.021667970344424248
0.02169860154390335
0.02172924391925335
0.021759841591119766
0.02179046720266342
0.021821070462465286
0.02185167744755745
0.021882308647036552
0.02191288396716118
0.02194342389702797
0.021973978728055954
0.022004514932632446
0.022035064175724983
0.022065605968236923
0.022096097469329834
0.0221265759319067
0.022157078608870506
0.02218755893409252
0.0222180038690567
0.02224849723279476
0.022278940305113792
0.02230938896536827
0.02233976311981678
0.022370191290974617
0.0224006287753582
0.02243099734187126
0.02246139571070671
0.02249174751341343
0.022522097453475
0.022552425041794777
0.022582735866308212
0.022613098844885826
0.02264341525733471
0.022673698142170906
0.022703977301716805
0.022734222933650017
0.02276451699435711
0.022794753313064575
0.022825002670288086
0.02285521849989891
0.022885415703058243
0.022915586829185486
0.022945772856473923
0.022975990548729897
0.02300613559782505
0.0230362918227911
0.023066362366080284
0.023096507415175438
0.023126667365431786
0.023156749084591866
0.023186787962913513
0.023216862231492996
0.023246917873620987
0.023276954889297485
0.023306963965296745
0.023337023332715034
0.02336701937019825
0.023396987468004227
0.023426992818713188
0.023456919938325882
0.023486904799938202
0.023516817018389702
0.023546749725937843
0.023576658219099045
0.02360653504729271
0.023636404424905777
0.023666299879550934
0.02369615249335766
0.023726020008325577
0.023755839094519615
0.023785613477230072
0.02381541021168232
0.02384520322084427
0.023875022307038307
0.02390475757420063
0.02393447980284691
0.023964187130331993
0.023993896320462227
0.02402361109852791
0.0240533035248518
0.024082954972982407
0.02411259151995182
0.024142280220985413
0.024171853438019753
0.024201512336730957
0.024231115356087685
0.024260666221380234
0.02429022453725338
0.024319760501384735
0.02434929832816124
0.024378858506679535
0.02440834417939186
0.02443784289062023
0.024467293173074722
0.02449675463140011
0.024526216089725494
0.024555671960115433
0.02458505891263485
0.024614455178380013
0.02464381232857704
0.02467319741845131
0.024702541530132294
0.024731917306780815
0.02476123720407486
0.024790532886981964
0.02481978014111519
0.024849088862538338
0.024878306314349174
0.024907618761062622
0.024936802685260773
0.024965988472104073
0.024995191022753716
0.025024380534887314
0.02505353093147278
0.025082707405090332
0.025111818686127663
0.025140924379229546
0.025170007720589638
0.02519909106194973
0.025228139013051987
0.025257227942347527
0.025286227464675903
0.025315234437584877
0.02534424513578415
0.025373216718435287
0.025402195751667023
0.025431174784898758
0.02546009048819542
0.02548898756504059
0.025517860427498817
0.025546763092279434
0.02557561546564102
0.025604477152228355
0.025633331388235092
0.025662124156951904
0.02569090574979782
0.025719676166772842
0.025748439133167267
0.025777220726013184
0.025805924087762833
0.025834640488028526
0.025863319635391235
0.025891995057463646
0.025920623913407326
0.025949297472834587
0.025977937504649162
0.026006517931818962
0.026035113260149956
0.02606365829706192
0.02609221637248993
0.026120763272047043
0.026149282231926918
0.0261777862906456
0.02620624750852585
0.0262347050011158
0.026263151317834854
0.02629161812365055
0.026320014148950577
0.026348397135734558
0.026376748457551003
0.02640513889491558
0.026433466002345085
0.02646179497241974
0.02649007923901081
0.02651836909353733
0.026546642184257507
0.02657487615942955
0.02660312131047249
0.02663135901093483
0.026659540832042694
0.026687711477279663
0.02671584114432335
0.02674398198723793
0.02677214704453945
0.026800232008099556
0.026828287169337273
0.026856327429413795
0.02688438445329666
0.026912445202469826
0.026940399780869484
0.026968441903591156
0.02699640765786171
0.02702432870864868
0.027052275836467743
0.027080172672867775
0.02710810676217079
0.027135973796248436
0.027163822203874588
0.02719164453446865
0.027219459414482117
0.027247270569205284
0.027275055646896362
0.027302825823426247
0.027330592274665833
0.027358287945389748
0.027385994791984558
0.027413658797740936
0.0274413600564003
0.027469029650092125
0.02749663218855858
0.02752423658967018
0.027551822364330292
0.02757938764989376
0.02760690450668335
0.02763446792960167
0.02766203135251999
0.027689484879374504
0.027716968208551407
0.02774445340037346
0.02777187153697014
0.027799265459179878
0.027826687321066856
0.027854083105921745
0.027881402522325516
0.027908751741051674
0.027936037629842758
0.027963362634181976
0.027990680187940598
0.028017887845635414
0.028045138344168663
0.028072338551282883
0.02809958904981613
0.0281267911195755
0.0281539149582386
0.028181061148643494
0.028208214789628983
0.0282353013753891
0.02826237492263317
0.028289487585425377
0.028316495940089226
0.02834351174533367
0.028370551764965057
0.028397494927048683
0.028424501419067383
0.028451409190893173
0.028478333726525307
0.02850528620183468
0.028532126918435097
0.02855902910232544
0.028585825115442276
0.028612669557332993
0.02863948792219162
0.02866625040769577
0.02869301848113537
0.02871977537870407
0.028746526688337326
0.028773251920938492
0.028799910098314285
0.028826573863625526
0.02885323204100132
0.028879832476377487
0.028906432911753654
0.028933048248291016
0.028959620743989944
0.028986146673560143
0.02901267074048519
0.029039179906249046
0.02906569465994835
0.029092175886034966
0.029118625447154045
0.029145030304789543
0.02917143888771534
0.0291978120803833
0.029224172234535217
0.02925054356455803
0.029276898130774498
0.029303165152668953
0.029329420998692513
0.02935570478439331
0.029381979256868362
0.02940823882818222
0.029434410855174065
0.029460612684488297
0.029486747458577156
0.02951287105679512
0.029538968577980995
0.02956511080265045
0.029591219499707222
0.02961728349328041
0.029643330723047256
0.029669350013136864
0.02969536744058132
0.0297213327139616
0.02974732592701912
0.029773274436593056
0.02979915402829647
0.02982506714761257
0.02985096350312233
0.029876835644245148
0.029902707785367966
0.02992847003042698
0.02995433285832405
0.02998008392751217
0.03000585362315178
0.030031615868210793
0.03005732223391533
0.03008301742374897
0.03010868839919567
0.030134355649352074
0.030160000547766685
0.030185652896761894
0.030211251229047775
0.03023681603372097
0.030262380838394165
0.030287960544228554
0.030313504859805107
0.03033897466957569
0.03036445379257202
0.030389945954084396
0.030415404587984085
0.030440790578722954
0.03046618588268757
0.030491627752780914
0.030516956001520157
0.030542323365807533
0.030567646026611328
0.03059293143451214
0.03061825782060623
0.030643528327345848
0.030668769031763077
0.03069397248327732
0.030719181522727013
0.030744343996047974
0.030769549310207367
0.03079470992088318
0.030819816514849663
0.03084496594965458
0.030870022252202034
0.030895106494426727
0.030920201912522316
0.03094520978629589
0.030970219522714615
0.030995208770036697
0.031020157039165497
0.03104512393474579
0.031070049852132797
0.031094983220100403
0.03111989237368107
0.031144756823778152
0.031169643625617027
0.031194467097520828
0.031219325959682465
0.031244128942489624
0.03126886859536171
0.03129364177584648
0.03131835535168648
0.03134308010339737
0.03136778250336647
0.03139252960681915
0.03141719847917557
0.03144179284572601
0.03146645799279213
0.03149104118347168
0.03151567280292511
0.03154024854302406
0.03156479075551033
0.0315893180668354
0.03161380812525749
0.03163832053542137
0.031662799417972565
0.031687282025814056
0.03171171620488167
0.03173615410923958
0.031760528683662415
0.03178493678569794
0.031809329986572266
0.03183368593454361
0.03185799717903137
0.03188234567642212
0.03190658241510391
0.031930841505527496
0.031955089420080185
0.031979382038116455
0.03200361877679825
0.032027825713157654
0.03205198794603348
0.0320761539041996
0.03210034221410751
0.03212445601820946
0.03214855119585991
0.03217264264822006
0.03219670057296753
0.032220784574747086
0.03224479779601097
0.03226890787482262
0.03229290992021561
0.032316870987415314
0.03234086185693741
0.03236481174826622
0.03238874301314354
0.032412681728601456
0.0324365571141243
0.032460447400808334
0.03248433396220207
0.03250813111662865
0.03253199905157089
0.03255580738186836
0.03257964178919792
0.03260340914130211
0.03262718394398689
0.0326508991420269
0.032674647867679596
0.03269841521978378
0.032722070813179016
0.03274575620889664
0.032769426703453064
0.03279305621981621
0.03281666710972786
0.032840337604284286
0.032863959670066833
0.0328875333070755
0.0329110287129879
0.03293462097644806
0.03295816853642464
0.03298167511820793
0.03300515562295914
0.03302866220474243
0.033052146434783936
0.033075571060180664
0.033099062740802765
0.03312245011329651
0.03314586356282234
0.03316926211118698
0.03319263085722923
0.033215973526239395
0.03323933109641075
0.03326265886425972
0.0332859568297863
0.033309269696474075
0.03333256021142006
0.033355794847011566
0.03337906673550606
0.03340231627225876
0.03342554345726967
0.03344869613647461
0.03347192332148552
0.03349509835243225
0.033518288284540176
0.033541418612003326
0.03356454521417618
0.03358765318989754
0.03361076861619949
0.03363382816314697
0.03365693986415863
0.03367999941110611
0.0337030328810215
0.03372605890035629
0.03374909609556198
0.03377208858728409
0.03379513695836067
0.03381805121898651
0.03384103253483772
0.033863939344882965
0.033886875957250595
0.033909812569618225
0.03393276035785675
0.0339556485414505
0.03397853672504425
0.03400137275457382
0.03402424976229668
0.03404703736305237
0.03406995162367821
0.0340927317738533
0.03411554917693138
0.034138333052396774
0.03416108340024948
0.034183844923973083
0.03420664742588997
0.03422936052083969
0.0342521071434021
0.034274790436029434
0.034297503530979156
0.0343201719224453
0.034342870116233826
0.03436553105711937
0.034388184547424316
0.03441084548830986
0.03443345054984093
0.03445611149072647
0.034478724002838135
0.03450130671262741
0.0345238596200943
0.03454641252756119
0.03456899896264076
0.03459157422184944
0.03461410105228424
0.03463663160800934
0.03465915843844414
0.034681662917137146
0.03470417112112045
0.034726619720458984
0.0347491092979908
0.03477153927087784
0.034794047474861145
0.03481646999716759
0.03483890742063522
0.034861333668231964
0.034883737564086914
0.03490615636110306
0.03492850810289383
0.03495092689990997
0.03497326746582985
0.0349956713616848
0.03501799330115318
0.03504036366939545
0.03506267070770264
0.035085033625364304
0.035107340663671494
0.035129643976688385
0.035151951014995575
0.03517423942685127
0.03519647568464279
0.03521878272294998
0.035241030156612396
0.03526332601904869
0.03528552129864693
0.03530777245759964
0.03532997518777847
0.035352226346731186
0.03537445887923241
0.03539660573005676
0.03541883826255798
0.035441018640995026
0.03546319156885147
0.035485364496707916
0.03550755977630615
0.03552975878119469
0.03555185720324516
0.03557400777935982
0.03559614717960358
0.03561828285455704
0.03564036637544632
0.035662516951560974
0.035684678703546524
0.035706739872694016
0.035728856921195984
0.03575093299150467
0.03577301278710365
0.03579511120915413
0.03581717982888222
0.03583924099802971
0.035861287266016006
0.0358833447098732
0.0359053872525692
0.035927411168813705
0.035949502140283585
0.03597153723239899
0.0359935536980629
0.036015577614307404
0.03603757172822952
0.036059632897377014
0.03608160465955734
0.036103613674640656
0.03612562268972397
0.036147598177194595
0.036169614642858505
0.036191560328006744
0.036213621497154236
0.036235541105270386
0.03625751659274101
0.036279480904340744
0.03630143776535988
0.036323435604572296
0.03634541481733322
0.03636735677719116
0.036389295011758804
0.03641122579574585
0.03643316403031349
0.03645512834191322
0.036477066576480865
0.03649904206395149
0.03652098402380943
0.0365428663790226
0.036564767360687256
0.03658677265048027
0.03660867363214493
0.036630596965551376
0.036652497947216034
0.03667442500591278
0.036696333438158035
0.03671826049685478
0.036740176379680634
0.03676207736134529
0.03678402304649353
0.036805909126996994
0.036827877163887024
0.036849793046712875
0.036871712654829025
0.036893580108881
0.03691549971699715
0.036937396973371506
0.03695929795503616
0.03698117285966873
0.03700314089655876
0.03702501580119133
0.03704693168401718
0.037068817764520645
0.0370907187461853
0.03711269423365593
0.0371345654129982
0.03715648874640465
0.03717837110161781
0.03720030188560486
0.03722216933965683
0.03724408522248268
0.037266019731760025
0.03728795796632767
0.037309855222702026
0.037331774830818176
0.037353672087192535
0.037375617772340775
0.03739755228161812
0.03741950914263725
0.03744141012430191
0.03746333345770836
0.03748525679111481
0.037507228553295135
0.037529170513153076
0.03755111247301102
0.03757305443286896
0.037594985216856
0.037616949528455734
0.037638917565345764
0.037660855799913406
0.03768279775977135
0.037704791873693466
0.037726741284132004
0.03774874657392502
0.037770722061395645
0.03779272362589836
0.03781471028923988
0.03783666342496872
0.03785866126418114
0.037880655378103256
0.03790269419550896
0.03792468458414078
0.03794671595096588
0.03796872869133949
0.0379907563328743
0.03801277279853821
0.03803480044007301
0.038056880235672
0.0380789116024971
0.03810100257396698
0.03812304511666298
0.03814508393406868
0.03816717490553856
0.03818926215171814
0.03821134194731712
0.038233429193496704
0.038255561143159866
0.03827764093875885
0.03829974681138992
0.038321930915117264
0.03834400326013565
0.03836614638566971
0.03838828206062317
0.03841044008731842
0.03843262791633606
0.038454778492450714
0.03847697377204895
0.03849909454584122
0.03852129355072975
0.03854352608323097
0.038565680384635925
0.03858797252178192
0.03861018270254135
0.03863242641091347
0.038654640316963196
0.038676925003528595
0.03869916498661041
0.03872143477201462
0.0387437529861927
0.0387660376727581
0.038788314908742905
0.0388106070458889
0.03883296251296997
0.038855284452438354
0.03887761011719704
0.03889995068311691
0.03892233595252037
0.03894471004605293
0.03896710276603699
0.03898952528834343
0.03901192173361778
0.039034340530633926
0.03905675560235977
0.03907917067408562
0.03910162299871445
0.03912412375211716
0.03914660960435867
0.0391690768301487
0.03919154405593872
0.03921407461166382
0.03923662379384041
0.03925912454724312
0.03928171843290329
0.03930426761507988
0.03932683914899826
0.039349425584077835
0.03937198594212532
0.03939466550946236
0.03941729664802551
0.039439912885427475
0.03946256637573242
0.03948522359132767
0.03950794041156769
0.039530593901872635
0.03955330327153206
0.03957603871822357
0.03959878906607628
0.0396215058863163
0.0396442711353302
0.03966706618666649
0.03968985378742218
0.03971264883875847
0.03973547741770744
0.039758313447237015
0.03978125751018524
0.03980409353971481
0.03982695937156677
0.03984986990690231
0.03987276926636696
0.03989570587873459
0.03991865739226341
0.03994167968630791
0.039964642375707626
0.03998761624097824
0.040010660886764526
0.04003366455435753
0.040056757628917694
0.040079809725284576
0.04010289907455444
0.040125999599695206
0.04014909639954567
0.04017223045229912
0.040195368230342865
0.04021858423948288
0.04024177044630051
0.040264926850795746
0.040288202464580536
0.040311433374881744
0.040334705263376236
0.04035799950361252
0.04038126766681671
0.04040460288524628
0.040427904576063156
0.04045127332210541
0.040474649518728256
0.04049805924296379
0.04052145406603813
0.04054490104317665
0.04056836664676666
0.0405917651951313
0.040615297853946686
0.04063880816102028
0.04066232591867447
0.040685880929231644
0.040709469467401505
0.04073304682970047
0.040756706148386
0.04078027233481407
0.040803950279951096
0.04082760587334633
0.04085131362080574
0.040874987840652466
0.040898777544498444
0.04092252627015114
0.040946297347545624
0.04097007215023041
0.040993865579366684
0.041017696261405945
0.041041601449251175
0.04106546938419342
0.04108937084674835
0.04111328348517418
0.04113725572824478
0.041161246597766876
0.04118524491786957
0.041209228336811066
0.04123329743742943
0.041257359087467194
0.04128143936395645
0.0413055345416069
0.04132968187332153
0.04135386645793915
0.04137798771262169
0.0414021871984005
0.04142637550830841
0.04145069047808647
0.04147500544786453
0.04149927943944931
0.04152360558509827
0.04154792055487633
0.04157225787639618
0.04159661754965782
0.041621118783950806
0.04164553061127663
0.04167000576853752
0.041694458574056625
0.041719019412994385
0.041743531823158264
0.04176808521151543
0.041792698204517365
0.04181733354926109
0.04184195399284363
0.041866645216941833
0.041891299188137054
0.04191604256629944
0.04194078966975212
0.0419655442237854
0.04199033975601196
0.04201512411236763
0.04204000160098076
0.04206489026546478
0.042089805006980896
0.04211471602320671
0.042139627039432526
0.04216460511088371
0.04218960925936699
0.04221467673778534
0.042239733040332794
0.04226481914520264
0.04228989779949188
0.042315006256103516
0.042340200394392014
0.04236544668674469
0.042390648275613785
0.042415883392095566
0.04244115576148033
0.042466480284929276
0.042491815984249115
0.04251718893647194
0.04254252463579178
0.042567964643239975
0.04259338974952698
0.04261884093284607
0.04264436662197113
0.04266993701457977
0.04269547760486603
0.04272105544805527
0.0427466481924057
0.04277229309082031
0.04279805347323418
0.04282369464635849
0.04284945875406265
0.04287518188357353
0.04290096461772919
0.042926765978336334
0.042952608317136765
0.04297851398587227
0.043004442006349564
0.043030381202697754
0.04305628687143326
0.043082304298877716
0.043108366429805756
0.04313438758254051
0.04316046088933945
0.04318659380078316
0.04321273788809776
0.04323890432715416
0.04326506331562996
0.04329139366745949
0.04331766813993454
0.04334394633769989
0.04337023198604584
0.043396614491939545
0.043423064053058624
0.04344949126243591
0.04347587749361992
0.04350234940648079
0.04352891445159912
0.04355544596910477
0.0435820035636425
0.043608617037534714
0.04363527521491051
0.04366195574402809
0.043688639998435974
0.04371534660458565
0.043742138892412186
0.04376900941133499
0.04379577189683914
0.04382265731692314
0.04384949430823326
0.04387642443180084
0.04390339553356171
0.04393043741583824
0.04395744204521179
0.0439845509827137
0.04401156306266785
0.04403870552778244
0.04406585916876793
0.044093042612075806
0.04412027448415756
0.04414752498269081
0.04417479410767555
0.044202081859111786
0.044229403138160706
0.04425683617591858
0.044284261763095856
0.044311732053756714
0.04433915391564369
0.04436669871211052
0.04439426586031914
0.04442180320620537
0.044449497014284134
0.04447706788778305
0.044504791498184204
0.04453248158097267
0.044560208916664124
0.044588033109903336
0.04461587592959404
0.044643715023994446
0.04467158392071724
0.044699471443891525
0.04472748190164566
0.04475546255707741
0.044783443212509155
0.04481153190135956
0.04483959823846817
0.044867731630802155
0.044895876199007034
0.044924069195985794
0.044952306896448135
0.04498053342103958
0.045008860528469086
0.0450371690094471
0.045065559446811676
0.045093972235918045
0.04512236639857292
0.045150816440582275
0.04517931491136551
0.04520788416266441
0.04523644596338272
0.0452650785446167
0.045293740928173065
0.04532240703701973
0.045351095497608185
0.045379798859357834
0.04540861397981644
0.04543742537498474
0.045466307550668716
0.04549512639641762
0.045524075627326965
0.045552995055913925
0.04558198153972626
0.04561104625463486
0.045640118420124054
0.04566919803619385
0.04569832980632782
0.045727454125881195
0.04575672373175621
0.04578600451350212
0.04581519588828087
0.04584452509880066
0.04587382823228836
0.04590323939919472
0.04593265429139137
0.045962098985910416
0.045991603285074234
0.046021077781915665
0.046050623059272766
0.046080246567726135
0.04610990360379219
0.04613955691456795
0.046169258654117584
0.04619899392127991
0.04622875899076462
0.04625856876373291
0.046288371086120605
0.04631829261779785
0.046348199248313904
0.04637816548347473
0.046408142894506454
0.04643813148140907
0.046468235552310944
0.04649830982089043
0.04652845486998558
0.046558596193790436
0.04658878967165947
0.04661900922656059
0.0466492585837841
0.046679649502038956
0.04670998826622963
0.046740319579839706
0.04677072539925575
0.04680118337273598
0.046831708401441574
0.04686221852898598
0.04689275473356247
0.046923406422138214
0.04695401340723038
0.04698468744754791
0.04701537266373634
0.04704611748456955
0.04707692563533783
0.047107722610235214
0.04713854193687439
0.04716944694519043
0.047200389206409454
0.047231338918209076
0.0472622849047184
0.04729333519935608
0.04732438921928406
0.04735550284385681
0.04738660901784897
0.04741780459880829
0.04744900017976761
0.0474802665412426
0.04751153290271759
0.04754287376999855
0.04757419973611832
0.04760561138391495
0.04763702303171158
0.047668490558862686
0.047699976712465286
0.047731515020132065
0.04776309058070183
0.04779469966888428
0.04782630875706673
0.04785798117518425
0.047889720648527145
0.047921471297740936
0.04795325919985771
0.047985076904296875
0.04801693558692932
0.048048749566078186
0.048080749809741974
0.04811263084411621
0.0481446348130703
0.04817671328783035
0.04820879176259041
0.04824088141322136
0.04827304184436798
0.048305172473192215
0.04833744466304779
0.04836967960000038
0.048401955515146255
0.04843425005674362
0.04846660792827606
0.04849899560213089
0.04853139445185661
0.04856390878558159
0.04859643429517746
0.04862890765070915
0.048661451786756516
0.048694077879190445
0.048726726323366165
0.048759330064058304
0.04879205673933029
0.048824816942214966
0.048857592046260834
0.048890404403209686
0.048923246562480927
0.04895613342523575
0.048989035189151764
0.04902201145887375
0.04905496910214424
0.049087971448898315
0.049121033400297165
0.04915415495634079
0.04918723553419113
0.049220405519008636
0.049253612756729126
0.04928680881857872
0.049320071935653687
0.0493534579873085
0.049386750906705856
0.049420081079006195
0.04945346713066101
0.049486882984638214
0.04952041432261467
0.04955389350652695
0.04958749935030937
0.04962099716067314
0.04965459182858467
0.049688246101140976
0.04972194880247116
0.049755651503801346
0.04978939890861511
0.04982316866517067
0.049856942147016525
0.04989081993699074
0.04992468282580376
0.04995860159397125
0.049992531538009644
0.05002647265791893
0.050060514360666275
0.05009454861283302
0.050128646194934845
0.05016276612877846
0.050196871161460876
0.05023106560111046
0.05026526004076004
0.050299495458602905
0.05033380910754204
0.05036809667944908
0.0504024438560009
0.05043682083487511
0.050471194088459015
0.05050559714436531
0.05054011568427086
0.0505746454000473
0.05060914158821106
0.05064372345805168
0.0506783127784729
0.0507129468023777
0.050747618079185486
0.05078236758708954
0.05081707239151001
0.050851840525865555
0.05088657885789871
0.05092141777276993
0.050956301391124725
0.05099121481180191
0.0510261096060276
0.05106102675199509
0.051095981150865555
0.0511309877038002
0.0511661134660244
0.05120113492012024
0.05123623460531235
0.051271382719278336
0.05130653455853462
0.05134175717830658
0.051377009600400925
0.051412295550107956
0.0514475479722023
0.0514829084277153
0.051518213003873825
0.051553595811128616
0.051589109003543854
0.05162453278899193
0.0516599602997303
0.051695454865694046
0.05173100158572197
0.05176655203104019
0.05180218815803528
0.051837798207998276
0.05187342315912247
0.051909107714891434
0.051944799721241
0.051980532705783844
0.05201638489961624
0.05205215886235237
0.052087996155023575
0.05212382972240448
0.05215970054268837
0.05219561979174614
0.052231565117836
0.05226753279566765
0.052303560078144073
0.052339617162942886
0.05237565189599991
0.05241169035434723
0.05244787037372589
0.05248401686549187
0.052520159631967545
0.05255637690424919
0.05259255692362785
0.05262891948223114
0.05266515910625458
0.05270145833492279
0.052737802267074585
0.05277417227625847
0.05281053110957146
0.052846942096948624
0.05288340523838997
0.052919916808605194
0.05295639485120773
0.05299292132258415
0.05302945896983147
0.053066104650497437
0.053102705627679825
0.05313935503363609
0.05317600443959236
0.05321265384554863
0.05324937403202057
0.05328609421849251
0.053322888910770416
0.05335969850420952
0.05339649319648743
0.0534333698451519
0.05347020924091339
0.05350713059306145
0.05354404076933861
0.053580958396196365
0.0536179319024086
0.053654931485652924
0.05369190871715546
0.05372892692685127
0.05376606062054634
0.05380312353372574
0.05384025350213051
0.05387738347053528
0.053914543241262436
0.05395179241895676
0.053988952189683914
0.05402619019150734
0.05406346544623375
0.05410072207450867
0.054138004779815674
0.05417536199092865
0.05421271175146103
0.05425012484192848
0.05428747087717056
0.05432489886879921
0.054362304508686066
0.054399870336055756
0.05443735420703888
0.0544748455286026
0.054512325674295425
0.05454987287521362
0.054587472230196
0.05462506785988808
0.05466272309422493
0.05470037832856178
0.054738014936447144
0.054775696247816086
0.05481337383389473
0.05485111474990845
0.05488888546824455
0.05492663010954857
0.054964423179626465
0.05500222370028496
0.05504004284739494
0.055077895522117615
0.055115822702646255
0.05515371263027191
0.05519163981080055
0.0552295483648777
0.05526745691895485
0.05530550330877304
0.05534347519278526
0.05538149178028107
0.055419497191905975
0.055457498878240585
0.05549561232328415
0.05553368851542473
0.05557186156511307
0.055609941482543945
0.05564803630113602
0.055686257779598236
0.05572444945573807
0.055762678384780884
0.05580085143446922
0.05583913251757622
0.05587732046842575
0.05591558292508125
0.055953897535800934
0.05599219724535942
0.05603054165840149
0.05606887862086296
0.05610724166035652
0.0561455637216568
0.056183964014053345
0.05622244253754616
0.05626083165407181
0.05629926919937134
0.05633772909641266
0.05637621879577637
0.05641469359397888
0.056453168392181396
0.056491732597351074
0.056530244648456573
0.05656876787543297
0.05660732090473175
0.056645896285772324
0.056684546172618866
0.05672314018011093
0.05676176771521568
0.056800439953804016
0.05683908611536026
0.05687771737575531
0.05691640451550484
0.05695513263344765
0.05699382722377777
0.057032566517591476
0.05707128718495369
0.05710999667644501
0.057148851454257965
0.057187631726264954
0.057226359844207764
0.05726519972085953
0.0573040135204792
0.05734281986951828
0.05738165229558945
0.05742053687572479
0.057459428906440735
0.05749824643135071
0.05753719434142113
0.05757607892155647
0.057615041732788086
0.05765392258763313
0.05769290775060654
0.05773182958364487
0.05777077004313469
0.0578097403049469
0.05784871056675911
0.0578877292573452
0.0579267218708992
0.05796574801206589
0.05800482630729675
0.05804382637143135
0.05808288976550102
0.05812191963195801
0.05816098302602768
0.05820005387067795
0.05823914706707001
0.058278221637010574
0.05831732228398323
0.058356430381536484
0.05839558318257332
0.05843474343419075
0.0584738664329052
0.05851300060749054
0.05855219438672066
0.0585913360118866
0.05863051116466522
0.05866965651512146
0.05870885029435158
0.05874806270003319
0.05878721922636032
0.0588264986872673
0.0588657520711422
0.058904923498630524
0.058944154530763626
0.05898340791463852
0.0590226948261261
0.059061963111162186
0.05910119786858559
0.059140462428331375
0.05917968228459358
0.05921893194317818
0.059258218854665756
0.05929761752486229
0.05933688208460808
0.05937616899609566
0.05941545590758324
0.05945482477545738
0.05949411913752556
0.05953344702720642
0.05957277864217758
0.05961209163069725
0.059651367366313934
0.05969073623418808
0.05973010137677193
0.05976948142051697
0.05980881303548813
0.05984814092516899
0.05988747999072075
0.059926871210336685
0.0599663071334362
0.060005638748407364
0.06004500761628151
0.060084328055381775
0.0601237453520298
0.06016317009925842
0.0602024644613266
0.06024191156029701
0.060281284153461456
0.0603206604719162
0.06036004051566124
0.06039946526288986
0.060438890010118484
0.06047826632857323
0.060517679899930954
0.060557037591934204
0.060596488416194916
0.060635875910520554
0.060675252228975296
0.060714688152074814
0.060754112899303436
0.06079349294304848
0.060832928866147995
0.06087227910757065
0.06091173738241196
0.06095118075609207
0.06099049746990204
0.06102994084358215
0.0610693097114563
0.06110871583223343
0.06114809960126877
0.061187565326690674
0.06122695654630661
0.06126635521650314
0.061305731534957886
0.06134512275457382
0.061384595930576324
0.06142394244670868
0.061463359743356705
0.06150273606181145
0.06154213473200798
0.061581484973430634
0.061620838940143585
0.0616602897644043
0.061699628829956055
0.06173903867602348
0.06177836284041405
0.061817750334739685
0.0618572011590004
0.061896540224552155
0.06193588301539421
0.06197521090507507
0.062014564871788025
0.06205390393733978
0.062093302607536316
0.06213263049721718
0.062171950936317444
0.0622112974524498
0.06225062906742096
0.06228994205594063
0.062329262495040894
0.062368590384721756
0.062407881021499634
0.06244717538356781
0.06248645856976509
0.06252577900886536
0.06256508827209473
0.0626043826341629
0.06264367699623108
0.06268291175365448
0.06272214651107788
0.06276141852140427
0.06280071288347244
0.06283993273973465
0.06287916004657745
0.06291838735342026
0.06295761466026306
0.06299681216478348
0.06303602457046509
0.0630752444267273
0.06311442703008652
0.06315361708402634
0.06319282948970795
0.06323195993900299
0.0632711723446846
0.06331037729978561
0.06334949284791946
0.0633886381983757
0.06342773884534836
0.0634668618440628
0.06350602209568024
0.06354514509439468
0.06358421593904495
0.0636233240365982
0.06366239488124847
0.06370142102241516
0.0637405663728714
0.06377957761287689
0.06381865590810776
0.06385762989521027
0.06389668583869934
0.06393567472696304
0.06397472321987152
0.06401371210813522
0.06405270844697952
0.06409166753292084
0.06413063406944275
0.06416952610015869
0.06420856714248657
0.06424745917320251
0.06428638100624084
0.06432531774044037
0.06436420232057571
0.06440304964780807
0.0644419938325882
0.06448083370923996
0.06451968848705292
0.06455852091312408
0.06459732353687286
0.06463612616062164
0.06467495113611221
0.06471378356218338
0.06475258618593216
0.06479132920503616
0.06483009457588196
0.06486878544092178
0.06490759551525116
0.06494636088609695
0.06498502194881439
0.0650237426161766
0.06506231427192688
0.0651010051369667
0.06513974070549011
0.06517836451530457
0.06521697342395782
0.06525559723377228
0.06529419124126434
0.06533277034759521
0.06537137925624847
0.06540993601083755
0.06544843316078186
0.06548695266246796
0.06552550196647644
0.06556399166584015
0.06560255587100983
0.06564100086688995
0.06567946821451187
0.06571786850690842
0.06575630605220795
0.0657946988940239
0.065833181142807
0.06587154418230057
0.06590992212295532
0.0659482553601265
0.06598658114671707
0.06602492183446884
0.06606324762105942
0.06610152870416641
0.06613978743553162
0.06617806851863861
0.06621627509593964
0.06625451147556305
0.06629275530576706
0.06633095443248749
0.06636913120746613
0.06640724092721939
0.06644541770219803
0.0664835274219513
0.06652168184518814
0.066559799015522
0.06659786403179169
0.06663596630096436
0.06667399406433105
0.06671198457479477
0.06675006449222565
0.06678801029920578
0.06682601571083069
0.06686399132013321
0.06690191477537155
0.0669398307800293
0.06697774678468704
0.067015640437603
0.06705354154109955
0.06709138303995132
0.06712919473648071
0.06716704368591309
0.06720487028360367
0.06724264472723007
0.06728041172027588
0.06731812655925751
0.06735585629940033
0.06739357113838196
0.0674312636256218
0.06746895611286163
0.06750661134719849
0.06754425913095474
0.06758183985948563
0.06761948019266129
0.06765703856945038
0.06769461929798126
0.06773216277360916
0.06776967644691467
0.0678071454167366
0.06784460693597794
0.06788219511508942
0.06791963428258896
0.06795699894428253
0.06799441576004028
0.06803183257579803
0.06806924194097519
0.06810656934976578
0.06814390420913696
0.06818117201328278
0.06821843236684799
0.06825573742389679
0.06829294562339783
0.06833023577928543
0.06836745887994766
0.06840463727712631
0.06844179332256317
0.06847894191741943
0.06851611286401749
0.06855322420597076
0.06859031319618225
0.06862739473581314
0.06866440922021866
0.06870141625404358
0.06873844563961029
0.0687754899263382
0.06881244480609894
0.06884938478469849
0.06888627260923386
0.06892319023609161
0.06896008551120758
0.06899692863225937
0.06903381645679474
0.06907060742378235
0.06910739839076996
0.06914420425891876
0.0691809430718422
0.0692177414894104
0.06925446540117264
0.06929115206003189
0.06932782381772995
0.06936445832252502
0.06940107047557831
0.06943769752979279
0.06947433203458786
0.06951087713241577
0.06954742968082428
0.06958401948213577
0.06962046027183533
0.06965702027082443
0.06969346106052399
0.06972989439964294
0.06976637244224548
0.0698026791214943
0.06983911246061325
0.06987544894218445
0.06991180032491684
0.06994812935590744
0.06998441368341446
0.07002069056034088
0.07005693018436432
0.07009320706129074
0.0701293870806694
0.07016561180353165
0.07020177692174911
0.0702378898859024
0.0702739804983139
0.07031014561653137
0.07034620642662048
0.07038228213787079
0.07041830569505692
0.07045432925224304
0.070490263402462
0.07052630186080933
0.07056225091218948
0.07059815526008606
0.07063404470682144
0.07066994160413742
0.07070586085319519
0.07074172049760818
0.07077750563621521
0.07081328332424164
0.07084906101226807
0.07088479399681091
0.07092056423425674
0.07095634937286377
0.07099195569753647
0.07102762162685394
0.0710633397102356
0.07109891623258591
0.07113457471132278
0.07117012143135071
0.071205735206604
0.07124122977256775
0.07127676159143448
0.07131221890449524
0.07134771347045898
0.07138320803642273
0.0714186280965805
0.0714540183544159
0.07148940116167068
0.07152476906776428
0.07156019657850266
0.07159548252820969
0.0716307982802391
0.07166605442762375
0.07170131057500839
0.07173656672239304
0.07177180051803589
0.07180698961019516
0.07184218615293503
0.07187733054161072
0.07191247493028641
0.07194758206605911
0.07198268175125122
0.07201779633760452
0.07205278426408768
0.0720878317952156
0.07212284207344055
0.07215779274702072
0.07219281792640686
0.07222777605056763
0.07226268947124481
0.072297602891922
0.0723324716091156
0.0723673403263092
0.07240225374698639
0.07243704795837402
0.07247185707092285
0.0725066065788269
0.07254137843847275
0.0725761204957962
0.07261089235544205
0.07264559715986252
0.0726802721619606
0.0727149099111557
0.0727495402097702
0.07278415560722351
0.072818823158741
0.07285339385271072
0.07288796454668045
0.072922483086586
0.07295702397823334
0.0729915127158165
0.07302603870630264
0.07306048274040222
0.07309488207101822
0.07312935590744019
0.07316374033689499
0.07319812476634979
0.07323252409696579
0.07326686382293701
0.07330121099948883
0.07333551347255707
0.07336980849504471
0.07340404391288757
0.07343834638595581
0.07347261160612106
0.07350675761699677
0.07354097068309784
0.07357518374919891
0.07360928505659103
0.07364349812269211
0.07367760688066483
0.07371173799037933
0.07374579459428787
0.07377991080284119
0.07381391525268555
0.07384799420833588
0.07388203591108322
0.0739160105586052
0.07395000755786896
0.07398396730422974
0.07401791214942932
0.07405190914869308
0.07408574223518372
0.07411970943212509
0.07415353506803513
0.07418740540742874
0.07422126084566116
0.0742550939321518
0.07428894937038422
0.07432274520397186
0.07435651123523712
0.07439024746417999
0.07442402094602585
0.0744578018784523
0.07449150830507278
0.07452517747879028
0.07455892860889435
0.07459256798028946
0.07462618499994278
0.07465987652540207
0.07469349354505539
0.07472711056470871
0.07476066797971725
0.0747942328453064
0.07482784986495972
0.07486142963171005
0.07489494979381561
0.07492849230766296
0.07496200501918793
0.07499544322490692
0.0750289186835289
0.07506240159273148
0.07509586960077286
0.07512930035591125
0.07516277581453323
0.07519613206386566
0.07522956281900406
0.07526297122240067
0.0752963274717331
0.07532966881990433
0.07536302506923676
0.07539635896682739
0.07542961835861206
0.07546299695968628
0.07549628615379333
0.07552960515022278
0.07556287199258804
0.07559611648321152
0.07562936842441559
0.07566266506910324
0.07569587230682373
0.07572910934686661
0.07576227188110352
0.0757954865694046
0.0758286714553833
0.0758618712425232
0.07589501142501831
0.0759282037615776
0.07596129924058914
0.07599443197250366
0.07602757215499878
0.07606074213981628
0.07609383761882782
0.07612690329551697
0.07615998387336731
0.07619306445121765
0.0762261152267456
0.07625921070575714
0.07629230618476868
0.07632531970739365
0.07635839283466339
0.07639136165380478
0.07642439752817154
0.0764574259519577
0.07649046182632446
0.07652346044778824
0.07655639946460724
0.07658940553665161
0.0766223594546318
0.07665534317493439
0.07668834924697876
0.07672133296728134
0.07675426453351974
0.07678717374801636
0.07682010531425476
0.07685311138629913
0.07688605785369873
0.07691891491413116
0.07695183902978897
0.07698479294776917
0.07701769471168518
0.07705063372850418
0.07708355784416199
0.07711641490459442
0.07714929431676865
0.07718218863010406
0.07721506804227829
0.0772479996085167
0.07728086411952972
0.07731375098228455
0.07734666019678116
0.0773795023560524
0.07741238921880722
0.07744529098272324
0.07747817039489746
0.07751104235649109
0.07754392921924591
0.07757674902677536
0.07760961353778839
0.07764247804880142
0.07767540216445923
0.07770822197198868
0.0777411088347435
0.07777396589517593
0.07780680805444717
0.0778396874666214
0.07787257432937622
0.07790543138980865
0.07793832570314407
0.07797117531299591
0.07800406962633133
0.07803697884082794
0.07806983590126038
0.07810267060995102
0.07813555002212524
0.07816844433546066
0.07820135354995728
0.07823427021503448
0.0782671570777893
0.0783000960946083
0.07833296805620193
0.07836587727069855
0.07839875668287277
0.07843173295259476
0.07846467196941376
0.07849756628274918
0.07853048294782639
0.07856345176696777
0.07859640568494797
0.07862936705350876
0.07866233587265015
0.07869531214237213
0.07872822135686874
0.07876123487949371
0.0787942111492157
0.07882724702358246
0.07886026054620743
0.07889331877231598
0.07892630249261856
0.07895926386117935
0.07899238914251328
0.07902542501688004
0.07905843108892441
0.07909154891967773
0.0791245549917221
0.07915770262479782
0.07919076830148697
0.07922393828630447
0.0792570412158966
0.07929016649723053
0.07932335883378983
0.07935649156570435
0.07938969880342484
0.07942283898591995
0.07945604622364044
0.07948918640613556
0.07952243834733963
0.0795556828379631
0.07958893477916718
0.07962223142385483
0.07965554296970367
0.07968876510858536
0.079722099006176
0.07975544035434723
0.07978878915309906
0.07982213795185089
0.07985550165176392
0.07988889515399933
0.07992226630449295
0.07995571941137314
0.07998913526535034
0.0800226479768753
0.0800560861825943
0.08008959144353867
0.08012311160564423
0.08015661686658859
0.08019015938043594
0.08022374659776688
0.08025732636451721
0.08029094338417053
0.08032454550266266
0.08035820722579956
0.08039189875125885
0.08042564988136292
0.08045928925275803
0.08049304038286209
0.08052679151296616
0.0805605873465538
0.08059441298246384
0.08062823116779327
0.08066201955080032
0.08069594204425812
0.08072979003190994
0.08076372742652893
0.08079767972230911
0.08083168417215347
0.08086564391851425
0.08089970797300339
0.08093370497226715
0.08096782863140106
0.081001877784729
0.0810360535979271
0.0810701921582222
0.08110437542200089
0.08113858103752136
0.08117281645536423
0.0812070369720459
0.08124137669801712
0.08127571642398834
0.08131003379821777
0.08134442567825317
0.08137883245944977
0.08141332119703293
0.0814477950334549
0.08148227632045746
0.08151683956384659
0.08155136555433273
0.08158598840236664
0.08162059634923935
0.08165532350540161
0.08169002085924149
0.08172471076250076
0.08175946027040482
0.08179429918527603
0.08182914555072784
0.08186402171850204
0.08189890533685684
0.08193384110927582
0.08196882158517838
0.08200383931398392
0.08203884959220886
0.08207400888204575
0.08210913836956024
0.08214426040649414
0.08217943459749222
0.08221466839313507
0.0822499692440033
0.08228528499603271
0.08232066035270691
0.0823560431599617
0.08239143341779709
0.08242689818143845
0.08246240019798279
0.08249800652265549
0.08253360539674759
0.0825691893696785
0.08260491490364075
0.082640640437603
0.08267636597156525
0.08271220326423645
0.08274803310632706
0.08278393745422363
0.0828198790550232
0.08285587280988693
0.08289194107055664
0.08292799443006516
0.08296412974596024
0.08300026506185532
0.08303651213645935
0.08307278901338577
0.0831090584397316
0.08314544707536697
0.08318188786506653
0.0832182914018631
0.08325473219156265
0.08329135179519653
0.08332797884941101
0.0833645761013031
0.08340128511190414
0.08343802392482758
0.08347484469413757
0.08351167291402817
0.08354859799146652
0.08358553051948547
0.08362258225679398
0.08365962654352188
0.08369670808315277
0.08373390138149261
0.08377116918563843
0.08380845934152603
0.08384571224451065
0.083883136510849
0.08392053842544556
0.08395804464817047
0.08399563282728195
0.08403325825929642
0.08407093584537506
0.08410859853029251
0.0841463953256607
0.08418425917625427
0.08422216773033142
0.08426013588905334
0.08429814130067825
0.08433616906404495
0.0843743309378624
0.08441251516342163
0.0844508484005928
0.08448915928602219
0.08452750742435455
0.08456595242023468
0.08460445702075958
0.08464305102825165
0.0846816673874855
0.08472035080194473
0.08475910872220993
0.08479797095060349
0.08483681082725525
0.08487575501203537
0.08491481840610504
0.08495388925075531
0.08499304950237274
0.08503224700689316
0.08507151156663895
0.0851108506321907
0.08515031635761261
0.08518984168767929
0.08522938191890717
0.08526906371116638
0.08530865609645844
0.08534841239452362
0.08538831770420074
0.08542823791503906
0.08546816557645798
0.08550822734832764
0.08554834872484207
0.08558850735425949
0.08562880009412766
0.08566915988922119
0.08570956438779831
0.085750050842762
0.08579060435295105
0.08583119511604309
0.08587201684713364
0.08591277152299881
0.08595356345176697
0.08599454164505005
0.08603553473949432
0.08607658743858337
0.08611780405044556
0.08615906536579132
0.08620034158229828
0.08624174445867538
0.08628325164318085
0.0863247960805893
0.08636648207902908
0.08640816807746887
0.08644998073577881
0.08649183064699173
0.0865337923169136
0.08657582104206085
0.08661797642707825
0.08666015416383743
0.08670247346162796
0.08674482256174088
0.08678728342056274
0.08682981878519058
0.08687245100736618
0.08691513538360596
0.08695794641971588
0.08700080960988998
0.08704375475645065
0.08708684891462326
0.08713000267744064
0.087173230946064
0.08721652626991272
0.087259940803051
0.08730341494083405
0.08734695613384247
0.08739068359136581
0.08743446320295334
0.08747827261686325
0.08752217143774033
0.08756620436906815
0.08761032670736313
0.08765459060668945
0.08769889175891876
0.08774325996637344
0.08778773993253708
0.08783227205276489
0.08787693083286285
0.08792179077863693
0.08796663582324982
0.08801159262657166
0.08805659413337708
0.08810174465179443
0.08814694732427597
0.08819238096475601
0.08823775500059128
0.08828331530094147
0.08832889050245285
0.08837459981441498
0.08842041343450546
0.08846640586853027
0.08851240575313568
0.08855850994586945
0.08860468119382858
0.08865097910165787
0.08869737386703491
0.08874396234750748
0.08879059553146362
0.08883722871541977
0.08888405561447144
0.08893098682165146
0.08897794783115387
0.08902514725923538
0.08907239139080048
0.08911972492933273
0.08916712552309036
0.08921468257904053
0.08926232159137726
0.08931005746126175
0.08935795724391937
0.08940587937831879
0.08945394307374954
0.08950215578079224
0.08955031633377075
0.08959878236055374
0.08964727073907852
0.08969583362340927
0.08974457532167435
0.0897933691740036
0.08984223753213882
0.08989134430885315
0.08994050323963165
0.08998976647853851
0.09003904461860657
0.09008851647377014
0.09013809263706207
0.09018784016370773
0.09023766219615936
0.09028749167919159
0.09033756703138351
0.09038767963647842
0.09043792635202408
0.09048832952976227
0.09053877741098404
0.09058935940265656
0.09064006805419922
0.09069084376096725
0.09074180573225021
0.09079289436340332
0.09084408730268478
0.09089528024196625
0.09094668924808502
0.09099817276000977
0.09104979038238525
0.09110160171985626
0.09115348756313324
0.0912054181098938
0.0912574976682663
0.09130967408418655
0.09136198461055756
0.09141457080841064
0.09146708250045776
0.09151972085237503
0.09157254546880722
0.09162542968988419
0.09167850762605667
0.0917317196726799
0.09178496897220612
0.09183839708566666
0.09189187735319138
0.09194555878639221
0.09199930727481842
0.09205321967601776
0.09210725873708725
0.0921613872051239
0.0922156274318695
0.09226997941732407
0.09232451766729355
0.09237915277481079
0.09243393689393997
0.09248874336481094
0.09254374355077744
0.09259890019893646
0.09265415370464325
0.09270954877138138
0.09276501834392548
0.09282062947750092
0.0928763672709465
0.09293220937252045
0.09298823028802872
0.09304441511631012
0.09310068190097809
0.09315706789493561
0.09321355074644089
0.09327017515897751
0.09332691878080368
0.09338385611772537
0.09344087541103363
0.09349799156188965
0.09355524927377701
0.0936126857995987
0.09367027133703232
0.09372790157794952
0.09378568828105927
0.09384358674287796
0.0939016044139862
0.09395978599786758
0.09401804208755493
0.09407658874988556
0.09413514286279678
0.09419383853673935
0.09425262361764908
0.09431158006191254
0.0943707600235939
0.09442996978759766
0.09448929131031036
0.0945487692952156
0.0946083590388298
0.09466810524463654
0.09472796320915222
0.0947880893945694
0.09484817832708359
0.09490840137004852
0.09496881812810898
0.09502936899662018
0.09509006887674332
0.09515092521905899
0.09521181881427765
0.09527289122343063
0.09533408284187317
0.09539534896612167
0.09545684605836868
0.09551851451396942
0.09558023512363434
0.0956420972943306
0.0957040935754776
0.09576620161533356
0.0958285704255104
0.09589093178510666
0.09595348685979843
0.09601615369319916
0.09607892483472824
0.09614189714193344
0.09620491415262222
0.0962681993842125
0.09633149951696396
0.09639499336481094
0.09645853191614151
0.09652232378721237
0.09658627212047577
0.09665028750896454
0.09671440720558167
0.09677864611148834
0.09684303402900696
0.0969076156616211
0.09697228670120239
0.09703724086284637
0.09710214287042618
0.09716719388961792
0.09723243117332458
0.0972977802157402
0.09736335277557373
0.09742895513772964
0.09749472886323929
0.09756061434745789
0.09762661904096603
0.09769274294376373
0.09775914996862411
0.09782561659812927
0.0978921502828598
0.09795878827571869
0.09802567958831787
0.09809260070323944
0.09815976023674011
0.09822697937488556
0.09829436987638474
0.09836181253194809
0.09842951595783234
0.09849724173545837
0.09856529533863068
0.09863323718309402
0.0987013727426529
0.09876971691846848
0.09883812814950943
0.09890666604042053
0.09897547960281372
0.0990443304181099
0.09911325573921204
0.0991823598742485
0.09925153851509094
0.09932096302509308
0.09939056634902954
0.099460169672966
0.09952988475561142
0.09959972649812698
0.09966973960399628
0.0997399240732193
0.09981025010347366
0.09988068044185638
0.09995124489068985
0.10002189129590988
0.10009264200925827
0.10016358643770218
0.10023471713066101
0.10030592978000641
0.10037721693515778
0.10044869035482407
0.10052022337913513
0.10059195756912231
0.10066387057304382
0.10073579102754593
0.10080786049365997
0.10088012367486954
0.10095243155956268
0.10102486610412598
0.10109758377075195
0.10117031633853912
0.10124309360980988
0.10131606459617615
0.10138915479183197
0.10146236419677734
0.10153581947088242
0.1016092374920845
0.10168285667896271
0.10175660997629166
0.1018303781747818
0.10190432518720627
0.10197852551937103
0.10205268859863281
0.10212703794240952
0.10220148414373398
0.10227601230144501
0.10235065966844559
0.10242561250925064
0.1025005429983139
0.10257557779550552
0.1026507169008255
0.10272597521543503
0.10280138999223709
0.10287699848413467
0.10295261442661285
0.1030283123254776
0.10310418903827667
0.10318015515804291
0.10325627774000168
0.10333260148763657
0.10340885072946548
0.10348529368638992
0.10356186330318451
0.10363847762346268
0.10371528565883636
0.1037922203540802
0.10386925935745239
0.10394634306430817
0.10402354598045349
0.10410083085298538
0.104178287088871
0.10425586253404617
0.1043335497379303
0.10441134870052338
0.10448914766311646
0.10456711053848267
0.10464517027139664
0.10472343116998672
0.10480167716741562
0.10488007962703705
0.10495854914188385
0.1050371453166008
0.10511582344770432
0.10519473254680634
0.10527358949184418
0.10535260289907455
0.10543160885572433
0.10551079362630844
0.1055900827050209
0.10566956549882889
0.10574900358915329
0.10582850873470306
0.10590823739767075
0.10598792135715485
0.10606776177883148
0.10614780336618423
0.10622784495353699
0.10630793869495392
0.1063881516456604
0.10646841675043106
0.10654878616333008
0.106629379093647
0.10670994967222214
0.10679052770137787
0.10687121748924255
0.10695202648639679
0.10703293234109879
0.1071140319108963
0.10719510912895203
0.10727620124816895
0.10735738277435303
0.10743867605924606
0.10752002149820328
0.1076016053557396
0.10768306255340576
0.10776472836732864
0.10784636437892914
0.1079280897974968
0.10800988227128983
0.10809186100959778
0.10817387700080872
0.10825584083795547
0.10833793878555298
0.10842010378837585
0.10850226879119873
0.10858471691608429
0.10866707563400269
0.10874946415424347
0.1088319718837738
0.10891449451446533
0.10899706184864044
0.10907982289791107
0.1091625839471817
0.10924538224935532
0.10932817310094833
0.10941103845834732
0.1094939336180687
0.10957706719636917
0.10966009646654129
0.10974317044019699
0.10982628166675568
0.10990945249795914
0.10999267548322678
0.1100761666893959
0.11015943437814713
0.11024277657270432
0.11032620072364807
0.11040963232517242
0.11049313843250275
0.11057677119970322
0.1106603592634201
0.1107439398765564
0.11082754284143448
0.11091118305921555
0.11099493503570557
0.11107876896858215
0.11116252839565277
0.11124634742736816
0.11133009195327759
0.11141393333673477
0.11149780452251434
0.11158180236816406
0.11166569590568542
0.11174967885017395
0.1118335947394371
0.11191754788160324
0.11200155317783356
0.11208567023277283
0.11216972768306732
0.11225370317697525
0.11233773827552795
0.11242174357175827
0.11250580102205276
0.112589992582798
0.11267406493425369
0.1127580851316452
0.11284226179122925
0.11292628943920135
0.11301033198833466
0.1130945011973381
0.11317857354879379
0.1132626160979271
0.11334666609764099
0.11343072354793549
0.1135147362947464
0.11359892785549164
0.11368295550346375
0.11376693844795227
0.11385084688663483
0.11393486708402634
0.1140187680721283
0.1141028106212616
0.11418666690587997
0.11427058279514313
0.11435450613498688
0.11443828046321869
0.11452207714319229
0.11460594087839127
0.11468967795372009
0.11477338522672653
0.1148570254445076
0.11494066566228867
0.11502426862716675
0.11510797590017319
0.11519137769937515
0.1152748391032219
0.11535828560590744
0.11544162034988403
0.11552494019269943
0.11560839414596558
0.11569157242774963
0.11577465385198593
0.1158578097820282
0.11594085395336151
0.11602381616830826
0.11610688269138336
0.11618971824645996
0.11627256870269775
0.11635522544384003
0.1164378970861435
0.11652043461799622
0.11660309880971909
0.11668553948402405
0.11676796525716782
0.11685018241405487
0.11693242192268372
0.11701453477144241
0.11709669977426529
0.11717862635850906
0.11726052314043045
0.1173422783613205
0.11742392182350159
0.11750554293394089
0.11758715659379959
0.1176685243844986
0.11774985492229462
0.1178310289978981
0.11791212856769562
0.11799310892820358
0.11807411909103394
0.11815490573644638
0.1182354986667633
0.11831609159708023
0.11839655786752701
0.11847682297229767
0.1185571476817131
0.11863715201616287
0.11871709674596786
0.11879689246416092
0.11887656897306442
0.11895622313022614
0.11903572082519531
0.11911500990390778
0.11919417977333069
0.11927317082881927
0.11935199052095413
0.11943086981773376
0.11950942873954773
0.11958789080381393
0.1196662187576294
0.11974437534809113
0.11982229351997375
0.1199001669883728
0.11997788399457932
0.12005536258220673
0.12013276666402817
0.12020985782146454
0.12028689682483673
0.12036389857530594
0.12044057250022888
0.1205170601606369
0.1205933541059494
0.12066952884197235
0.1207454651594162
0.12082122266292572
0.12089698016643524
0.12097237259149551
0.12104752659797668
0.12112259864807129
0.12119738012552261
0.12127220630645752
0.12134658545255661
0.12142080813646317
0.121494822204113
0.12156860530376434
0.12164217233657837
0.1217157244682312
0.12178897857666016
0.12186196446418762
0.12193465977907181
0.12200719118118286
0.1220795288681984
0.12215173989534378
0.12222358584403992
0.12229517102241516
0.12236659228801727
0.1224377304315567
0.1225086897611618
0.122579425573349
0.12264984846115112
0.12272007763385773
0.12279003858566284
0.12285968661308289
0.122929148375988
0.1229984313249588
0.12306736409664154
0.1231360137462616
0.12320443987846375
0.12327258288860321
0.12334048748016357
0.12340819835662842
0.12347553670406342
0.12354259192943573
0.12360937893390656
0.1236758679151535
0.12374209612607956
0.12380814552307129
0.123873770236969
0.1239391341805458
0.12400424480438232
0.12406899780035019
0.12413351237773895
0.12419777363538742
0.12426164746284485
0.1243252083659172
0.12438856810331345
0.1244514137506485
0.12451408803462982
0.12457647919654846
0.12463857978582382
0.12470018863677979
0.12476160377264023
0.12482266128063202
0.12488336861133575
0.124943807721138
0.1250038594007492
0.12506362795829773
0.12512297928333282
0.12518201768398285
0.12524071335792542
0.1252991110086441
0.12535712122917175
0.12541480362415314
0.12547211349010468
0.12552902102470398
0.1255856156349182
0.12564188241958618
0.1256977915763855
0.1257532238960266
0.12580834329128265
0.12586307525634766
0.1259174793958664
0.12597154080867767
0.12602515518665314
0.12607839703559875
0.12613123655319214
0.12618370354175568
0.12623576819896698
0.12628750503063202
0.12633875012397766
0.12638966739177704
0.1264401376247406
0.12649022042751312
0.1265399008989334
0.12658925354480743
0.12663809955120087
0.12668655812740326
0.12673451006412506
0.1267821192741394
0.1268293261528015
0.1268761307001114
0.12692245841026306
0.12696833908557892
0.12701383233070374
0.12705883383750916
0.12710343301296234
0.1271476298570633
0.12719137966632843
0.12723462283611298
0.1272774338722229
0.12731976807117462
0.1273617446422577
0.12740322947502136
0.12744420766830444
0.1274847686290741
0.12752479314804077
0.1275644600391388
0.12760356068611145
0.12764228880405426
0.1276804506778717
0.12771821022033691
0.12775543332099915
0.1277921497821808
0.12782849371433258
0.1278642863035202
0.12789958715438843
0.12793439626693726
0.1279686987400055
0.12800247967243195
0.12803581357002258
0.1280687004327774
0.1281009316444397
0.12813273072242737
0.12816406786441803
0.12819480895996094
0.12822504341602325
0.12825486063957214
0.12828406691551208
0.12831279635429382
0.1283409595489502
0.12836860120296478
0.1283956915140152
0.1284223198890686
0.12844841182231903
0.1284739077091217
0.1284988969564438
0.1285233199596405
0.12854716181755066
0.1285705864429474
0.1285933256149292
0.1286155879497528
0.12863728404045105
0.12865839898586273
0.12867896258831024
0.12869900465011597
0.12871845066547394
0.12873727083206177
0.1287555992603302
0.1287732869386673
0.12879052758216858
0.12880712747573853
0.12882311642169952
0.12883853912353516
0.12885336577892303
0.12886761128902435
0.1288812756538391
0.12889441847801208
0.12890692055225372
0.12891879677772522
0.12893007695674896
0.12894074618816376
0.12895086407661438
0.12896035611629486
0.128969207406044
0.12897749245166779
0.12898516654968262
0.1289922595024109
0.12899871170520782
0.12900447845458984
0.12900970876216888
0.1290142685174942
0.12901826202869415
0.1290215700864792
0.12902432680130005
0.12902630865573883
0.12902772426605225
0.1290285438299179
0.12902873754501343
0.1290282905101776
0.12902715802192688
0.12902536988258362
0.1290229856967926
0.12901991605758667
0.1290162354707718
0.12901194393634796
0.12900687754154205
0.12900123000144958
0.1289949268102646
0.12898795306682587
0.1289803683757782
0.12897203862667084
0.12896311283111572
0.1289534866809845
0.12894314527511597
0.1289321780204773
0.1289205700159073
0.12890827655792236
0.12889526784420013
0.128881573677063
0.12886719405651093
0.12885215878486633
0.1288364678621292
0.12882009148597717
0.12880301475524902
0.12878519296646118
0.1287667602300644
0.1287475824356079
0.1287277787923813
0.12870720028877258
0.12868596613407135
0.1286640167236328
0.12864135205745697
0.12861797213554382
0.12859396636486053
0.12856921553611755
0.12854374945163727
0.12851759791374207
0.1284905970096588
0.12846305966377258
0.12843474745750427
0.12840571999549866
0.12837597727775574
0.1283455193042755
0.1283143311738968
0.12828244268894196
0.12824982404708862
0.12821650505065918
0.12818245589733124
0.12814761698246002
0.12811212241649628
0.12807577848434448
0.12803882360458374
0.1280011683702469
0.12796272337436676
0.12792342901229858
0.12788358330726624
0.12784290313720703
0.1278015375137329
0.1277594268321991
0.1277165710926056
0.12767294049263
0.12762852013111115
0.12758344411849976
0.12753763794898987
0.12749101221561432
0.12744367122650146
0.12739548087120056
0.12734664976596832
0.12729711830615997
0.12724675238132477
0.12719564139842987
0.12714383006095886
0.127091184258461
0.1270378828048706
0.12698368728160858
0.12692886590957642
0.12687325477600098
0.12681680917739868
0.1267596185207367
0.12670175731182098
0.12664306163787842
0.12658365070819855
0.12652355432510376
0.12646253407001495
0.12640069425106049
0.12633827328681946
0.12627504765987396
0.126211017370224
0.12614628672599792
0.1260806769132614
0.12601426243782043
0.12594722211360931
0.1258794218301773
0.12581077218055725
0.1257413625717163
0.12567122280597687
0.1256001591682434
0.1255285143852234
0.1254560649394989
0.12538275122642517
0.12530872225761414
0.1252339482307434
0.12515829503536224
0.125081866979599
0.1250048279762268
0.12492696195840836
0.12484832853078842
0.12476885318756104
0.12468855828046799
0.12460752576589584
0.12452573329210281
0.12444328516721725
0.12435995787382126
0.1242758110165596
0.12419085949659348
0.12410523742437363
0.12401881814002991
0.12393160164356232
0.12384361028671265
0.12375485897064209
0.12366525083780289
0.12357504665851593
0.12348385900259018
0.12339207530021667
0.12329938262701035
0.1232060045003891
0.12311176210641861
0.12301672995090485
0.12292102724313736
0.122824527323246
0.12272725254297256
0.12262921780347824
0.12253027409315109
0.12243062257766724
0.12233021855354309
