0.13753259181976318
0.13752800226211548
0.13752344250679016
0.13751889765262604
0.1375143826007843
0.13750989735126495
0.137505441904068
0.13750095665454865
0.13749654591083527
0.1374920904636383
0.13748763501644135
0.13748329877853394
0.1374790072441101
0.1374746412038803
0.1374703049659729
0.1374659538269043
0.13746167719364166
0.13745735585689545
0.1374531388282776
0.13744893670082092
0.13744467496871948
0.1374405473470688
0.13743636012077332
0.13743215799331665
0.13742803037166595
0.13742391765117645
0.13741981983184814
0.13741575181484222
0.1374116837978363
0.13740766048431396
0.13740362226963043
0.13739964365959167
0.13739566504955292
0.13739170134067535
0.13738776743412018
0.1373838186264038
0.13737992942333221
0.1373760849237442
0.1373721808195114
0.1373683214187622
0.1373644471168518
0.13736064732074738
0.1373569369316101
0.13735315203666687
0.13734939694404602
0.13734562695026398
0.1373419314622879
0.13733826577663422
0.13733458518981934
0.13733090460300446
0.13732728362083435
0.13732363283634186
0.13732010126113892
0.1373165100812912
0.13731291890144348
0.13730944693088531
0.13730593025684357
0.1373024433851242
0.13729895651340485
0.1372954398393631
0.1372920423746109
0.1372886300086975
0.13728518784046173
0.13728183507919312
0.1372784823179245
0.1372750997543335
0.13727180659770966
0.137268528342247
0.1372651904821396
0.13726192712783813
0.13725867867469788
0.13725543022155762
0.13725219666957855
0.13724902272224426
0.13724586367607117
0.13724271953105927
0.13723962008953094
0.13723647594451904
0.13723337650299072
0.13723032176494598
0.13722725212574005
0.13722413778305054
0.13722118735313416
0.137218177318573
0.13721519708633423
0.13721223175525665
0.1372092366218567
0.1372063308954239
0.13720344007015228
0.13720053434371948
0.13719762861728668
0.13719479739665985
0.1371919959783554
0.13718914985656738
0.13718633353710175
0.1371835619211197
0.13718079030513763
0.13717804849147797
0.1371753215789795
0.1371726095676422
0.13716989755630493
0.13716724514961243
0.13716460764408112
0.1371619701385498
0.1371593177318573
0.13715671002864838
0.13715413212776184
0.1371515393257141
0.13714900612831116
0.1371464878320694
0.13714398443698883
0.13714148104190826
0.13713902235031128
0.1371365338563919
0.1371341347694397
0.1371316760778427
0.1371292769908905
0.1371268779039383
0.13712447881698608
0.13712216913700104
0.1371198296546936
0.13711749017238617
0.13711518049240112
0.13711293041706085
0.1371106505393982
0.13710838556289673
0.13710615038871765
0.13710391521453857
0.1371016651391983
0.13709954917430878
0.13709741830825806
0.13709519803524017
0.13709309697151184
0.1370910108089447
0.13708887994289398
0.13708680868148804
0.1370847374200821
0.13708269596099854
0.13708065450191498
0.13707859814167023
0.13707664608955383
0.13707464933395386
0.13707266747951508
0.13707073032855988
0.13706879317760468
0.13706691563129425
0.13706497848033905
0.13706310093402863
0.1370612382888794
0.13705939054489136
0.13705752789974213
0.13705573976039886
0.1370539516210556
0.13705214858055115
0.13705037534236908
0.137048602104187
0.1370469033718109
0.13704520463943481
0.13704346120357513
0.13704177737236023
0.13704006373882294
0.137038454413414
0.1370367854833603
0.13703514635562897
0.13703353703022003
0.13703188300132751
0.13703037798404694
0.137028768658638
0.13702720403671265
0.13702571392059326
0.1370241940021515
0.13702267408370972
0.13702121376991272
0.13701969385147095
0.13701829314231873
0.13701678812503815
0.13701535761356354
0.1370140016078949
0.13701258599758148
0.13701120018959045
0.13700982928276062
0.1370084583759308
0.13700708746910095
0.13700582087039948
0.13700449466705322
0.13700319826602936
0.13700194656848907
0.1370006650686264
0.13699939846992493
0.13699817657470703
0.13699695467948914
0.13699574768543243
0.13699455559253693
0.13699334859848022
0.13699223101139069
0.13699103891849518
0.13698995113372803
0.1369888335466385
0.13698768615722656
0.1369865983724594
0.13698551058769226
0.13698449730873108
0.1369834989309311
0.13698242604732513
0.13698138296604156
0.13698036968708038
0.1369793713092804
0.1369783878326416
0.13697747886180878
0.13697656989097595
0.13697555661201477
0.13697464764118195
0.1369737833738327
0.13697285950183868
0.13697193562984467
0.13697108626365662
0.13697023689746857
0.13696935772895813
0.13696858286857605
0.1369677484035492
0.1369669884443283
0.13696619868278503
0.13696539402008057
0.13696463406085968
0.13696390390396118
0.13696320354938507
0.13696244359016418
0.13696178793907166
0.13696105778217316
0.13696037232875824
0.1369597464799881
0.13695909082889557
0.13695840537548065
0.1369578093290329
0.13695721328258514
0.136956587433815
0.13695602118968964
0.13695544004440308
0.13695484399795532
0.13695430755615234
0.13695375621318817
0.13695329427719116
0.136952742934227
0.1369522511959076
0.1369517594575882
0.13695128262043
0.13695086538791656
0.13695037364959717
0.13694994151592255
0.13694950938224792
0.1369490921497345
0.13694873452186584
0.1369483321905136
0.13694795966148376
0.1369476020336151
0.13694728910923004
0.1369469165802002
0.13694658875465393
0.13694629073143005
0.13694599270820618
0.1369456648826599
0.13694538176059723
0.13694515824317932
0.13694489002227783
0.13694466650485992
0.13694442808628082
0.13694420456886292
0.1369440108537674
0.13694384694099426
0.13694363832473755
0.13694345951080322
0.1369432657957077
0.13694320619106293
0.1369430422782898
0.13694292306900024
0.1369427889585495
0.13694272935390472
0.13694262504577637
0.1369425654411316
0.13694243133068085
0.13694244623184204
0.13694241642951965
0.1369423270225525
0.1369423270225525
0.1369422972202301
0.13694238662719727
0.13694234192371368
0.13694237172603607
0.13694243133068085
0.13694249093532562
0.1369425505399704
0.13694259524345398
0.13694271445274353
0.1369427740573883
0.13694293797016144
0.136943057179451
0.13694307208061218
0.13694323599338531
0.13694341480731964
0.1369435340166092
0.1369437277317047
0.13694387674331665
0.13694410026073456
0.1369442492723465
0.13694451749324799
0.1369447559118271
0.1369449496269226
0.1369452029466629
0.1369454711675644
0.13694578409194946
0.13694602251052856
0.13694627583026886
0.13694657385349274
0.1369468718767166
0.13694725930690765
0.13694754242897034
0.1369478702545166
0.13694824278354645
0.1369486153125763
0.13694891333580017
0.136949360370636
0.13694968819618225
0.13695010542869568
0.1369505226612091
0.13695093989372253
0.13695138692855835
0.13695180416107178
0.1369522511959076
0.1369527131319046
0.1369531899690628
0.13695363700389862
0.13695411384105682
0.1369546502828598
0.1369551569223404
0.13695566356182098
0.13695618510246277
0.13695670664310455
0.13695727288722992
0.13695785403251648
0.13695840537548065
0.13695894181728363
0.13695953786373138
0.13696013391017914
0.13696075975894928
0.13696135580539703
0.1369619369506836
0.13696260750293732
0.13696324825286865
0.1369638890028
0.13696454465389252
0.13696523010730743
0.13696585595607758
0.13696658611297607
0.1369672417640686
0.13696794211864471
0.1369686871767044
0.1369694024324417
0.13697010278701782
0.13697083294391632
0.1369716227054596
0.1369723528623581
0.13697312772274017
0.13697384297847748
0.13697467744350433
0.13697549700737
0.13697625696659088
0.13697706162929535
0.1369779258966446
0.13697868585586548
0.1369796097278595
0.1369803547859192
0.13698121905326843
0.13698206841945648
0.1369829773902893
0.13698379695415497
0.13698475062847137
0.1369856745004654
0.13698655366897583
0.13698744773864746
0.13698837161064148
0.1369892805814743
0.13699020445346832
0.13699118793010712
0.13699212670326233
0.13699303567409515
0.13699404895305634
0.13699501752853394
0.13699598610401154
0.13699696958065033
0.1369979828596115
0.1369989812374115
0.1369999796152115
0.13700102269649506
0.13700203597545624
0.1370030790567398
0.13700410723686218
0.13700519502162933
0.1370062381029129
0.13700731098651886
0.13700838387012482
0.13700948655605316
0.13701052963733673
0.13701164722442627
0.13701274991035461
0.13701388239860535
0.1370149552822113
0.13701610267162323
0.13701727986335754
0.1370183378458023
0.1370195597410202
0.13702067732810974
0.13702185451984406
0.13702304661273956
0.1370241940021515
0.137025386095047
0.1370265632867813
0.13702775537967682
0.1370290070772171
0.1370302140712738
0.1370314508676529
0.1370326429605484
0.1370338797569275
0.13703511655330658
0.13703638315200806
0.13703763484954834
0.13703890144824982
0.1370401382446289
0.1370413899421692
0.13704270124435425
0.13704398274421692
0.13704527914524078
0.13704659044742584
0.1370478868484497
0.13704922795295715
0.13705052435398102
0.13705183565616608
0.13705319166183472
0.13705450296401978
0.13705585896968842
0.13705720007419586
0.1370585560798645
0.13705994188785553
0.13706129789352417
0.13706263899803162
0.1370640993118286
0.13706541061401367
0.1370668113231659
0.1370682567358017
0.13706964254379272
0.13707104325294495
0.13707245886325836
0.13707393407821655
0.13707533478736877
0.13707678020000458
0.1370782107114792
0.1370796114206314
0.1370810717344284
0.13708257675170898
0.13708406686782837
0.13708549737930298
0.13708695769309998
0.13708846271038055
0.13708992302417755
0.13709141314029694
0.1370929330587387
0.1370944231748581
0.13709597289562225
0.13709747791290283
0.1370989829301834
0.13710050284862518
0.13710203766822815
0.13710352778434753
0.1371050924062729
0.13710664212703705
0.13710825145244598
0.13710977137088776
0.13711130619049072
0.13711291551589966
0.13711446523666382
0.13711602985858917
0.13711762428283691
0.13711920380592346
0.1371208280324936
0.13712242245674133
0.1371239572763443
0.13712555170059204
0.13712717592716217
0.1371288150548935
0.137130469083786
0.13713207840919495
0.13713371753692627
0.137135311961174
0.13713699579238892
0.13713862001895905
0.13714028894901276
0.1371418982744217
0.13714353740215302
0.1371452510356903
0.13714684545993805
0.13714852929115295
0.13715022802352905
0.13715189695358276
0.13715358078479767
0.13715529441833496
0.13715697824954987
0.13715866208076477
0.13716040551662445
0.13716204464435577
0.13716378808021545
0.13716545701026917
0.13716721534729004
0.13716891407966614
0.13717062771320343
0.13717235624790192
0.1371741145849228
0.13717582821846008
0.13717754185199738
0.13717934489250183
0.1371810883283615
0.1371828317642212
0.13718457520008087
0.13718631863594055
0.137188121676445
0.1371898502111435
0.13719162344932556
0.13719341158866882
0.1371951550245285
0.13719697296619415
0.13719873130321503
0.1372005045413971
0.13720229268074036
0.1372040957212448
0.13720585405826569
0.13720771670341492
0.13720950484275818
0.13721130788326263
0.1372130960226059
0.13721489906311035
0.1372167021036148
0.13721857964992523
0.1372203677892685
0.13722218573093414
0.137224018573761
0.13722582161426544
0.13722772896289825
0.13722950220108032
0.13723139464855194
0.13723322749137878
0.13723506033420563
0.13723692297935486
0.1372387409210205
0.13724058866500854
0.13724246621131897
0.13724428415298462
0.13724619150161743
0.13724802434444427
0.1372499018907547
0.13725174963474274
0.13725367188453674
0.1372555047273636
0.1372573971748352
0.13725928962230682
0.13726112246513367
0.13726301491260529
0.1372649073600769
0.1372668296098709
0.13726866245269775
0.13727056980133057
0.1372724324464798
0.1372743397951126
0.137276291847229
0.13727818429470062
0.13728009164333344
0.13728196918964386
0.13728386163711548
0.13728581368923187
0.13728772103786469
0.1372896134853363
0.13729150593280792
0.13729339838027954
0.13729532063007355
0.13729725778102875
0.13729922473430634
0.13730111718177795
0.13730312883853912
0.13730500638484955
0.13730692863464355
0.13730889558792114
0.13731078803539276
0.13731268048286438
0.13731461763381958
0.1373165398836136
0.13731852173805237
0.13732044398784637
0.13732238113880157
0.13732434809207916
0.13732631504535675
0.13732820749282837
0.13733014464378357
0.13733212649822235
0.13733407855033875
0.13733603060245514
0.13733793795108795
0.13733991980552673
0.13734187185764313
0.13734383881092072
0.1373458057641983
0.1373477280139923
0.1373497098684311
0.1373516470193863
0.13735364377498627
0.13735556602478027
0.13735751807689667
0.13735947012901306
0.13736142218112946
0.13736338913440704
0.13736538589000702
0.1373673528432846
0.13736934959888458
0.13737130165100098
0.13737326860427856
0.13737523555755615
0.13737720251083374
0.13737910985946655
0.13738110661506653
0.1373830884695053
0.1373850256204605
0.13738706707954407
0.13738900423049927
0.13739098608493805
0.13739295303821564
0.1373949646949768
0.1373969167470932
0.1373988837003708
0.13740086555480957
0.13740283250808716
0.13740476965904236
0.13740679621696472
0.13740873336791992
0.1374107152223587
0.13741269707679749
0.13741463422775269
0.13741666078567505
0.13741859793663025
0.13742056488990784
0.13742253184318542
0.1374245434999466
0.13742651045322418
0.13742850720882416
0.13743041455745697
0.13743238151073456
0.13743442296981812
0.13743634521961212
0.1374383270740509
0.13744030892848969
0.13744229078292847
0.13744427263736725
0.13744617998600006
0.1374482363462448
0.1374501883983612
0.1374521255493164
0.13745415210723877
0.13745608925819397
0.13745799660682678
0.13746003806591034
0.13746196031570435
0.13746395707130432
0.1374659240245819
0.1374678909778595
0.1374698132276535
0.13747182488441467
0.13747380673885345
0.13747574388980865
0.13747769594192505
0.13747967779636383
0.13748162984848022
0.13748358190059662
0.13748551905155182
0.1374875009059906
0.137489452958107
0.13749141991138458
0.1374933421611786
0.13749535381793976
0.13749727606773376
0.13749921321868896
0.13750116527080536
0.13750310242176056
0.13750505447387695
0.13750700652599335
0.13750892877578735
0.13751088082790375
0.13751287758350372
0.13751475512981415
0.13751670718193054
0.13751864433288574
0.13752055168151855
0.13752254843711853
0.13752444088459015
0.13752639293670654
0.13752827048301697
0.13753023743629456
0.13753218948841095
0.13753406703472137
0.13753598928451538
0.13753795623779297
0.1375398337841034
0.1375417709350586
0.1375436633825302
0.13754558563232422
0.13754750788211823
0.13754944503307343
0.13755132257938385
0.13755325973033905
0.13755515217781067
0.13755707442760468
0.13755899667739868
0.13756082952022552
0.13756276667118073
0.13756467401981354
0.13756655156612396
0.13756844401359558
0.1375703662633896
0.13757221400737762
0.13757413625717163
0.13757604360580444
0.13757792115211487
0.1375797688961029
0.13758167624473572
0.13758353888988495
0.13758540153503418
0.13758724927902222
0.13758914172649384
0.13759097456932068
0.13759292662143707
0.13759475946426392
0.13759659230709076
0.13759845495224
0.1376003473997116
0.13760218024253845
0.13760405778884888
0.13760587573051453
0.13760778307914734
0.1376095414161682
0.13761140406131744
0.1376132220029831
0.13761506974697113
0.13761690258979797
0.137618750333786
0.13762055337429047
0.13762237131595612
0.13762424886226654
0.1376260370016098
0.13762788474559784
0.1376296877861023
0.13763149082660675
0.1376333236694336
0.13763508200645447
0.13763687014579773
0.13763873279094696
0.13764047622680664
0.1376422792673111
0.13764408230781555
0.13764585554599762
0.13764767348766327
0.13764943182468414
0.1376512199640274
0.13765297830104828
0.13765476644039154
0.1376565545797348
0.1376582831144333
0.13766004145145416
0.13766182959079742
0.1376635730266571
0.13766536116600037
0.13766705989837646
0.13766886293888092
0.13767054677009583
0.1376723349094391
0.13767407834529877
0.13767579197883606
0.13767752051353455
0.13767926394939423
0.1376810073852539
0.1376827210187912
0.1376844048500061
0.1376861184835434
0.1376878023147583
0.13768954575061798
0.13769124448299408
0.13769297301769257
0.13769464194774628
0.13769632577896118
0.13769802451133728
0.13769970834255219
0.13770140707492828
0.1377030909061432
0.1377047598361969
0.13770641386508942
0.13770809769630432
0.13770976662635803
0.13771142065525055
0.13771304488182068
0.13771472871303558
0.1377163678407669
0.13771800696849823
0.13771967589855194
0.13772127032279968
0.1377229392528534
0.13772456347942352
0.13772621750831604
0.1377277970314026
0.13772942125797272
0.13773101568222046
0.13773265480995178
0.1377342790365219
0.13773584365844727
0.137737438082695
0.13773904740810394
0.13774064183235168
0.13774217665195465
0.1377437859773636
0.13774538040161133
0.13774694502353668
0.13774850964546204
0.13775008916854858
0.13775163888931274
0.1377531886100769
0.13775475323200226
0.13775628805160522
0.13775783777236938
0.13775940239429474
0.1377609521150589
0.13776244223117828
0.13776396214962006
0.13776551187038422
0.13776704668998718
0.13776852190494537
0.13777004182338715
0.1377715915441513
0.1377730518579483
0.1377745270729065
0.13777604699134827
0.13777752220630646
0.13777899742126465
0.13778044283390045
0.13778194785118103
0.13778337836265564
0.13778488337993622
0.13778634369373322
0.13778775930404663
0.13778920471668243
0.13779067993164062
0.13779214024543762
0.13779360055923462
0.13779501616954803
0.13779643177986145
0.13779783248901367
0.13779926300048828
0.1378006488084793
0.13780207931995392
0.13780350983142853
0.13780488073825836
0.137806236743927
0.13780765235424042
0.13780903816223145
0.13781043887138367
0.1378117948770523
0.13781318068504333
0.13781452178955078
0.13781587779521942
0.13781729340553284
0.1378185898065567
0.13781993091106415
0.1378212720155716
0.13782262802124023
0.13782399892807007
0.13782528042793274
0.1378265917301178
0.13782793283462524
0.1378292292356491
0.13783051073551178
0.13783185184001923
0.1378331482410431
0.13783441483974457
0.13783569633960724
0.13783693313598633
0.1378382444381714
0.13783951103687286
0.13784077763557434
0.1378420740365982
0.1378433108329773
0.137844517827034
0.13784578442573547
0.13784703612327576
0.13784825801849365
0.13784949481487274
0.13785070180892944
0.13785189390182495
0.13785316050052643
0.13785432279109955
0.13785549998283386
0.13785672187805176
0.13785794377326965
0.13785913586616516
0.13786031305789948
0.1378614604473114
0.13786260783672333
0.13786382973194122
0.13786494731903076
0.13786613941192627
0.13786722719669342
0.13786840438842773
0.13786952197551727
0.137870654463768
0.13787177205085754
0.13787293434143066
0.13787397742271423
0.13787512481212616
0.1378762573003769
0.13787735998630524
0.1378784328699112
0.13787952065467834
0.1378806084394455
0.13788166642189026
0.1378827542066574
0.13788379728794098
0.13788487017154694
0.13788588345050812
0.13788695633411407
0.13788798451423645
0.13788902759552002
0.1378900706768036
0.13789109885692596
0.13789209723472595
0.13789311051368713
0.13789412379264832
0.1378951370716095
0.1378961056470871
0.1378970891237259
0.13789811730384827
0.13789908587932587
0.13790003955364227
0.13790102303028107
0.13790196180343628
0.13790291547775269
0.13790389895439148
0.13790477812290192
0.13790574669837952
0.13790670037269592
0.13790765404701233
0.13790853321552277
0.13790945708751678
0.13791035115718842
0.13791121542453766
0.13791215419769287
0.1379130631685257
0.13791392743587494
0.13791482150554657
0.137915700674057
0.13791656494140625
0.1379174143075943
0.13791827857494354
0.13791914284229279
0.13791997730731964
0.1379208117723465
0.13792161643505096
0.1379224956035614
0.13792331516742706
0.13792410492897034
0.1379249095916748
0.13792571425437927
0.13792645931243896
0.13792729377746582
0.1379280686378479
0.13792884349822998
0.13792963325977325
0.13793034851551056
0.13793116807937622
0.13793189823627472
0.1379326432943344
0.1379334032535553
0.1379341036081314
0.1379348635673523
0.1379355639219284
0.13793626427650452
0.1379370093345642
0.13793770968914032
0.13793841004371643
0.13793908059597015
0.13793978095054626
0.13794048130512238
0.1379411816596985
0.13794180750846863
0.13794247806072235
0.13794313371181488
0.13794374465942383
0.13794441521167755
0.13794507086277008
0.13794568181037903
0.13794629275798798
0.13794687390327454
0.13794751465320587
0.1379481554031372
0.13794870674610138
0.13794933259487152
0.13794991374015808
0.13795047998428345
0.13795106112957
0.13795161247253418
0.13795216381549835
0.1379527449607849
0.1379532516002655
0.13795384764671326
0.13795432448387146
0.1379549205303192
0.137955442070961
0.1379559338092804
0.1379564255475998
0.13795699179172516
0.13795743882656097
0.13795794546604156
0.13795839250087738
0.13795888423919678
0.13795936107635498
0.13795985281467438
0.1379602998495102
0.1379607617855072
0.1379612237215042
0.13796161115169525
0.13796204328536987
0.13796250522136688
0.13796290755271912
0.13796333968639374
0.13796372711658478
0.1379641443490982
0.13796456158161163
0.13796493411064148
0.13796529173851013
0.13796569406986237
0.13796605169773102
0.13796643912792206
0.13796675205230713
0.13796715438365936
0.13796745240688324
0.13796783983707428
0.13796812295913696
0.13796842098236084
0.13796882331371307
0.13796910643577576
0.13796944916248322
0.1379697024822235
0.1379700005054474
0.13797031342983246
0.13797055184841156
0.13797083497047424
0.13797111809253693
0.13797138631343842
0.13797162473201752
0.13797181844711304
0.1379721313714981
0.13797233998775482
0.13797256350517273
0.13797280192375183
0.13797299563884735
0.13797320425510406
0.13797342777252197
0.1379735916852951
0.137973815202713
0.13797397911548615
0.1379741132259369
0.137974351644516
0.13797448575496674
0.13797466456890106
0.1379747837781906
0.13797496259212494
0.1379750370979309
0.13797524571418762
0.13797527551651
0.13797545433044434
0.1379755139350891
0.13797566294670105
0.13797573745250702
0.13797585666179657
0.13797593116760254
0.1379760354757309
0.13797610998153687
0.13797612488269806
0.13797618448734283
0.1379762589931488
0.1379762887954712
0.13797633349895477
0.13797636330127716
0.13797637820243835
0.13797639310359955
0.13797646760940552
0.13797640800476074
0.13797643780708313
0.13797643780708313
0.13797640800476074
0.13797637820243835
0.13797636330127716
0.13797633349895477
0.13797630369663239
0.1379762589931488
0.13797616958618164
0.13797616958618164
0.1379760503768921
0.1379760205745697
0.13797591626644135
0.13797584176063538
0.13797573745250702
0.13797564804553986
0.1379755139350891
0.13797542452812195
0.1379753202199936
0.13797518610954285
0.1379750669002533
0.13797491788864136
0.137974813580513
0.13797463476657867
0.13797445595264435
0.1379743069410324
0.13797412812709808
0.13797400891780853
0.13797377049922943
0.1379735767841339
0.13797341287136078
0.13797318935394287
0.13797298073768616
0.13797274231910706
0.13797254860401154
0.13797228038311005
0.13797205686569214
0.13797183334827423
0.13797160983085632
0.13797135651111603
0.13797107338905334
0.13797076046466827
0.13797049224376678
0.1379702389240265
0.1379699558019638
0.13796965777873993
0.13796934485435486
0.13796904683113098
0.1379687339067459
0.13796843588352203
0.13796809315681458
0.13796775043010712
0.13796739280223846
0.1379670798778534
0.13796669244766235
0.1379663348197937
0.13796597719192505
0.1379656195640564
0.13796526193618774
0.1379648596048355
0.13796445727348328
0.13796408474445343
0.13796366751194
0.13796325027942657
0.13796284794807434
0.13796238601207733
0.1379619687795639
0.13796156644821167
0.13796107470989227
0.13796065747737885
0.13796018064022064
0.13795971870422363
0.13795925676822662
0.13795875012874603
0.1379583179950714
0.13795782625675201
0.13795733451843262
0.13795684278011322
0.13795632123947144
0.13795581459999084
0.13795526325702667
0.13795475661754608
0.1379542350769043
0.13795365393161774
0.13795314729213715
0.13795256614685059
0.1379520297050476
0.13795144855976105
0.1379508674144745
0.13795031607151031
0.13794973492622375
0.1379491537809372
0.13794848322868347
0.1379479318857193
0.13794736564159393
0.13794668018817902
0.13794608414173126
0.13794545829296112
0.13794486224651337
0.13794419169425964
0.13794353604316711
0.13794291019439697
0.13794223964214325
0.13794155418872833
0.13794086873531342
0.1379402130842209
0.13793951272964478
0.13793884217739105
0.13793811202049255
0.13793742656707764
0.13793671131134033
0.1379360407590866
0.13793526589870453
0.13793455064296722
0.13793380558490753
0.13793303072452545
0.13793233036994934
0.13793158531188965
0.1379307508468628
0.13793005049228668
0.1379292756319046
0.1379285305738449
0.13792769610881805
0.13792693614959717
0.1379261314868927
0.13792532682418823
0.13792447745800018
0.13792365789413452
0.13792285323143005
0.1379220336675644
0.13792119920253754
0.1379203498363495
0.13791950047016144
0.13791866600513458
0.13791784644126892
0.13791689276695251
0.13791605830192566
0.13791517913341522
0.13791431486606598
0.13791343569755554
0.13791249692440033
0.1379116177558899
0.13791070878505707
0.13790981471538544
0.13790887594223022
0.13790792226791382
0.13790705800056458
0.1379060596227646
0.13790512084960938
0.13790418207645416
0.13790322840213776
0.13790220022201538
0.13790124654769897
0.13790033757686615
0.13789932429790497
0.13789834082126617
0.1378973424434662
0.1378963440656662
0.1378953605890274
0.13789430260658264
0.13789328932762146
0.1378922462463379
0.1378912478685379
0.13789018988609314
0.13788916170597076
0.1378881335258484
0.13788706064224243
0.13788598775863647
0.13788488507270813
0.13788385689258575
0.13788282871246338
0.13788175582885742
0.1378806233406067
0.13787955045700073
0.13787841796875
0.13787733018398285
0.13787619769573212
0.13787510991096497
0.13787396252155304
0.1378728449344635
0.13787169754505157
0.13787055015563965
0.1378694474697113
0.1378682553768158
0.13786710798740387
0.13786594569683075
0.13786479830741882
0.13786359131336212
0.1378624141216278
0.1378612071275711
0.13786004483699799
0.13785885274410248
0.1378576159477234
0.1378564089536667
0.1378551721572876
0.1378539651632309
0.1378527134656906
0.1378515511751175
0.13785025477409363
0.13784906268119812
0.13784779608249664
0.13784651458263397
0.1378452628850937
0.1378440260887146
0.13784272968769073
0.13784143328666687
0.1378401815891266
0.13783887028694153
0.13783757388591766
0.137836292386055
0.13783498108386993
0.13783366978168488
0.13783235847949982
0.13783098757266998
0.13782969117164612
0.13782836496829987
0.1378270387649536
0.13782565295696259
0.13782432675361633
0.1378229260444641
0.13782158493995667
0.1378202587366104
0.1378188282251358
0.13781747221946716
0.13781611621379852
0.1378147155046463
0.13781331479549408
0.13781195878982544
0.13781049847602844
0.13780909776687622
0.1378076672554016
0.1378062516450882
0.13780485093593597
0.13780337572097778
0.13780196011066437
0.13780051469802856
0.13779903948307037
0.13779760897159576
0.13779613375663757
0.13779470324516296
0.1377931833267212
0.13779176771640778
0.137790247797966
0.137788787484169
0.13778726756572723
0.13778577744960785
0.13778427243232727
0.1377827674150467
0.1377812772989273
0.13777972757816315
0.13777819275856018
0.1377766728401184
0.13777515292167664
0.13777361810207367
0.13777203857898712
0.13777056336402893
0.13776895403862
0.13776741921901703
0.13776585459709167
0.13776424527168274
0.13776272535324097
0.13776110112667084
0.1377595067024231
0.13775791227817535
0.13775634765625
0.13775481283664703
0.13775315880775452
0.1377515345811844
0.13774994015693665
0.1377483308315277
0.13774672150611877
0.13774505257606506
0.13774347305297852
0.1377418041229248
0.1377401500940323
0.13773846626281738
0.13773688673973083
0.13773515820503235
0.13773347437381744
0.13773180544376373
0.1377301663160324
0.1377284824848175
0.1377267986536026
0.1377251297235489
0.1377233862876892
0.1377216875553131
0.1377200484275818
0.1377183198928833
0.137716606259346
0.13771484792232513
0.13771317899227142
0.13771140575408936
0.13770972192287445
0.13770796358585358
0.1377062350511551
0.13770446181297302
0.13770273327827454
0.13770096004009247
0.1376991719007492
0.13769744336605072
0.13769571483135223
0.1376938372850418
0.13769209384918213
0.13769033551216125
0.1376885324716568
0.13768672943115234
0.13768497109413147
0.13768309354782104
0.13768132030963898
0.13767953217029572
0.13767771422863007
0.13767588138580322
0.13767406344413757
0.13767220079898834
0.1376703679561615
0.13766856491565704
0.1376667320728302
0.13766488432884216
0.13766302168369293
0.1376611441373825
0.13765932619571686
0.13765738904476166
0.13765552639961243
0.13765369355678558
0.13765178620815277
0.13764986395835876
0.13764800131320953
0.13764610886573792
0.1376442313194275
0.13764230906963348
0.13764044642448425
0.13763855397701263
0.13763661682605743
0.13763472437858582
0.13763278722763062
0.1376308649778366
0.13762889802455902
0.1376270055770874
0.13762503862380981
0.1376231163740158
0.1376211792230606
0.13761918246746063
0.13761723041534424
0.13761529326438904
0.13761329650878906
0.13761137425899506
0.13760940730571747
0.1376073807477951
0.13760539889335632
0.13760343194007874
0.13760143518447876
0.13759945333003998
0.13759742677211761
0.13759548962116241
0.13759343326091766
0.1375914365053177
0.13758936524391174
0.13758738338947296
0.1375853717327118
0.13758331537246704
0.13758130371570587
0.1375792920589447
0.13757728040218353
0.13757522404193878
0.13757315278053284
0.13757114112377167
0.13756908476352692
0.13756702840328217
0.13756497204303741
0.13756290078163147
0.13756075501441956
0.13755877315998077
0.13755667209625244
0.1375546157360077
0.13755252957344055
0.13755041360855103
0.1375483274459839
0.13754624128341675
0.13754412531852722
0.13754203915596008
0.13753989338874817
0.13753783702850342
0.13753573596477509
0.13753359019756317
0.13753147423267365
0.13752935826778412
0.1375272274017334
0.13752509653568268
0.13752290606498718
0.13752080500125885
0.13751868903636932
0.13751652836799622
0.1375143975019455
0.1375122219324112
0.13751007616519928
0.13750793039798737
0.13750573992729187
0.13750360906124115
0.13750143349170685
0.13749927282333374
0.13749708235263824
0.13749487698078156
0.13749276101589203
0.13749052584171295
0.13748833537101746
0.13748612999916077
0.13748396933078766
0.13748173415660858
0.1374795287847519
0.13747729361057281
0.13747507333755493
0.13747288286685944
0.13747069239616394
0.13746850192546844
0.13746625185012817
0.1374640017747879
0.1374617964029312
0.13745954632759094
0.13745731115341187
0.13745509088039398
0.13745282590389252
0.13745060563087463
0.13744832575321198
0.1374460607767105
0.13744385540485382
0.13744160532951355
0.1374393105506897
0.13743703067302704
0.13743479549884796
0.1374325007200241
0.13743026554584503
0.13742798566818237
0.13742569088935852
0.13742339611053467
0.137421116232872
0.13741882145404816
0.1374165266752243
0.13741421699523926
0.137411966919899
0.13740965723991394
0.1374073475599289
0.13740503787994385
0.1374027580022812
0.13740041851997375
0.1373981386423111
0.13739581406116486
0.1373935043811798
0.13739116489887238
0.13738882541656494
0.1373864859342575
0.13738417625427246
0.13738180696964264
0.1373794972896576
0.13737718760967255
0.13737483322620392
0.1373724788427353
0.13737012445926666
0.13736778497695923
0.1373654305934906
0.13736310601234436
0.13736070692539215
0.13735835254192352
0.13735604286193848
0.13735361397266388
0.13735122978687286
0.13734889030456543
0.1373465210199356
0.1373441368341446
0.13734179735183716
0.13733942806720734
0.13733699917793274
0.13733462989330292
0.13733221590518951
0.13732990622520447
0.13732750713825226
0.13732509315013885
0.13732264935970306
0.13732028007507324
0.13731788098812103
0.13731546700000763
0.13731302320957184
0.1373107135295868
0.1373082399368286
0.1373058259487152
0.1373034417629242
0.1373010128736496
0.1372985988855362
0.1372961848974228
0.1372937560081482
0.1372913420200348
0.13728894293308258
0.1372864544391632
0.137284055352211
0.13728153705596924
0.1372791975736618
0.13727672398090363
0.13727426528930664
0.13727183640003204
0.13726942241191864
0.13726694881916046
0.13726447522640228
0.13726206123828888
0.1372596174478531
0.1372571438550949
0.13725468516349792
0.13725227117538452
0.13724972307682037
0.13724735379219055
0.13724488019943237
0.1372424215078354
0.13723988831043243
0.13723745942115784
0.13723497092723846
0.13723251223564148
0.1372300535440445
0.1372275948524475
0.13722504675388336
0.13722258806228638
0.1372200846672058
0.1372176706790924
0.13721515238285065
0.13721266388893127
0.1372101902961731
0.13720767199993134
0.13720518350601196
0.1372026950120926
0.13720020651817322
0.13719771802425385
0.13719524443149567
0.1371927112340927
0.13719020783901215
0.13718773424625397
0.137185201048851
0.13718271255493164
0.13718023896217346
0.13717769086360931
0.13717521727085114
0.13717271387577057
0.13717016577720642
0.13716764748096466
0.1371651291847229
0.13716262578964233
0.13716009259223938
0.13715760409832
0.13715504109859467
0.13715258240699768
0.13715001940727234
0.13714750111103058
0.13714496791362762
0.13714244961738586
0.1371399164199829
0.13713736832141876
0.1371348649263382
0.13713228702545166
0.1371297985315323
0.13712731003761292
0.137124702334404
0.13712216913700104
0.13711965084075928
0.13711710274219513
0.13711461424827576
0.13711200654506683
0.13710953295230865
0.1371069848537445
0.13710443675518036
0.13710184395313263
0.13709931075572968
0.13709676265716553
0.13709422945976257
0.13709166646003723
0.13708911836147308
0.13708655536174774
0.13708405196666718
0.13708150386810303
0.13707894086837769
0.13707637786865234
0.1370738297700882
0.13707132637500763
0.1370687186717987
0.13706614077091217
0.13706357777118683
0.13706102967262268
0.13705849647521973
0.1370559185743332
0.13705338537693024
0.1370507776737213
0.13704824447631836
0.13704565167427063
0.13704311847686768
0.13704055547714233
0.1370379626750946
0.13703542947769165
0.1370328664779663
0.13703028857707977
0.13702774047851562
0.1370251625776291
0.13702262938022614
0.1370200216770172
0.13701745867729187
0.13701489567756653
0.13701236248016357
0.13700975477695465
0.13700714707374573
0.13700461387634277
0.13700208067893982
0.1369994878768921
0.13699692487716675
0.1369943618774414
0.13699178397655487
0.13698919117450714
0.13698658347129822
0.13698403537273407
0.13698145747184753
0.13697892427444458
0.13697633147239685
0.1369737684726715
0.13697119057178497
0.13696861267089844
0.1369660645723343
0.13696347177028656
0.13696089386940002
0.13695836067199707
0.13695576786994934
0.13695314526557922
0.13695061206817627
0.13694804906845093
0.136945441365242
0.13694290816783905
0.1369403451681137
0.13693776726722717
0.13693512976169586
0.13693256676197052
0.13693001866340637
0.13692741096019745
0.13692492246627808
0.13692231476306915
0.13691973686218262
0.13691718876361847
0.13691459596157074
0.1369120329618454
0.13690944015979767
0.13690687716007233
0.1369042992591858
0.13690172135829926
0.1368991583585739
0.13689658045768738
0.13689401745796204
0.13689148426055908
0.13688892126083374
0.13688625395298004
0.13688376545906067
0.13688118755817413
0.1368786245584488
0.13687600195407867
0.13687345385551453
0.13687089085578918
0.13686837255954742
0.1368657797574997
0.13686318695545197
0.136860653758049
0.13685806095600128
0.13685551285743713
0.1368529498577118
0.13685040175914764
0.13684780895709991
0.13684529066085815
0.13684269785881042
0.13684017956256866
0.13683760166168213
0.13683506846427917
0.13683249056339264
0.1368299275636673
0.13682736456394196
0.1368248015642166
0.13682226836681366
0.1368197202682495
0.13681720197200775
0.13681462407112122
0.13681207597255707
0.13680949807167053
0.13680694997310638
0.13680443167686462
0.13680189847946167
0.13679927587509155
0.13679680228233337
0.13679423928260803
0.13679169118404388
0.13678911328315735
0.1367865949869156
0.13678406178951263
0.13678152859210968
0.13677898049354553
0.1367764174938202
0.13677391409873962
0.13677135109901428
0.1367688924074173
0.13676637411117554
0.1367637813091278
0.13676127791404724
0.1367587298154831
0.13675622642040253
0.13675370812416077
0.13675114512443542
0.13674864172935486
0.1367461234331131
0.13674357533454895
0.13674107193946838
0.13673853874206543
0.13673602044582367
0.1367335021495819
0.13673099875450134
0.13672851026058197
0.1367259919643402
0.13672345876693726
0.13672102987766266
0.13671846687793732
0.13671597838401794
0.13671347498893738
0.13671091198921204
0.13670845329761505
0.1367059201002121
0.13670344650745392
0.13670100271701813
0.13669849932193756
0.136695995926857
0.13669353723526
0.13669103384017944
0.13668854534626007
0.1366860717535019
0.13668353855609894
0.13668106496334076
0.1366785615682602
0.13667607307434082
0.13667362928390503
0.13667111098766327
0.13666868209838867
0.13666623830795288
0.1366637498140335
0.13666127622127533
0.13665884733200073
0.13665632903575897
0.136653870344162
0.13665147125720978
0.13664892315864563
0.13664653897285461
0.13664406538009644
0.13664163649082184
0.13663916289806366
0.13663674890995026
0.13663432002067566
0.1366318017244339
0.1366293579339981
0.1366269439458847
0.1366245150566101
0.13662207126617432
0.1366196721792221
0.13661721348762512
0.13661476969718933
0.13661235570907593
0.13660995662212372
0.13660749793052673
0.13660506904125214
0.13660269975662231
0.1366002857685089
0.1365978866815567
0.1365954577922821
0.1365930587053299
0.1365906000137329
0.1365882307291031
0.13658589124679565
0.13658347725868225
0.13658101856708527
0.13657863438129425
0.13657625019550323
0.1365738958120346
0.1365714967250824
0.13656914234161377
0.13656677305698395
0.13656434416770935
0.13656194508075714
0.1365595906972885
0.13655723631381989
0.13655483722686768
0.13655252754688263
0.1365501433610916
0.13654778897762299
0.13654544949531555
0.13654305040836334
0.1365407407283783
0.13653841614723206
0.13653603196144104
0.136533722281456
0.13653139770030975
0.13652901351451874
0.1365266889333725
0.13652437925338745
0.1365220844745636
0.13651973009109497
0.13651736080646515
0.13651509582996368
0.13651277124881744
0.1365104466676712
0.13650816679000854
0.1365058273077011
0.13650354743003845
0.13650120794773102
0.13649889826774597
0.1364966630935669
0.13649429380893707
0.1364920437335968
0.13648976385593414
0.13648749887943268
0.1364852488040924
0.13648290932178497
0.1364806592464447
0.13647842407226562
0.13647615909576416
0.1364738643169403
0.13647159934043884
0.13646934926509857
0.1364670842885971
0.13646481931209564
0.13646259903907776
0.1364603489637375
0.1364581435918808
0.13645590841770172
0.13645365834236145
0.13645145297050476
0.1364492028951645
0.1364469677209854
0.13644476234912872
0.13644252717494965
0.13644030690193176
0.13643811643123627
0.13643591105937958
0.13643373548984528
0.1364315301179886
0.1364293396472931
0.1364271640777588
0.1364249587059021
0.13642281293869019
0.13642063736915588
0.1364184319972992
0.13641630113124847
0.13641411066055298
0.13641194999217987
0.13640975952148438
0.13640762865543365
0.13640543818473816
0.13640329241752625
0.13640116155147552
0.1363990306854248
0.1363968700170517
0.13639478385448456
0.13639265298843384
0.1363905370235443
0.13638836145401
0.13638627529144287
0.13638418912887573
0.13638204336166382
0.1363799273967743
0.13637784123420715
0.13637574017047882
0.13637366890907288
0.13637153804302216
0.1363694667816162
0.13636739552021027
0.1363653540611267
0.136363223195076
0.13636116683483124
0.1363591104745865
0.13635703921318054
0.1363549828529358
0.13635292649269104
0.13635091483592987
0.13634884357452393
0.13634684681892395
0.1363448053598404
0.13634274899959564
0.13634073734283447
0.1363387405872345
0.13633668422698975
0.13633470237255096
0.1363326907157898
0.13633064925670624
0.13632866740226746
0.13632668554782867
0.1363246887922287
0.1363227218389511
0.13632072508335114
0.13631875813007355
0.13631680607795715
0.13631480932235718
0.13631285727024078
0.1363108903169632
0.136308953166008
0.13630694150924683
0.136305034160614
0.13630308210849762
0.1363012045621872
0.1362992823123932
0.1362973153591156
0.1362954080104828
0.13629351556301117
0.13629163801670074
0.13628967106342316
0.13628776371479034
0.13628587126731873
0.1362839788198471
0.1362820863723755
0.13628023862838745
0.13627834618091583
0.1362764686346054
0.13627459108829498
0.13627280294895172
0.1362709254026413
0.13626903295516968
0.13626720011234283
0.1362653523683548
0.13626353442668915
0.1362616866827011
0.13625989854335785
0.1362580507993698
0.13625629246234894
0.1362544298171997
0.13625262677669525
0.1362508237361908
0.13624905049800873
0.13624724745750427
0.1362454891204834
0.13624368607997894
0.13624191284179688
0.1362401843070984
0.13623836636543274
0.13623660802841187
0.13623490929603577
0.1362331360578537
0.1362314224243164
0.13622963428497314
0.13622792065143585
0.13622620701789856
0.13622446358203888
0.13622276484966278
0.13622111082077026
0.13621936738491058
0.13621766865253448
0.13621598482131958
0.13621433079242706
0.13621261715888977
0.13621093332767487
0.13620926439762115
0.13620761036872864
0.1362059861421585
0.1362043172121048
0.1362026482820511
0.13620100915431976
0.13619941473007202
0.1361977607011795
0.13619612157344818
0.13619455695152283
0.1361929029226303
0.13619130849838257
0.13618972897529602
0.13618813455104828
0.13618655502796173
0.1361849457025528
0.13618341088294983
0.1361818015575409
0.13618025183677673
0.13617868721485138
0.1361771672964096
0.13617552816867828
0.1361740678548813
0.13617253303527832
0.13617102801799774
0.13616949319839478
0.136167973279953
0.13616646826267242
0.13616491854190826
0.13616347312927246
0.1361619532108307
0.1361604481935501
0.13615895807743073
0.13615752756595612
0.1361560970544815
0.13615462183952332
0.13615316152572632
0.13615171611309052
0.1361502856016159
0.1361488401889801
0.1361473947763443
0.13614599406719208
0.13614459335803986
0.13614314794540405
0.1361417919397354
0.136140376329422
0.13613900542259216
0.13613758981227875
0.1361362338066101
0.13613489270210266
0.13613352179527283
0.1361321359872818
0.13613082468509674
0.1361294686794281
0.13612815737724304
0.13612675666809082
0.13612546026706696
0.1361241638660431
0.13612283766269684
0.13612152636051178
0.13612022995948792
0.13611897826194763
0.13611766695976257
0.1361164003610611
0.136115163564682
0.13611388206481934
0.13611261546611786
0.13611139357089996
0.13611014187335968
0.1361089050769806
0.1361076980829239
0.1361064612865448
0.1361052542924881
0.1361040621995926
0.13610288500785828
0.13610167801380157
0.13610045611858368
0.13609930872917175
0.13609817624092102
0.13609696924686432
0.13609579205513
0.13609462976455688
0.13609349727630615
0.1360924243927002
0.1360912322998047
0.13609014451503754
0.1360890120267868
0.13608789443969727
0.1360868364572525
0.13608574867248535
0.1360846608877182
0.13608355820178986
0.1360824853181839
0.13608142733573914
0.13608036935329437
0.1360793262720108
0.13607831299304962
0.13607724010944366
0.13607625663280487
0.1360751986503601
0.1360742449760437
0.13607320189476013
0.13607223331928253
0.13607123494148254
0.13607022166252136
0.13606928288936615
0.13606832921504974
0.13606737554073334
0.13606642186641693
0.1360655128955841
0.1360645741224289
0.13606363534927368
0.13606271147727966
0.13606178760528564
0.13606087863445282
0.1360599845647812
0.13605913519859314
0.13605821132659912
0.1360573172569275
0.13605648279190063
0.13605564832687378
0.13605482876300812
0.13605394959449768
0.13605311512947083
0.13605229556560516
0.13605143129825592
0.13605070114135742
0.13604988157749176
0.13604912161827087
0.1360483169555664
0.13604748249053955
0.13604678213596344
0.13604599237442017
0.13604523241519928
0.13604451715946198
0.13604378700256348
0.13604305684566498
0.13604231178760529
0.13604162633419037
0.13604092597961426
0.13604022562503815
0.13603949546813965
0.13603879511356354
0.13603819906711578
0.13603754341602325
0.13603687286376953
0.1360362470149994
0.13603562116622925
0.13603492081165314
0.13603432476520538
0.13603375852108002
0.13603313267230988
0.1360325664281845
0.13603195548057556
0.1360313892364502
0.13603082299232483
0.13603024184703827
0.13602973520755768
0.13602912425994873
0.13602863252162933
0.13602809607982635
0.13602760434150696
0.13602711260318756
0.1360265612602234
0.13602612912654877
0.1360255926847458
0.13602511584758759
0.13602466881275177
0.13602423667907715
0.13602378964424133
0.13602334260940552
0.1360228955745697
0.13602249324321747
0.13602207601070404
0.1360217183828354
0.13602131605148315
0.13602092862129211
0.1360205113887787
0.13602018356323242
0.13601981103420258
0.13601945340633392
0.13601915538311005
0.1360187828540802
0.1360185295343399
0.13601815700531006
0.13601785898208618
0.1360175758600235
0.13601727783679962
0.13601703941822052
0.13601678609848022
0.13601651787757874
0.13601624965667725
0.13601602613925934
0.13601577281951904
0.13601553440093994
0.13601532578468323
0.1360151767730713
0.13601496815681458
0.13601477444171906
0.13601462543010712
0.1360144317150116
0.13601428270339966
0.13601413369178772
0.13601398468017578
0.13601385056972504
0.13601376116275787
0.13601361215114594
0.13601356744766235
0.1360134780406952
0.13601338863372803
0.13601332902908325
0.13601328432559967
0.13601325452327728
0.1360132098197937
0.13601312041282654
0.13601313531398773
0.13601309061050415
0.13601312041282654
0.13601312041282654
0.13601315021514893
0.13601316511631012
0.1360132247209549
0.1360132396221161
0.13601331412792206
0.13601334393024445
0.136013463139534
0.13601352274417877
0.13601362705230713
0.13601374626159668
0.13601382076740265
0.13601399958133698
0.13601411879062653
0.13601426780223846
0.1360144466161728
0.13601459562778473
0.13601477444171906
0.13601495325565338
0.1360151320695877
0.1360154151916504
0.13601553440093994
0.13601580262184143
0.1360161006450653
0.13601629436016083
0.1360165774822235
0.1360168308019638
0.13601712882518768
0.13601741194725037
0.13601769506931305
0.13601800799369812
0.1360183209180832
0.13601863384246826
0.13601897656917572
0.13601934909820557
0.13601970672607422
0.13602004945278168
0.1360204517841339
0.13602083921432495
0.13602130115032196
0.1360216736793518
0.13602209091186523
0.13602255284786224
0.13602298498153687
0.1360234171152115
0.13602392375469208
0.1360243856906891
0.13602489233016968
0.13602541387081146
0.1360258162021637
0.13602635264396667
0.13602691888809204
0.13602745532989502
0.1360280066728592
0.13602860271930695
0.13602915406227112
0.13602975010871887
0.13603034615516663
0.13603094220161438
0.13603156805038452
0.13603222370147705
0.136032834649086
0.13603349030017853
0.13603411614894867
0.1360348016023636
0.1360354870557785
0.1360362023115158
0.13603690266609192
0.13603755831718445
0.13603834807872772
0.13603909313678741
0.1360398530960083
0.1360405683517456
0.1360413283109665
0.13604213297367096
0.13604295253753662
0.13604368269443512
0.13604457676410675
0.13604536652565002
0.13604621589183807
0.1360470950603485
0.13604792952537537
0.1360487937927246
0.13604970276355743
0.13605056703090668
0.1360514760017395
0.13605238497257233
0.13605333864688873
0.13605429232120514
0.13605523109436035
0.13605615496635437
0.13605718314647675
0.13605816662311554
0.13605917990207672
0.1360601782798767
0.1360611617565155
0.13606220483779907
0.13606324791908264
0.136064350605011
0.13606537878513336
0.1360664665699005
0.13606759905815125
0.1360686868429184
0.13606977462768555
0.13607089221477509
0.1360720545053482
0.13607320189476013
0.13607431948184967
0.13607554137706757
0.13607670366764069
0.13607792556285858
0.13607913255691528
0.13608035445213318
0.13608157634735107
0.13608281314373016
0.13608407974243164
0.1360853612422943
0.1360866129398346
0.13608793914318085
0.1360892504453659
0.13609057664871216
0.13609188795089722
0.13609319925308228
0.1360946148633957
0.13609594106674194
0.13609734177589417
0.1360987275838852
0.13610012829303741
0.13610151410102844
0.13610294461250305
0.13610437512397766
0.13610583543777466
0.13610729575157166
0.13610878586769104
0.13611026108264923
0.13611173629760742
0.1361132562160492
0.13611485064029694
0.1361163705587387
0.13611789047718048
0.13611941039562225
0.1361210197210312
0.13612261414527893
0.13612420856952667
0.136125847697258
0.13612747192382812
0.13612908124923706
0.13613072037696838
0.13613241910934448
0.1361340582370758
0.13613583147525787
0.136137455701828
0.1361391842365265
0.13614092767238617
0.13614265620708466
0.13614442944526672
0.1361461728811264
0.13614796102046967
0.13614971935749054
0.13615155220031738
0.13615335524082184
0.13615520298480988
0.13615703582763672
0.13615886867046356
0.1361607313156128
0.1361626386642456
0.13616450130939484
0.13616640865802765
0.13616836071014404
0.13617028295993805
0.13617219030857086
0.13617420196533203
0.13617615401744843
0.1361781507730484
0.13618017733097076
0.13618214428424835
0.13618415594100952
0.13618618249893188
0.13618825376033783
0.13619032502174377
0.13619238138198853
0.13619449734687805
0.136196568608284
0.13619866967201233
0.13620087504386902
0.13620296120643616
0.13620516657829285
0.13620732724666595
0.13620948791503906
0.13621166348457336
0.13621394336223602
0.13621610403060913
0.1362183541059494
0.13622060418128967
0.13622283935546875
0.136225163936615
0.13622747361660004
0.1362297385931015
0.13623206317424774
0.1362343728542328
0.1362367868423462
0.13623911142349243
0.13624143600463867
0.13624389469623566
0.13624624907970428
0.13624872267246246
0.13625112175941467
0.13625353574752808
0.13625600934028625
0.13625849783420563
0.1362610161304474
0.13626347482204437
0.13626596331596375
0.1362685263156891
0.13627104461193085
0.1362735778093338
0.13627617061138153
0.13627873361110687
0.1362813115119934
0.13628391921520233
0.13628654181957245
0.13628922402858734
0.13629186153411865
0.13629452884197235
0.13629721105098724
0.13629989326000214
0.13630260527133942
0.13630534708499908
0.13630804419517517
0.13631081581115723
0.1363135427236557
0.13631634414196014
0.13631916046142578
0.13632191717624664
0.13632479310035706
0.1363276094198227
0.1363304704427719
0.13633328676223755
0.13633619248867035
0.13633905351161957
0.13634195923805237
0.13634495437145233
0.13634786009788513
0.13635079562664032
0.1363537609577179
0.13635678589344025
0.1363598108291626
0.13636279106140137
0.13636578619480133
0.13636882603168488
0.1363718956708908
0.13637493550777435
0.1363779753446579
0.1363811045885086
0.13638423383235931
0.13638736307621002
0.13639044761657715
0.13639366626739502
0.13639682531356812
0.13639996945858002
0.13640324771404266
0.13640642166137695
0.13640962541103363
0.13641288876533508
0.13641612231731415
0.1364194005727768
0.13642270863056183
0.13642597198486328
0.13642939925193787
0.13643264770507812
0.13643601536750793
0.13643938302993774
0.13644278049468994
0.13644619286060333
0.13644957542419434
0.1364530324935913
0.1364564299583435
0.13645988702774048
0.13646335899829865
0.13646681606769562
0.13647034764289856
0.1364738494157791
0.13647739589214325
0.13648097217082977
0.1364845186471939
0.13648810982704163
0.13649168610572815
0.13649527728557587
0.13649892807006836
0.13650256395339966
0.13650618493556976
0.13650983572006226
0.13651356101036072
0.1365172266960144
0.13652099668979645
0.13652469217777252
0.13652847707271576
0.13653221726417542
0.13653600215911865
0.13653980195522308
0.13654360175132751
0.13654740154743195
0.13655124604701996
0.13655510544776917
0.13655899465084076
0.13656283915042877
0.13656677305698395
0.13657067716121674
0.1365746408700943
0.1365785300731659
0.13658250868320465
0.1365865170955658
0.13659057021141052
0.13659454882144928
0.13659857213497162
0.13660264015197754
0.13660669326782227
0.13661077618598938
0.1366148591041565
0.1366189569234848
0.1366230696439743
0.1366272121667862
0.1366313397884369
0.13663554191589355
0.1366397589445114
0.13664397597312927
0.1366482377052307
0.1366523951292038
0.13665668666362762
0.13666096329689026
0.1366652250289917
0.13666953146457672
0.13667382299900055
0.13667823374271393
0.13668255507946014
0.13668687641620636
0.13669130206108093
0.1366957128047943
0.1367001086473465
0.13670453429222107
0.13670901954174042
0.1367134302854538
0.13671796023845673
0.13672246038913727
0.1367269605398178
0.13673147559165955
0.13673600554466248
0.13674062490463257
0.13674518465995789
0.13674978911876678
0.13675443828105927
0.13675904273986816
0.13676370680332184
0.13676834106445312
0.1367730051279068
0.13677772879600525
0.1367824822664261
0.13678719103336334
0.1367918848991394
0.13679665327072144
0.13680145144462585
0.13680623471736908
0.13681110739707947
0.1368159055709839
0.13682080805301666
0.13682565093040466
0.13683050870895386
0.13683539628982544
0.1368403136730194
0.13684524595737457
0.1368502378463745
0.13685518503189087
0.13686014711856842
0.13686518371105194
0.13687019050121307
0.13687525689601898
0.1368802785873413
0.13688531517982483
0.1368904411792755
0.136895552277565
0.13690069317817688
0.13690578937530518
0.13691096007823944
0.1369161307811737
0.13692131638526917
0.13692651689052582
0.13693173229694366
0.13693703711032867
0.13694226741790771
0.13694754242897034
0.13695284724235535
0.13695819675922394
0.13696348667144775
0.13696883618831635
0.13697420060634613
0.1369796097278595
0.1369849443435669
0.13699038326740265
0.1369958221912384
0.13700130581855774
0.1370067447423935
0.13701221346855164
0.13701780140399933
0.13702329993247986
0.1370287984609604
0.1370343565940857
0.13703998923301697
0.13704551756381989
0.13705116510391235
0.13705679774284363
0.13706247508525848
0.13706810772418976
0.1370737999677658
0.13707947731018066
0.1370852142572403
0.13709093630313873
0.13709667325019836
0.13710245490074158
0.13710825145244598
0.13711407780647278
0.13711991906166077
0.13712574541568756
0.13713161647319794
0.1371375024318695
0.13714340329170227
0.13714928925037384
0.13715523481369019
0.13716118037700653
0.13716712594032288
0.13717307150363922
0.13717913627624512
0.13718515634536743
0.13719120621681213
0.13719727098941803
0.13720335066318512
0.1372094601392746
0.1372155398130417
0.13722172379493713
0.1372278928756714
0.13723400235176086
0.1372402161359787
0.13724642992019653
0.13725261390209198
0.13725890219211578
0.1372651308774948
0.1372714787721634
0.137277752161026
0.137284055352211
0.1372903734445572
0.13729675114154816
0.13730312883853912
0.1373094916343689
0.13731592893600464
0.13732236623764038
0.13732881844043732
0.13733528554439545
0.13734178245067596
0.13734827935695648
0.1373547613620758
0.1373613476753235
0.13736790418624878
0.13737443089485168
0.13738106191158295
0.1373877078294754
0.13739430904388428
0.13740099966526031
0.13740766048431396
0.1374143660068512
0.13742108643054962
0.13742779195308685
0.13743451237678528
0.13744130730628967
0.13744807243347168
0.13745488226413727
0.13746169209480286
0.13746857643127441
0.13747538626194
0.13748234510421753
0.1374892294406891
0.13749614357948303
0.13750305771827698
0.1375100016593933
0.13751696050167084
0.13752399384975433
0.13753099739551544
0.1375381201505661
0.13754509389400482
0.1375521570444107
0.13755924999713898
0.13756634294986725
0.1375734955072403
0.13758063316345215
0.13758783042430878
0.1375950127840042
0.13760223984718323
0.13760943710803986
0.13761670887470245
0.13762396574020386
0.13763126730918884
0.13763856887817383
0.13764588534832
0.13765324652194977
0.13766054809093475
0.1376679688692093
0.13767533004283905
0.13768278062343597
0.13769026100635529
0.13769768178462982
0.13770520687103271
0.13771270215511322
0.1377202272415161
0.1377277672290802
0.1377352923154831
0.13774290680885315
0.13775049149990082
0.13775809109210968
0.1377658098936081
0.13777343928813934
0.1377810835838318
0.1377887725830078
0.13779647648334503
0.13780422508716583
0.1378120332956314
0.13781970739364624
0.13782761991024017
0.13783542811870575
0.13784322142601013
0.13785113394260406
0.1378590166568756
0.13786686956882477
0.1378747671842575
0.13788272440433502
0.13789068162441254
0.13789872825145721
0.13790667057037354
0.1379147171974182
0.1379227191209793
0.13793081045150757
0.13793881237506866
0.1379469931125641
0.13795509934425354
0.1379631906747818
0.1379714161157608
0.13797956705093384
0.13798770308494568
0.13799594342708588
0.13800421357154846
0.13801246881484985
0.1380208134651184
0.1380290687084198
0.13803738355636597
0.13804572820663452
0.13805410265922546
0.1380625069141388
0.13807086646556854
0.13807927072048187
0.13808776438236237
0.13809619843959808
0.13810475170612335
0.13811321556568146
0.13812176883220673
0.1381302773952484
0.13813884556293488
0.13814745843410492
0.13815611600875854
0.1381646692752838
0.13817334175109863
0.13818198442459106
0.13819068670272827
0.13819941878318787
0.13820815086364746
0.13821695744991302
0.13822567462921143
0.138234481215477
0.13824334740638733
0.1382521241903305
0.13826099038124084
0.13826987147331238
0.1382787823677063
0.1382877081632614
0.13829661905765533
0.13830561935901642
0.1383146047592163
0.1383235603570938
0.13833263516426086
0.13834168016910553
0.1383507251739502
0.13835981488227844
0.13836894929409027
0.1383780688047409
0.13838717341423035
0.13839636743068695
0.13840562105178833
0.13841480016708374
0.13842403888702393
0.1384332776069641
0.13844260573387146
0.13845188915729523
0.138461172580719
0.13847054541110992
0.13847994804382324
0.1384892612695694
0.1384987086057663
0.138508141040802
0.1385175585746765
0.1385270655155182
0.13853655755519867
0.13854606449604034
0.138555645942688
0.13856515288352966
0.1385747194290161
0.13858437538146973
0.13859392702579498
0.13860361278057098
0.1386132687330246
0.13862290978431702
0.1386326402425766
0.13864240050315857
0.13865219056606293
0.1386619210243225
0.13867169618606567
0.13868151605129242
0.13869135081768036
0.1387012004852295
0.1387111097574234
0.13872098922729492
0.13873092830181122
0.13874085247516632
0.1387508362531662
0.13876080513000488
0.13877078890800476
0.1387808471918106
0.13879090547561646
0.1388009637594223
0.1388111263513565
0.13882121443748474
0.13883134722709656
0.13884146511554718
0.13885168731212616
0.13886184990406036
0.13887210190296173
0.13888239860534668
0.13889259099960327
0.13890288770198822
0.13891324400901794
0.13892361521720886
0.1389339566230774
0.1389443278312683
0.1389547437429428
0.1389651745557785
0.13897565007209778
0.13898614048957825
0.13899661600589752
0.139007106423378
0.13901762664318085
0.13902825117111206
0.1390388011932373
0.13904939591884613
0.13906005024909973
0.13907068967819214
0.13908132910728455
0.13909199833869934
0.1391027271747589
0.13911347091197968
0.13912419974803925
0.13913501799106598
0.13914579153060913
0.13915660977363586
0.13916748762130737
0.13917836546897888
0.1391892433166504
0.13920016586780548
0.13921108841896057
0.13922211527824402
0.1392330676317215
0.13924401998519897
0.13925506174564362
0.13926611840724945
0.13927723467350006
0.1392883062362671
0.1392994374036789
0.13931052386760712
0.1393216997385025
0.13933290541172028
0.13934408128261566
0.1393553465604782
0.13936662673950195
0.13937786221504211
0.13938918709754944
0.13940052688121796
0.13941189646720886
0.1394232213497162
0.13943462073802948
0.13944600522518158
0.13945740461349487
0.13946889340877533
0.1394803822040558
0.13949190080165863
0.1395033895969391
0.1395149528980255
0.13952651619911194
0.13953812420368195
0.13954976201057434
0.13956139981746674
0.13957302272319794
0.1395847350358963
0.13959643244743347
0.13960815966129303
0.13961994647979736
0.1396317183971405
0.13964347541332245
0.13965530693531036
0.13966718316078186
0.13967905938625336
0.13969096541404724
0.13970284163951874
0.1397148072719574
0.13972674310207367
0.13973873853683472
0.13975076377391815
0.1397627741098404
0.1397748738527298
0.13978692889213562
0.13979899883270264
0.1398111879825592
0.13982327282428741
0.1398354470729828
0.13984765112400055
0.1398598551750183
0.13987205922603607
0.1398843228816986
0.13989661633968353
0.13990890979766846
0.13992127776145935
0.13993369042873383
0.13994599878787994
0.13995839655399323
0.13997086882591248
0.13998331129550934
0.1399957686662674
0.14000828564167023
0.14002080261707306
0.14003333449363708
0.1400458663702011
0.1400584727525711
0.14007112383842468
0.1400837004184723
0.14009638130664825
0.1401090919971466
0.14012178778648376
0.1401345431804657
0.14014726877212524
0.14016002416610718
0.1401728391647339
0.1401856541633606
0.14019852876663208
0.14021138846874237
0.14022427797317505
0.14023718237876892
0.14025013148784637
0.14026311039924622
0.14027607440948486
0.1402890980243683
0.14030209183692932
0.14031517505645752
0.1403282880783081
0.1403414011001587
0.14035454392433167
0.14036773145198822
0.140380859375
0.14039407670497894
0.14040729403495789
0.14042051136493683
0.14043383300304413
0.14044709503650665
0.14046044647693634
0.14047372341156006
0.1404871642589569
0.1405005156993866
0.14051395654678345
0.1405273675918579
0.14054085314273834
0.14055432379245758
0.1405678242444992
0.1405813843011856
0.1405949592590332
0.1406085044145584
0.1406221091747284
0.14063575863838196
0.1406494379043579
0.14066313207149506
0.14067678153514862
0.14069050550460815
0.14070431888103485
0.14071805775165558
0.1407317966222763
0.14074569940567017
0.14075949788093567
0.14077340066432953
0.1407872885465622
0.14080117642879486
0.1408151537179947
0.14082908630371094
0.14084309339523315
0.14085713028907776
0.14087115228176117
0.14088518917560577
0.14089933037757874
0.1409134566783905
0.1409275233745575
0.14094175398349762
0.1409558802843094
0.14097008109092712
0.14098434150218964
0.14099864661693573
0.14101287722587585
0.14102718234062195
0.14104148745536804
0.1410558670759201
0.1410702019929886
0.1410846710205078
0.14109908044338226
0.1411135196685791
0.14112797379493713
0.14114248752593994
0.14115701615810394
0.14117155969142914
0.1411861628293991
0.14120076596736908
0.14121536910533905
0.1412300318479538
0.14124463498592377
0.14125940203666687
0.14127404987812042
0.14128880202770233
0.14130358397960663
0.1413184255361557
0.1413332223892212
0.1413480043411255
0.14136290550231934
0.1413777768611908
0.14139273762702942
0.14140763878822327
0.1414225846529007
0.1414375901222229
0.14145267009735107
0.1414676159620285
0.14148268103599548
0.14149773120880127
0.1415129452943802
0.14152802526950836
0.1415431648492813
0.14155836403369904
0.14157357811927795
0.14158880710601807
0.14160406589508057
0.14161933958530426
0.14163467288017273
0.1416500061750412
0.14166530966758728
0.14168070256710052
0.14169612526893616
0.14171157777309418
0.14172695577144623
0.1417425125837326
0.1417580395936966
0.1417735069990158
0.1417890191078186
0.14180466532707214
0.14182022213935852
0.14183586835861206
0.1418515145778656
0.14186722040176392
0.14188292622566223
0.14189857244491577
0.14191438257694244
0.14193013310432434
0.141945943236351
0.14196175336837769
0.14197760820388794
0.14199352264404297
0.14200934767723083
0.14202532172203064
0.14204128086566925
0.14205724000930786
0.14207324385643005
0.14208923280239105
0.1421053260564804
0.14212141931056976
0.14213745296001434
0.1421535462141037
0.14216972887516022
0.14218594133853912
0.14220212399959564
0.14221832156181335
0.14223453402519226
0.14225083589553833
0.1422671377658844
0.14228345453739166
0.1422998011112213
0.14231613278388977
0.1423325538635254
0.14234896004199982
0.14236538112163544
0.14238184690475464
0.1423984169960022
0.1424148678779602
0.14243146777153015
0.14244797825813293
0.14246459305286407
0.14248120784759521
0.14249782264232635
0.14251448214054108
0.14253123104572296
0.14254790544509888
0.14256468415260315
0.14258144795894623
0.1425982415676117
0.14261502027511597
0.1426319032907486
0.14264869689941406
0.14266566932201385
0.14268258213996887
0.14269950985908508
0.14271648228168488
0.14273342490196228
0.14275044202804565
0.14276757836341858
0.14278464019298553
0.1428016871213913
0.14281880855560303
0.14283590018749237
0.14285306632518768
0.14287036657333374
0.14288751780986786
0.14290475845336914
0.142922043800354
0.14293934404850006
0.14295661449432373
0.14297398924827576
0.14299137890338898
0.1430087685585022
0.14302614331245422
0.14304359257221222
0.1430610865354538
0.14307861030101776
0.14309607446193695
0.1431136280298233
0.14313119649887085
0.1431487500667572
0.14316636323928833
0.143184095621109
0.14320172369480133
0.14321939647197723
0.1432371288537979
0.14325489103794098
0.14327259361743927
0.1432904154062271
0.14330823719501495
0.14332610368728638
0.14334392547607422
0.14336185157299042
0.14337977766990662
0.14339768886566162
0.14341571927070618
0.14343369007110596
0.14345166087150574
0.14346972107887268
0.14348778128623962
0.14350587129592896
0.14352403581142426
0.14354218542575836
0.14356030523777008
0.14357848465442657
0.14359670877456665
0.1436150074005127
0.14363327622413635
0.1436515897512436
0.14366988837718964
0.14368820190429688
0.14370660483837128
0.1437249779701233
0.14374342560768127
0.1437617987394333
0.14378032088279724
0.14379876852035522
0.14381727576255798
0.1438358724117279
0.14385443925857544
0.14387306571006775
0.14389167726039886
0.14391036331653595
0.14392897486686707
0.14394766092300415
0.143966406583786
0.14398512244224548
0.14400392770767212
0.14402265846729279
0.14404156804084778
0.1440604329109192
0.1440792828798294
0.14409808814525604
0.1441171020269394
0.14413602650165558
0.14415495097637177
0.1441740244626999
0.14419300854206085
0.1442120224237442
0.1442311406135559
0.14425025880336761
0.14426933228969574
0.14428851008415222
0.1443076729774475
0.14432688057422638
0.14434611797332764
0.1443653404712677
0.14438460767269135
0.14440394937992096
0.144423246383667
0.1444425731897354
0.14446192979812622
0.1444813460111618
0.14450080692768097
0.14452025294303894
0.14453977346420288
0.14455924928188324
0.1445787101984024
0.14459826052188873
0.14461788535118103
0.14463748037815094
0.14465709030628204
0.14467671513557434
0.1446964293718338
0.14471609890460968
0.14473581314086914
0.14475558698177338
0.1447753757238388
0.14479514956474304
0.14481498301029205
0.14483481645584106
0.14485467970371246
0.14487461745738983
0.14489449560642242
0.14491447806358337
0.14493444561958313
0.14495441317558289
0.144974485039711
0.1449945569038391
0.14501462876796722
0.14503474533557892
0.14505478739738464
0.1450749933719635
0.1450951248407364
0.14511539041996002
0.1451355516910553
0.14515584707260132
0.14517608284950256
0.14519640803337097
0.14521676301956177
0.14523713290691376
0.14525748789310455
0.14527785778045654
0.14529825747013092
0.14531871676445007
0.14533917605876923
0.14535970985889435
0.14538025856018066
0.1454007625579834
0.14542131125926971
0.1454419195652008
0.14546258747577667
0.14548318088054657
0.14550384879112244
0.14552457630634308
0.14554528892040253
0.14556607604026794
0.14558683335781097
0.14560768008232117
0.14562849700450897
0.1456492841243744
0.14567017555236816
0.14569103717803955
0.1457119882106781
0.14573299884796143
0.14575396478176117
0.14577490091323853
0.14579595625400543
0.14581690728664398
0.14583805203437805
0.14585916697978973
0.14588026702404022
0.14590145647525787
0.14592264592647552
0.14594371616840363
0.14596502482891083
0.14598624408245087
0.1460075080394745
0.1460288017988205
0.1460501104593277
0.14607147872447968
0.14609283208847046
0.1461142897605896
0.14613571763038635
0.1461571305990219
0.14617854356765747
0.1462000608444214
0.14622162282466888
0.1462431401014328
0.1462647020816803
0.14628630876541138
0.14630788564682007
0.14632952213287354
0.14635121822357178
0.14637288451194763
0.14639462530612946
0.14641638100147247
0.1464381366968155
0.14645987749099731
0.14648175239562988
0.14650355279445648
0.14652536809444427
0.14654728770256042
0.14656920731067657
0.14659109711647034
0.14661309123039246
0.14663513004779816
0.1466570943593979
0.14667908847332
0.14670111238956451
0.146723210811615
0.14674536883831024
0.1467674970626831
0.14678965508937836
0.1468118280172348
0.14683401584625244
0.14685624837875366
0.1468784511089325
0.14690078794956207
0.14692312479019165
0.14694541692733765
0.14696776866912842
0.14699015021324158
0.14701254665851593
0.14703497290611267
0.1470574289560318
0.14707987010478973
0.14710240066051483
0.14712485671043396
0.14714743196964264
0.14716999232769012
0.14719262719154358
0.14721524715423584
0.1472378969192505
0.14726054668426514
0.14728322625160217
0.1473059505224228
0.1473286896944046
0.14735141396522522
0.1473741978406906
0.14739707112312317
0.14741988480091095
0.1474427431821823
0.14746560156345367
0.14748850464820862
0.14751145243644714
0.14753441512584686
0.14755743741989136
0.14758040010929108
0.14760346710681915
0.14762648940086365
0.1476496011018753
0.147672638297081
0.14769577980041504
0.14771898090839386
0.1477421224117279
0.14776524901390076
0.14778850972652435
0.14781169593334198
0.14783504605293274
0.14785833656787872
0.1478816270828247
0.14790496230125427
0.14792829751968384
0.14795172214508057
0.1479751318693161
0.14799858629703522
0.14802202582359314
0.14804549515247345
0.14806900918483734
0.14809253811836243
0.1481161117553711
0.14813965559005737
0.14816324412822723
0.14818692207336426
0.1482105255126953
0.14823423326015472
0.14825792610645294
0.14828170835971832
0.14830540120601654
0.14832918345928192
0.14835301041603088
0.14837679266929626
0.14840058982372284
0.14842449128627777
0.14844836294651031
0.14847227931022644
0.14849618077278137
0.14852014183998108
0.14854416251182556
0.14856815338134766
0.14859214425086975
0.1486162692308426
0.14864031970500946
0.1486644595861435
0.14868853986263275
0.14871272444725037
0.14873678982257843
0.1487610638141632
0.14878521859645844
0.1488095074892044
0.1488337367773056
0.14885807037353516
0.14888235926628113
0.1489066630601883
0.14893101155757904
0.14895541965961456
0.14897984266281128
0.149004265666008
0.1490287035703659
0.1490531712770462
0.14907759428024292
0.1491021364927292
0.14912661910057068
0.1491512954235077
0.14917585253715515
0.14920051395893097
0.14922510087490082
0.14924974739551544
0.14927445352077484
0.14929918944835663
0.14932388067245483
0.14934863150119781
0.1493733823299408
0.14939813315868378
0.1494230180978775
0.14944785833358765
0.14947274327278137
0.1494976282119751
0.1495225578546524
0.14954742789268494
0.14957241714000702
0.1495973765850067
0.14962238073349
0.14964741468429565
0.14967238903045654
0.14969749748706818
0.1497226357460022
0.14974769949913025
0.14977286756038666
0.1497979760169983
0.14982318878173828
0.1498483568429947
0.14987358450889587
0.14989885687828064
0.1499241292476654
0.14994941651821136
0.14997471868991852
0.15000011026859283
0.15002547204494476
0.1500508338212967
0.15007629990577698
0.1501016765832901
0.1501271277666092
0.15015259385108948
0.15017811954021454
0.1502036452293396
0.15022914111614227
0.1502547264099121
0.15028034150600433
0.15030591189861298
0.15033157169818878
0.15035724639892578
0.1503828912973404
0.15040864050388336
0.15043430030345917
0.1504601091146469
0.1504857838153839
0.15051165223121643
0.1505374014377594
0.15056318044662476
0.15058906376361847
0.15061497688293457
0.15064090490341187
0.15066686272621155
0.15069276094436646
0.15071876347064972
0.15074467658996582
0.15077070891857147
0.1507967710494995
0.15082275867462158
0.15084891021251678
0.15087494254112244
0.15090104937553406
0.15092724561691284
0.15095341205596924
0.15097957849502563
0.15100577473640442
0.1510319858789444
0.15105827152729034
0.1510845422744751
0.15111087262630463
0.15113714337348938
0.15116344392299652
0.15118981897830963
0.15121622383594513
0.15124258399009705
0.15126904845237732
0.1512954831123352
0.15132196247577667
0.15134844183921814
0.1513749063014984
0.15140147507190704
0.1514280140399933
0.1514546126127243
0.15148121118545532
0.1515078991651535
0.15153449773788452
0.15156114101409912
0.15158776938915253
0.1516144871711731
0.15164124965667725
0.15166793763637543
0.15169470012187958
0.15172149240970612
0.15174835920333862
0.15177516639232635
0.15180204808712006
0.15182888507843018
0.15185578167438507
0.15188275277614594
0.15190966427326202
0.1519365906715393
0.15196359157562256
0.1519905924797058
0.15201759338378906
0.1520446091890335
0.15207166969776154
0.15209874510765076
0.15212586522102356
0.15215301513671875
0.15218009054660797
0.15220732986927032
0.15223446488380432
0.15226170420646667
0.15228891372680664
0.1523161679506302
0.15234340727329254
0.15237069129943848
0.1523980349302292
0.1524253934621811
0.15245269238948822
0.1524800956249237
0.1525074690580368
0.15253491699695587
0.15256229043006897
0.1525897979736328
0.15261732041835785
0.1526447832584381
0.15267230570316315
0.1526997983455658
0.1527273803949356
0.1527549773454666
0.15278255939483643
0.15281015634536743
0.15283779799938202
0.1528654843568802
0.15289318561553955
0.1529208868741989
0.15294857323169708
0.15297630429267883
0.15300408005714417
0.15303178131580353
0.15305966138839722
0.15308749675750732
0.15311525762081146
0.15314313769340515
0.15317107737064362
0.1531989872455597
0.15322689712047577
0.15325480699539185
0.15328282117843628
0.15331076085567474
0.1533387303352356
0.15336677432060242
0.15339480340480804
0.15342287719249725
0.15345098078250885
0.15347908437252045
0.15350718796253204
0.15353533625602722
0.15356343984603882
0.15359169244766235
0.15361981093883514
0.1536480337381363
0.15367630124092102
0.15370453894138336
0.15373288094997406
0.1537611335515976
0.1537894606590271
0.15381771326065063
0.1538461297750473
0.15387451648712158
0.15390287339687347
0.15393131971359253
0.1539597064256668
0.15398824214935303
0.15401668846607208
0.15404516458511353
0.15407367050647736
0.15410222113132477
0.1541307419538498
0.1541592925786972
0.1541878879070282
0.15421649813652039
0.15424516797065735
0.15427382290363312
0.1543024182319641
0.15433111786842346
0.15435977280139923
0.15438851714134216
0.1544172614812851
0.1544460505247116
0.15447485446929932
0.15450359880924225
0.15453246235847473
0.15456125140190125
0.15459010004997253
0.1546189785003662
0.1546478569507599
0.15467680990695953
0.1547057330608368
0.15473465621471405
0.1547636091709137
0.15479260683059692
0.15482158958911896
0.15485060214996338
0.1548796147108078
0.15490877628326416
0.15493780374526978
0.1549668312072754
0.15499603748321533
0.15502513945102692
0.1550542712211609
0.15508350729942322
0.15511268377304077
0.15514183044433594
0.15517106652259827
0.1552002876996994
0.15522952377796173
0.15525881946086884
0.15528810024261475
0.15531747043132782
0.15534675121307373
0.15537616610527039
0.15540547668933868
0.15543489158153534
0.155464306473732
0.15549375116825104
0.15552321076393127
0.15555264055728912
0.15558208525180817
0.15561161935329437
0.1556410938501358
0.1556706428527832
0.15570014715194702
0.15572969615459442
0.15575924515724182
0.15578891336917877
0.15581855177879333
0.1558481901884079
0.15587788820266724
0.1559074968099594
0.15593719482421875
0.15596692264080048
0.155996635556221
0.15602637827396393
0.15605613589286804
0.15608583390712738
0.15611571073532104
0.15614548325538635
0.15617536008358002
0.1562051922082901
0.15623502433300018
0.15626496076583862
0.1562947928905487
0.15632478892803192
0.15635472536087036
0.15638467669487
0.15641461312770844
0.15644465386867523
0.15647460520267487
0.1565045714378357
0.15653467178344727
0.15656471252441406
0.15659482777118683
0.15662486851215363
0.1566549837589264
0.15668512880802155
0.1567152738571167
0.15674537420272827
0.1567755490541458
0.15680576860904694
0.15683597326278687
0.1568661332130432
0.1568964570760727
0.15692675113677979
0.1569569855928421
0.15698730945587158
0.15701760351657867
0.15704792737960815
0.15707826614379883
0.1571085900068283
0.15713898837566376
0.15716935694217682
0.15719972550868988
0.1572302132844925
0.15726065635681152
0.15729105472564697
0.15732163190841675
0.157352015376091
0.1573825627565384
0.15741318464279175
0.15744365751743317
0.15747424960136414
0.15750476717948914
0.1575353443622589
0.1575659066438675
0.15759655833244324
0.15762723982334137
0.1576579064130783
0.15768855810165405
0.15771926939487457
0.1577499359846115
0.15778066217899323
0.1578114628791809
0.15784218907356262
0.15787285566329956
0.15790370106697083
0.15793447196483612
0.1579652726650238
0.15799614787101746
0.15802700817584991
0.1580578237771988
0.15808872878551483
0.15811964869499207
0.1581505686044693
0.15818145871162415
0.15821240842342377
0.158243328332901
0.15827429294586182
0.15830527245998383
0.15833629667758942
0.1583673655986786
0.15839844942092896
0.15842947363853455
0.15846046805381775
0.1584915816783905
0.15852271020412445
0.1585538685321808
0.15858493745326996
0.1586160659790039
0.15864723920822144
0.15867842733860016
0.15870961546897888
0.15874083340168
0.1587720364332199
0.1588032841682434
0.15883445739746094
0.1588657945394516
0.15889707207679749
0.15892836451530457
0.15895967185497284
0.15899106860160828
0.15902233123779297
0.15905366837978363
0.15908510982990265
0.1591164618730545
0.15914781391620636
0.15917934477329254
0.15921077132225037
0.15924212336540222
0.15927362442016602
0.15930509567260742
0.15933658182621002
0.15936817228794098
0.15939964354038239
0.15943112969398499
0.15946273505687714
0.1594943255186081
0.15952594578266144
0.15955746173858643
0.15958911180496216
0.1596207320690155
0.15965239703655243
0.15968410670757294
0.1597156673669815
0.15974736213684082
0.1597791612148285
0.15981073677539825
0.15984252095222473
0.15987427532672882
0.1599060595035553
0.1599378138780594
0.1599695384502411
0.16000136733055115
0.1600332260131836
0.16006502509117126
0.1600968837738037
0.16012877225875854
0.1601606160402298
0.16019247472286224
0.16022445261478424
0.16025640070438385
0.16028828918933868
0.16032017767429352
0.16035215556621552
0.1603841632604599
0.16041621565818787
0.1604480743408203
0.16048012673854828
0.16051216423511505
0.16054421663284302
0.1605762392282486
0.16060836613178253
0.16064049303531647
0.16067256033420563
0.16070467233657837
0.16073672473430634
0.16076897084712982
0.16080108284950256
0.16083331406116486
0.16086548566818237
0.16089768707752228
0.16092988848686218
0.1609620451927185
0.16099435091018677
0.16102659702301025
0.16105884313583374
0.16109111905097961
0.16112340986728668
0.16115573048591614
0.1611880660057068
0.16122044622898102
0.16125278174877167
0.16128507256507874
0.16131749749183655
0.16134989261627197
0.161382257938385
0.1614147424697876
0.16144715249538422
0.16147957742214203
0.16151203215122223
0.16154448688030243
0.1615770161151886
0.16160951554775238
0.16164198517799377
0.16167451441287994
0.1617070436477661
0.16173963248729706
0.1617722511291504
0.16180478036403656
0.1618373692035675
0.16186997294425964
0.1619025617837906
0.16193519532680511
0.16196787357330322
0.16200052201747894
0.16203320026397705
0.16206589341163635
0.16209857165813446
0.16213130950927734
0.16216400265693665
0.1621967852115631
0.16222946345806122
0.1622622311115265
0.16229499876499176
0.16232779622077942
0.16236068308353424
0.1623934805393219
0.16242629289627075
0.16245906054973602
0.16249202191829681
0.16252489387989044
0.16255781054496765
0.1625906229019165
0.1626235693693161
0.16265638172626495
0.16268935799598694
0.16272228956222534
0.1627553254365921
0.16278821229934692
0.16282126307487488
0.16285425424575806
0.16288724541664124
0.16292031109333038
0.16295331716537476
0.1629863828420639
0.16301937401294708
0.16305245459079742
0.16308557987213135
0.1631186157464981
0.16315177083015442
0.16318488121032715
0.16321806609630585
0.16325117647647858
0.16328439116477966
0.16331754624843597
0.16335077583789825
0.16338391602039337
0.16341719031333923
0.16345040500164032
0.1634836196899414
0.1635168343782425
0.16355010867118835
0.1635833978652954
0.16361667215824127
0.16364996135234833
0.16368326544761658
0.163716658949852
0.16375002264976501
0.1637832671403885
0.1638166755437851
0.16385002434253693
0.16388341784477234
0.16391681134700775
0.16395029425621033
0.16398368775844574
0.16401709616184235
0.16405056416988373
0.16408398747444153
0.16411751508712769
0.16415099799633026
0.16418443620204926
0.1642179787158966
0.16425147652626038
0.16428501904010773
0.16431857645511627
0.1643521785736084
0.16438569128513336
0.16441932320594788
0.1644529104232788
0.16448649764060974
0.16452021896839142
0.1645537167787552
0.16458740830421448
0.164621040225029
0.16465474665164948
0.16468840837478638
0.1647220402956009
0.16475580632686615
0.16478952765464783
0.16482329368591309
0.16485695540905
0.16489073634147644
0.16492454707622528
0.16495832800865173
0.16499212384223938
0.16502588987350464
0.1650596708059311
0.16509349644184113
0.16512736678123474
0.16516122221946716
0.165195032954216
0.1652289777994156
0.16526280343532562
0.165296733379364
0.16533075273036957
0.16536463797092438
0.1653984785079956
0.16543245315551758
0.16546638309955597
0.16550035774707794
0.16553428769111633
0.16556832194328308
0.16560235619544983
0.16563643515110016
0.16567037999629974
0.16570445895195007
0.1657385230064392
0.16577260196208954
0.1658066362142563
0.1658407300710678
0.16587485373020172
0.16590890288352966
0.16594304144382477
0.16597720980644226
0.16601133346557617
0.16604547202587128
0.16607972979545593
0.16611386835575104
0.16614805161952972
0.166182279586792
0.16621647775173187
0.16625069081783295
0.1662849485874176
0.16631919145584106
0.16635343432426453
0.16638776659965515
0.1664220243692398
0.16645631194114685
0.16649062931537628
0.16652493178844452
0.1665593683719635
0.16659365594387054
0.16662801802158356
0.16666245460510254
0.16669678688049316
0.16673113405704498
0.16676558554172516
0.16679997742176056
0.16683438420295715
0.16686882078647614
0.1669033318758011
0.16693773865699768
0.16697226464748383
0.16700682044029236
0.16704122722148895
0.16707581281661987
0.16711023449897766
0.167144775390625
0.16717930138111115
0.16721397638320923
0.16724851727485657
0.1672831028699875
0.1673176884651184
0.16735230386257172
0.16738690435886383
0.16742156445980072
0.16745615005493164
0.16749078035354614
0.16752545535564423
0.1675601303577423
0.1675948202610016
0.16762953996658325
0.16766425967216492
0.1676989644765854
0.16773371398448944
0.1677684634923935
0.16780324280261993
0.167837992310524
0.16787277162075043
0.16790756583213806
0.16794240474700928
0.16797712445259094
0.16801205277442932
0.16804690659046173
0.16808176040649414
0.168116495013237
0.16815143823623657
0.16818632185459137
0.16822122037410736
0.16825619339942932
0.1682911068201065
0.1683259904384613
0.16836094856262207
0.16839590668678284
0.16843077540397644
0.16846583783626556
0.1685008853673935
0.16853584349155426
0.16857083141803741
0.16860584914684296
0.16864104568958282
0.1686759889125824
0.16871097683906555
0.16874617338180542
0.16878120601177216
0.16881629824638367
0.16885147988796234
0.16888655722141266
0.16892169415950775
0.16895683109760284
0.16899192333221436
0.16902709007263184
0.16906236112117767
0.16909751296043396
0.1691327691078186
0.16916795074939728
0.16920313239097595
0.1692383587360382
0.16927368938922882
0.16930896043777466
0.1693442463874817
0.16937947273254395
0.16941478848457336
0.1694500595331192
0.16948546469211578
0.16952075064182281
0.16955608129501343
0.1695915013551712
0.16962683200836182
0.16966219246387482
0.16969765722751617
0.16973304748535156
0.16976843774318695
0.16980388760566711
0.16983935236930847
0.16987469792366028
0.1699102818965912
0.16994568705558777
0.1699812114238739
0.17001664638519287
0.1700521856546402
0.17008772492408752
0.17012330889701843
0.17015884816646576
0.17019438743591309
0.1702299863100052
0.17026548087596893
0.17030112445354462
0.1703367531299591
0.1703723967075348
0.17040793597698212
0.1704435646533966
0.17047931253910065
0.17051497101783752
0.1705506443977356
0.17058636248111725
0.1706220805644989
0.17065776884555817
0.1706935167312622
0.1707291603088379
0.1707650125026703
0.17080079019069672
0.17083655297756195
0.17087239027023315
0.17090806365013123
0.170943945646286
0.17097978293895721
0.17101556062698364
0.17105142772197723
0.17108726501464844
0.17112314701080322
0.1711590439081192
0.17119503021240234
0.17123094201087952
0.1712668538093567
0.17130276560783386
0.17133864760398865
0.17137464880943298
0.1714106947183609
0.17144669592380524
0.1714826226234436
0.17151862382888794
0.17155471444129944
0.17159073054790497
0.17162688076496124
0.17166277766227722
0.17169885337352753
0.17173492908477783
0.17177104949951172
0.17180722951889038
0.17184332013130188
0.17187942564487457
0.17191560566425323
0.17195174098014832
0.17198792099952698
0.17202408611774445
0.1720603108406067
0.17209650576114655
0.17213274538516998
0.17216894030570984
0.17220520973205566
0.1722414642572403
0.1722777932882309
0.17231404781341553
0.17235036194324493
0.17238663136959076
0.17242300510406494
0.17245922982692719
0.17249567806720734
0.1725320667028427
0.17256835103034973
0.1726047247648239
0.17264114320278168
0.17267762124538422
0.1727140098810196
0.17275039851665497
0.17278680205345154
0.17282333970069885
0.1728598177433014
0.17289629578590393
0.17293283343315125
0.17296940088272095
0.1730058491230011
0.173042431473732
0.17307892441749573
0.1731155812740326
0.1731521636247635
0.1731887310743332
0.17322532832622528
0.17326192557811737
0.17329858243465424
0.17333517968654633
0.17337185144424438
0.1734084039926529
0.17344516515731812
0.17348185181617737
0.173518568277359
0.17355532944202423
0.17359207570552826
0.17362885177135468
0.1736655980348587
0.17370225489139557
0.17373906075954437
0.17377586662769318
0.17381274700164795
0.17384952306747437
0.17388638854026794
0.17392322421073914
0.17396007478237152
0.17399701476097107
0.17403386533260345
0.17407073080539703
0.17410770058631897
0.17414462566375732
0.17418161034584045
0.17421852052211761
0.17425550520420074
0.1742924600839615
0.1743294894695282
0.17436648905277252
0.17440351843833923
0.17444054782390594
0.17447763681411743
0.17451471090316772
0.17455178499221802
0.17458882927894592
0.1746259480714798
0.17466309666633606
0.17470021545886993
0.17473730444908142
0.17477449774742126
0.1748117208480835
0.17484885454177856
0.17488612234592438
0.17492327094078064
0.17496047914028168
0.1749977022409439
0.1750350445508957
0.17507222294807434
0.17510956525802612
0.1751469075679779
0.1751842200756073
0.17522147297859192
0.17525874078273773
0.17529618740081787
0.17533349990844727
0.17537088692188263
0.17540831863880157
0.17544572055339813
0.17548313736915588
0.17552058398723602
0.17555800080299377
0.17559541761875153
0.17563295364379883
0.17567040026187897
0.17570792138576508
0.1757453829050064
0.1757829487323761
0.1758205145597458
0.17585809528827667
0.17589567601680756
0.17593318223953247
0.17597074806690216
0.17600832879543304
0.17604602873325348
0.17608371376991272
0.17612136900424957
0.17615900933742523
0.1761966496706009
0.1762343943119049
0.1762721836566925
0.17630989849567413
0.17634759843349457
0.17638534307479858
0.176423117518425
0.1764608472585678
0.17649874091148376
0.1765364706516266
0.17657431960105896
0.17661219835281372
0.17664994299411774
0.17668788135051727
0.17672574520111084
0.1767636239528656
0.17680156230926514
0.17683947086334229
0.17687739431858063
0.17691539227962494
0.17695333063602448
0.17699138820171356
0.17702935636043549
0.17706730961799622
0.1771053671836853
0.17714333534240723
0.17718146741390228
0.1772194653749466
0.17725762724876404
0.1772957295179367
0.1773337721824646
0.17737194895744324
0.1774100661277771
0.17744819819927216
0.1774863600730896
0.1775246262550354
0.17756274342536926
0.17760102450847626
0.17763927578926086
0.1776774376630783
0.1777157187461853
0.1777540147304535
0.17779229581356049
0.1778305470943451
0.17786890268325806
0.17790719866752625
0.1779455989599228
0.17798390984535217
0.17802226543426514
0.17806072533130646
0.1780991107225418
0.17813758552074432
0.17817597091197968
0.17821437120437622
0.17825284600257874
0.17829133570194244
0.17832985520362854
0.17836835980415344
0.17840689420700073
0.17844538390636444
0.17848391830921173
0.17852254211902618
0.17856109142303467
0.17859970033168793
0.1786383092403412
0.17867691814899445
0.1787155419588089
0.17875424027442932
0.17879290878772736
0.1788315623998642
0.1788702756166458
0.17890900373458862
0.17894768714904785
0.1789865642786026
0.17902523279190063
0.17906402051448822
0.17910277843475342
0.17914165556430817
0.17918038368225098
0.17921923100948334
0.17925812304019928
0.17929697036743164
0.1793358325958252
0.17937476933002472
0.17941369116306305
0.17945259809494019
0.17949160933494568
0.17953048646450043
0.17956951260566711
0.17960844933986664
0.17964744567871094
0.17968639731407166
0.1797255128622055
0.17976456880569458
0.17980360984802246
0.1798427551984787
0.179881751537323
0.17992092669010162
0.17996001243591309
0.17999909818172455
0.18003825843334198
0.180077463388443
0.1801166832447052
0.18015581369400024
0.18019507825374603
0.18023431301116943
0.18027357757091522
0.18031275272369385
0.18035204708576202
0.18039138615131378
0.18043068051338196
0.18047000467777252
0.18050938844680786
0.18054871261119843
0.180588036775589
0.18062739074230194
0.18066683411598206
0.1807062327861786
0.18074561655521393
0.18078504502773285
0.18082450330257416
0.18086406588554382
0.18090352416038513
0.18094304203987122
0.1809825599193573
0.18102209270000458
0.18106165528297424
0.18110118806362152
0.18114084005355835
0.1811804324388504
0.18122002482414246
0.1812596470117569
0.18129923939704895
0.18133895099163055
0.181378573179245
0.181418314576149
0.181457981467247
0.1814976930618286
0.1815374195575714
0.1815771907567978
0.1816169172525406
0.18165676295757294
0.1816965788602829
0.18173633515834808
0.18177616596221924
0.18181605637073517
0.18185587227344513
0.18189580738544464
0.18193571269512177
0.1819755584001541
0.18201546370983124
0.18205545842647552
0.1820954978466034
0.18213534355163574
0.18217529356479645
0.18221530318260193
0.18225528299808502
0.18229536712169647
0.18233543634414673
0.1823754906654358
0.18241560459136963
0.18245568871498108
0.18249574303627014
0.18253585696220398
0.1825760453939438
0.1826161891222
0.18265633285045624
0.18269649147987366
0.18273663520812988
0.1827770173549652
0.18281716108322144
0.1828574538230896
0.1828976273536682
0.18293799459934235
0.18297816812992096
0.18301856517791748
0.1830589324235916
0.18309921026229858
0.18313957750797272
0.18317992985248566
0.18322032690048218
0.1832607388496399
0.18330112099647522
0.18334154784679413
0.18338200449943542
0.18342243134975433
0.18346291780471802
0.18350349366664886
0.18354395031929016
0.18358449637889862
0.18362493813037872
0.18366558849811554
0.1837061047554016
0.18374674022197723
0.1837872713804245
0.1838279515504837
0.18386860191822052
0.18390919268131256
0.18394987285137177
0.18399062752723694
0.18403129279613495
0.18407200276851654
0.18411269783973694
0.18415340781211853
0.18419423699378967
0.18423496186733246
0.18427573144435883
0.18431659042835236
0.18435734510421753
0.18439824879169464
0.184439018368721
0.18447987735271454
0.18452084064483643
0.184561625123024
0.1846025586128235
0.18464349210262299
0.18468442559242249
0.18472540378570557
0.18476641178131104
0.18480731546878815
0.18484832346439362
0.18488939106464386
0.18493038415908813
0.18497152626514435
0.18501251935958862
0.18505363166332245
0.1850946843624115
0.18513576686382294
0.18517687916755676
0.18521803617477417
0.185259148478508
0.18530036509037018
0.18534158170223236
0.18538272380828857
0.18542392551898956
0.1854652315378189
0.1855064183473587
0.18554769456386566
0.18558892607688904
0.18563023209571838
0.18567152321338654
0.18571287393569946
0.18575426936149597
0.1857956051826477
0.18583685159683228
0.1858782321214676
0.1859196424484253
0.18596115708351135
0.18600252270698547
0.18604394793510437
0.18608544766902924
0.18612690269947052
0.18616832792758942
0.18620990216732025
0.1862514317035675
0.1862928867340088
0.18633440136909485
0.18637597560882568
0.18641744554042816
0.18645921349525452
0.186500683426857
0.1865423172712326
0.18658404052257538
0.1866256445646286
0.1866673082113266
0.18670900166034698
0.18675072491168976
0.18679237365722656
0.18683409690856934
0.1868758201599121
0.18691763281822205
0.1869593858718872
0.18700118362903595
0.1870429813861847
0.18708476424217224
0.18712663650512695
0.1871684044599533
0.1872103214263916
0.18725217878818512
0.18729405105113983
0.18733589351177216
0.18737787008285522
0.18741974234580994
0.1874617338180542
0.18750375509262085
0.18754561245441437
0.18758761882781982
0.18762964010238647
0.18767167627811432
0.18771372735500336
0.1877557933330536
0.18779778480529785
0.18783991038799286
0.18788191676139832
0.1879240870475769
0.18796619772911072
0.18800830841064453
0.18805040419101715
0.18809255957603455
0.18813470005989075
0.1881769448518753
0.18821920454502106
0.18826135993003845
0.18830367922782898
0.18834590911865234
0.18838806450366974
0.18843038380146027
0.18847274780273438
0.18851500749588013
0.18855731189250946
0.18859972059726715
0.1886419653892517
0.18868426978588104
0.1887267827987671
0.18876913189888
0.1888115257024765
0.18885396420955658
0.1888963133096695
0.18893881142139435
0.18898124992847443
0.18902373313903809
0.18906623125076294
0.18910875916481018
0.18915125727653503
0.1891937255859375
0.18923626840114594
0.18927881121635437
0.1893213987350464
0.18936404585838318
0.18940667808055878
0.1894492506980896
0.18949183821678162
0.18953455984592438
0.189577117562294
0.18961985409259796
0.18966250121593475
0.18970517814159393
0.1897478848695755
0.18979063630104065
0.18983341753482819
0.18987616896629333
0.1899188756942749
0.18996171653270721
0.19000454246997833
0.1900472640991211
0.19009001553058624
0.19013282656669617
0.19017568230628967
0.19021856784820557
0.19026151299476624
0.19030436873435974
0.19034725427627563
0.19039013981819153
0.19043311476707458
0.19047600030899048
0.19051897525787354
0.1905619502067566
0.19060495495796204
0.1906479299068451
0.19069096446037292
0.19073399901390076
0.1907770186662674
0.19082005321979523
0.19086316227912903
0.19090625643730164
0.1909492313861847
0.19099244475364685
0.19103550910949707
0.19107872247695923
0.19112169742584229
0.19116495549678802
0.1912080943584442
0.1912512630224228
0.19129449129104614
0.1913377195596695
0.19138085842132568
0.19142410159111023
0.19146738946437836
0.19151069223880768
0.19155392050743103
0.19159717857837677
0.19164049625396729
0.19168385863304138
0.1917271614074707
0.19177041947841644
0.19181382656097412
0.1918572634458542
0.19190055131912231
0.1919439136981964
0.19198735058307648
0.19203075766563416
0.1920742243528366
0.1921176016330719
0.19216109812259674
0.192204549908638
0.19224801659584045
0.19229145348072052
0.1923350989818573
0.19237856566905975
0.19242212176322937
0.19246555864810944
0.19250912964344025
0.19255279004573822
0.1925964057445526
0.19263987243175507
0.1926836371421814
0.19272717833518982
0.19277076423168182
0.19281445443630219
0.19285808503627777
0.19290171563625336
0.1929454654455185
0.19298918545246124
0.19303283095359802
0.19307656586170197
0.19312027096748352
0.19316405057907104
0.1932077705860138
0.19325155019760132
0.1932954043149948
0.19333916902542114
0.19338297843933105
0.19342681765556335
0.1934705674648285
0.1935144066810608
0.19355827569961548
0.19360221922397614
0.1936461329460144
0.1936899870634079
0.19373385608196259
0.19377779960632324
0.1938217282295227
0.19386565685272217
0.1939096301794052
0.19395361840724945
0.1939975619316101
0.19404150545597076
0.1940855234861374
0.19412963092327118
0.1941736340522766
0.19421769678592682
0.19426171481609344
0.19430576264858246
0.19434988498687744
0.19439400732517242
0.19443805515766144
0.1944822371006012
0.19452625513076782
0.194570392370224
0.19461455941200256
0.1946587860584259
0.1947028785943985
0.19474714994430542
0.19479134678840637
0.19483554363250732
0.19487972557544708
0.19492408633232117
0.19496828317642212
0.19501249492168427
0.1950567066669464
0.19510102272033691
0.19514529407024384
0.1951896846294403
0.19523395597934723
0.1952783316373825
0.1953226774930954
0.1953670233488083
0.19541139900684357
0.19545577466487885
0.1955002099275589
0.19554457068443298
0.19558900594711304
0.1956334263086319
0.1956777721643448
0.19572235643863678
0.19576671719551086
0.19581127166748047
0.1958557665348053
0.19590020179748535
0.19594477117061615
0.19598929584026337
0.1960337609052658
0.1960783302783966
0.1961228996515274
0.1961674839258194
0.196212038397789
0.19625668227672577
0.19630129635334015
0.19634588062763214
0.19639047980308533
0.19643506407737732
0.19647979736328125
0.19652442634105682
0.19656910002231598
0.19661381840705872
0.19665849208831787
0.1967032551765442
0.19674789905548096
0.19679269194602966
0.19683736562728882
0.19688217341899872
0.19692692160606384
0.1969718188047409
0.19701656699180603
0.19706138968467712
0.19710613787174225
0.19715097546577454
0.1971958577632904
0.1972406655550003
0.1972854882478714
0.19733044505119324
0.19737529754638672
0.19742020964622498
0.1974652111530304
0.1975100189447403
0.19755496084690094
0.19759999215602875
0.19764496386051178
0.19768983125686646
0.19773487746715546
0.19777977466583252
0.19782476127147675
0.1978699117898941
0.19791486859321594
0.19795991480350494
0.19800503551959991
0.1980501264333725
0.19809509813785553
0.1981402486562729
0.19818538427352905
0.19823050498962402
0.1982755959033966
0.19832071661949158
0.19836591184139252
0.19841109216213226
0.19845619797706604
0.19850140810012817
0.19854654371738434
0.19859181344509125
0.19863702356815338
0.19868232309818268
0.1987275779247284
0.19877275824546814
0.19881798326969147
0.19886334240436554
0.1989085078239441
0.19895397126674652
0.19899927079677582
0.19904449582099915
0.1990898847579956
0.19913524389266968
0.19918058812618256
0.19922608137130737
0.19927138090133667
0.19931675493717194
0.19936221837997437
0.19940759241580963
0.19945301115512848
0.19949859380722046
0.19954398274421692
0.19958941638469696
0.19963490962982178
0.1996804028749466
0.19972582161426544
0.19977150857448578
0.1998169720172882
0.199862539768219
0.1999080926179886
0.19995367527008057
0.19999922811985016
0.2000449150800705
0.2000904679298401
0.20013611018657684
0.20018179714679718
0.20022733509540558
0.20027299225330353
0.20031866431236267
0.2003643661737442
0.20041011273860931
0.20045578479766846
0.2005014568567276
0.20054717361927032
0.20059294998645782
0.20063871145248413
0.20068450272083282
0.20073024928569794
0.20077601075172424
0.2008219063282013
0.20086775720119476
0.20091357827186584
0.20095938444137573
0.20100516080856323
0.2010510265827179
0.20109699666500092
0.20114284753799438
0.2011888027191162
0.20123469829559326
0.2012806534767151
0.20132657885551453
0.20137250423431396
0.20141859352588654
0.2014644742012024
0.20151059329509735
0.20155653357505798
0.20160257816314697
0.20164860785007477
0.20169469714164734
0.20174072682857513
0.20178674161434174
0.20183290541172028
0.20187896490097046
0.2019251585006714
0.20197129249572754
0.20201736688613892
0.2020634561777115
0.202109694480896
0.20215587317943573
0.20220203697681427
0.20224829018115997
0.20229455828666687
0.2023407369852066
0.2023869901895523
0.20243318378925323
0.20247958600521088
0.20252585411071777
0.20257213711738586
0.20261842012405396
0.20266477763652802
0.2027111053466797
0.20275746285915375
0.20280387997627258
0.20285028219223022
0.20289669930934906
0.2029430866241455
0.20298951864242554
0.20303604006767273
0.20308247208595276
0.203128844499588
0.2031753659248352
0.2032218873500824
0.20326834917068481
0.20331481099128723
0.203361377120018
0.20340797305107117
0.20345450937747955
0.2035011500120163
0.20354780554771423
0.2035943567752838
0.20364098250865936
0.2036876380443573
0.20373432338237762
0.20378102362155914
0.2038276195526123
0.2038743793964386
0.20392107963562012
0.20396780967712402
0.2040145844221115
0.20406131446361542
0.20410802960395813
0.20415493845939636
0.20420168340206146
0.20424848794937134
0.204295352101326
0.20434224605560303
0.20438900589942932
0.20443585515022278
0.20448283851146698
0.2045297473669052
0.20457665622234344
0.20462355017662048
0.2046705186367035
0.20471756160259247
0.20476460456848145
0.20481155812740326
0.20485858619213104
0.20490558445453644
0.20495258271694183
0.2049996256828308
0.20504668354988098
0.20509390532970428
0.20514096319675446
0.20518805086612701
0.20523524284362793
0.20528244972229004
0.20532973110675812
0.20537684857845306
0.20542405545711517
0.2054712474346161
0.2055184543132782
0.2055656462907791
0.20561303198337555
0.2056603878736496
0.20570766925811768
0.20575487613677979
0.2058023065328598
0.205849751830101
0.20589707791805267
0.2059445083141327
0.2059919387102127
0.20603932440280914
0.20608678460121155
0.20613421499729156
0.20618167519569397
0.20622918009757996
0.20627672970294952
0.20632418990135193
0.20637179911136627
0.20641940832138062
0.20646697282791138
0.2065146118402481
0.20656214654445648
0.20660977065563202
0.20665742456912994
0.20670510828495026
0.2067527323961258
0.20680052042007446
0.20684823393821716
0.20689590275287628
0.20694367587566376
0.2069915235042572
0.20703935623168945
0.20708723366260529
0.20713496208190918
0.20718280971050262
0.2072305977344513
0.20727860927581787
0.2073265165090561
0.2073744684457779
0.20742231607437134
0.20747022330760956
0.20751827955245972
0.20756636559963226
0.20761428773403168
0.20766226947307587
0.2077104151248932
0.20775845646858215
0.20780663192272186
0.20785480737686157
0.20790284872055054
0.20795103907585144
0.20799927413463593
0.20804740488529205
0.20809559524059296
0.2081439048051834
0.2081921547651291
0.2082403302192688
0.20828868448734283
0.20833703875541687
0.20838528871536255
0.20843367278575897
0.2084820717573166
0.2085305154323578
0.20857888460159302
0.2086273431777954
0.20867575705051422
0.20872431993484497
0.2087727189064026
0.20882132649421692
0.2088697999715805
0.20891842246055603
0.20896700024604797
0.2090156078338623
0.20906417071819305
0.20911291241645813
0.20916147530078888
0.20921024680137634
0.20925894379615784
0.2093077301979065
0.20935645699501038
0.2094050794839859
0.2094540297985077
0.20950272679328918
0.2095515877008438
0.20960059762001038
0.20964941382408142
0.2096983790397644
0.20974713563919067
0.20979617536067963
0.20984511077404022
0.20989422500133514
0.20994316041469574
0.2099922150373459
0.21004126965999603
0.21009036898612976
0.21013949811458588
0.21018868684768677
0.21023784577846527
0.2102869600057602
0.21033623814582825
0.21038544178009033
0.2104346603155136
0.21048402786254883
0.2105332612991333
0.2105826586484909
0.21063196659088135
0.21068128943443298
0.210730642080307
0.21078020334243774
0.21082958579063416
0.21087902784347534
0.21092846989631653
0.21097807586193085
0.21102744340896606
0.2110772430896759
0.21112680435180664
0.21117638051509857
0.2112259566783905
0.21127566695213318
0.2113252580165863
0.21137511730194092
0.2114248126745224
0.2114744931459427
0.2115243524312973
0.21157416701316833
0.21162399649620056
0.21167387068271637
0.21172387897968292
0.21177372336387634
0.21182367205619812
0.21187353134155273
0.21192361414432526
0.2119736522436142
0.21202370524406433
0.21207371354103088
0.21212388575077057
0.21217398345470428
0.2122240513563156
0.21227429807186127
0.21232454478740692
0.21237485110759735
0.21242503821849823
0.21247529983520508
0.2125256359577179
0.2125760018825531
0.21262644231319427
0.2126767933368683
0.21272721886634827
0.21277767419815063
0.21282808482646942
0.2128787338733673
0.21292926371097565
0.21297970414161682
0.2130303829908371
0.21308095753192902
0.21313157677650452
0.21318231523036957
0.21323303878307343
0.21328383684158325
0.2133345603942871
0.21338531374931335
0.213436096906662
0.21348704397678375
0.21353791654109955
0.21358869969844818
0.21363969147205353
0.21369069814682007
0.21374168992042542
0.21379277110099792
0.21384377777576447
0.21389496326446533
0.21394599974155426
0.21399711072444916
0.21404822170734406
0.21409960091114044
0.2141508162021637
0.21420206129550934
0.21425335109233856
0.21430473029613495
0.21435607969760895
0.21440747380256653
0.2144588679075241
0.21451027691364288
0.21456192433834076
0.21461328864097595
0.21466490626335144
0.21471653878688812
0.21476805210113525
0.21481969952583313
0.21487140655517578
0.21492314338684082
0.21497482061386108
0.21502670645713806
0.21507838368415833
0.21513023972511292
0.2151821106672287
0.21523402631282806
0.21528594195842743
0.21533803641796112
0.21538998186588287
0.2154419869184494
0.2154940515756607
0.215546116232872
0.2155982404947281
0.21565045416355133
0.21570265293121338
0.21575483679771423
0.21580711007118225
0.21585944294929504
0.2159116566181183
0.21596413850784302
0.21601645648479462
0.21606887876987457
0.21612145006656647
0.21617391705513
0.2162265032529831
0.2162790596485138
0.21633169054985046
0.21638430655002594
0.2164369523525238
0.21648962795734406
0.21654242277145386
0.21659524738788605
0.2166481465101242
0.21670088171958923
0.21675381064414978
0.21680676937103271
0.2168596088886261
0.21691276133060455
0.2169657051563263
0.21701879799365997
0.21707181632518768
0.21712496876716614
0.2171781212091446
0.2172314077615738
0.2172846645116806
0.21733790636062622
0.217391237616539
0.21744459867477417
0.21749795973300934
0.2175515592098236
0.21760490536689758
0.21765843033790588
0.2177119255065918
0.21776551008224487
0.21781906485557556
0.2178727686405182
0.21792645752429962
0.21798020601272583
0.21803396940231323
0.21808774769306183
0.21814164519309998
0.2181956171989441
0.21824945509433746
0.218303382396698
0.2183574140071869
0.2184114307165146
0.2184654027223587
0.21851970255374908
0.21857383847236633
0.21862804889678955
0.21868222951889038
0.21873638033866882
0.21879072487354279
0.2188451886177063
0.21889963746070862
0.218953937292099
0.2190084010362625
0.21906296908855438
0.21911738812923431
0.21917207539081573
0.21922677755355835
0.21928130090236664
0.21933603286743164
0.21939091384410858
0.2194455862045288
0.21950054168701172
0.21955536305904388
0.21961024403572083
0.21966521441936493
0.21972021460533142
0.21977515518665314
0.21983030438423157
0.21988545358181
0.2199406772851944
0.21999578177928925
0.22005107998847961
0.2201063632965088
0.22016173601150513
0.2202170044183731
0.2202724665403366
0.22032789885997772
0.22038346529006958
0.22043892741203308
0.22049450874328613
0.22055022418498993
0.22060589492321014
0.22066150605678558
0.2207171767950058
0.22077319025993347
0.22082895040512085
0.22088485956192017
0.2209407240152359
0.22099669277668
0.2210526466369629
0.22110876441001892
0.22116485238075256
0.22122104465961456
0.2212771773338318
0.22133342921733856
0.2213897556066513
0.22144608199596405
0.22150243818759918
0.2215588390827179
0.22161522507667542
0.22167177498340607
0.22172828018665314
0.22178488969802856
0.22184157371520996
0.22189828753471375
0.22195486724376678
0.22201161086559296
0.22206854820251465
0.22212530672550201
0.22218234837055206
0.22223922610282898
0.22229619324207306
0.2223532348871231
0.22241035103797913
0.22246746718883514
0.22252465784549713
0.2225819081068039
0.2226390540599823
0.2226964384317398
0.222753643989563
0.2228112518787384
0.2228686511516571
0.22292619943618774
0.2229837030172348
0.2230413258075714
0.22309890389442444
0.2231566309928894
0.22321434319019318
0.2232721447944641
0.22333002090454102
0.22338782250881195
0.22344574332237244
0.22350379824638367
0.22356171905994415
0.22361983358860016
0.22367791831493378
0.22373610734939575
0.22379431128501892
0.22385257482528687
0.22391079366207123
0.2239692658185959
0.22402749955654144
0.22408607602119446
0.22414450347423553
0.22420315444469452
0.22426171600818634
0.22432038187980652
0.2243790328502655
0.22443772852420807
0.2244965136051178
0.22455544769763947
0.22461438179016113
0.22467324137687683
0.2247321754693985
0.2247912734746933
0.2248503714799881
0.2249094843864441
0.22496861219406128
0.2250279188156128
0.22508718073368073
0.22514648735523224
0.2252058982849121
0.22526535391807556
0.2253248691558838
0.22538429498672485
0.22544389963150024
0.2255035936832428
0.22556321322917938
0.2256230264902115
0.22568276524543762
0.22574254870414734
0.22580252587795258
0.22586239874362946
0.2259223610162735
0.2259824424982071
0.22604258358478546
0.22610262036323547
0.22616280615329742
0.22622305154800415
0.22628328204154968
0.22634370625019073
0.2264041155576706
0.22646449506282806
0.22652500867843628
0.22658556699752808
0.22664612531661987
0.22670689225196838
0.22676758468151093
0.22682832181453705
0.22688910365104675
0.22694991528987885
0.22701072692871094
0.2270718663930893
0.22713284194469452
0.2271938920021057
0.22725501656532288
0.22731617093086243
0.2273772954940796
0.22743871808052063
0.22749996185302734
0.227561354637146
0.22762282192707062
0.22768422961235046
0.22774572670459747
0.2278074026107788
0.2278689295053482
0.22793075442314148
0.22799238562583923
0.22805418074131012
0.22811603546142578
0.22817789018154144
0.2282399833202362
0.2283019721508026
0.2283640205860138
0.22842614352703094
0.22848829627037048
0.22855053842067719
0.2286127656698227
0.22867512702941895
0.22873751819133759
0.22879986464977264
0.22886233031749725
0.2289249449968338
0.22898757457733154
0.22905021905899048
0.229112908244133
0.22917556762695312
0.22923851013183594
0.22930127382278442
0.229364275932312
0.22942715883255005
0.22949013113975525
0.22955317795276642
0.22961637377738953
0.22967961430549622
0.2297428846359253
0.2298061102628708
0.22986935079097748
0.22993284463882446
0.22999627888202667
0.23005983233451843
0.2301233857870102
0.23018699884414673
0.23025061190128326
0.23031428456306458
0.23037801682949066
0.23044201731681824
0.23050592839717865
0.2305697798728943
0.23063379526138306
0.23069779574871063
0.23076188564300537
0.23082610964775085
0.23089031875133514
0.23095455765724182
0.23101885616779327
0.23108316957950592
0.23114760220050812
0.23121221363544464
0.2312767505645752
0.23134127259254456
0.23140586912631989
0.23147059977054596
0.23153528571128845
0.23160013556480408
0.23166503012180328
0.2317299097776413
0.23179495334625244
0.23185980319976807
0.23192493617534637
0.23199018836021423
0.23205530643463135
0.23212049901485443
0.23218593001365662
0.23225124180316925
0.2323165088891983
0.232382133603096
0.23244763910770416
0.2325131893157959
0.2325787991285324
0.23264440894126892
0.23271022737026215
0.2327760010957718
0.2328418642282486
0.23290766775608063
0.2329736053943634
0.23303963243961334
0.23310576379299164
0.23317191004753113
0.23323804140090942
0.23330426216125488
0.23337048292160034
0.23343689739704132
0.23350325226783752
0.23356983065605164
0.23363618552684784
0.23370274901390076
0.23376938700675964
0.23383601009845734
0.2339027225971222
0.2339695394039154
0.23403646051883698
0.23410314321517944
0.23417013883590698
0.23423711955547333
0.23430414497852325
0.23437121510505676
0.23443838953971863
0.23450563848018646
0.23457279801368713
0.23464013636112213
0.2347075343132019
0.23477497696876526
0.2348424345254898
0.23490998148918152
0.23497749865055084
0.2350451499223709
0.2351127713918686
0.2351805716753006
0.23524834215641022
0.23531624674797058
0.23538413643836975
0.23545213043689728
0.23552004992961884
0.23558828234672546
0.2356562465429306
0.23572438955307007
0.23579271137714386
0.2358608841896057
0.23592925071716309
0.23599769175052643
0.23606622219085693
0.23613466322422028
0.2362031787633896
0.23627176880836487
0.2363404482603073
0.2364092320203781
0.23647792637348175
0.23654663562774658
0.23661549389362335
0.23668447136878967
0.23675337433815002
0.2368224710226059
0.23689164221286774
0.23696066439151764
0.2370298206806183
0.23709911108016968
0.23716837167739868
0.23723767697811127
0.23730705678462982
0.23737645149230957
0.23744596540927887
0.23751552402973175
0.2375851571559906
0.23765474557876587
0.23772448301315308
0.23779423534870148
0.23786409199237823
0.2379339337348938
0.23800374567508698
0.23807379603385925
0.23814386129379272
0.23821380734443665
0.23828399181365967
0.23835408687591553
0.23842433094978333
0.23849453032016754
0.2385648936033249
0.2386353313922882
0.23870575428009033
0.23877619206905365
0.23884667456150055
0.2389172613620758
0.23898793756961823
0.23905858397483826
0.23912930488586426
0.23920008540153503
0.2392708957195282
0.23934178054332733
0.23941269516944885
0.23948359489440918
0.23955461382865906
0.2396257370710373
0.23969683051109314
0.2397681176662445
0.2398393303155899
0.2399105429649353
0.23998191952705383
0.24005325138568878
0.24012459814548492
0.2401960790157318
0.24026766419410706
0.24033918976783752
0.24041089415550232
0.2404824048280716
0.24055415391921997
0.24062605202198029
0.24069783091545105
0.240769624710083
0.24084149301052094
0.24091342091560364
0.2409854382276535
0.24105757474899292
0.24112959206104279
0.2412017434835434
0.24127399921417236
0.24134612083435059
0.24141842126846313
0.24149085581302643
0.24156317114830017
0.2416355311870575
0.24170801043510437
0.24178050458431244
0.24185320734977722
0.2419257014989853
0.24199837446212769
0.2420710176229477
0.24214377999305725
0.2422165721654892
0.24228931963443756
0.24236233532428741
0.2424352616071701
0.242508202791214
0.24258123338222504
0.24265417456626892
0.2427273690700531
0.2428005039691925
0.24287369847297668
0.24294699728488922
0.243020161986351
0.24309365451335907
0.24316681921482086
0.2432403266429901
0.24331381916999817
0.24338726699352264
0.24346084892749786
0.24353432655334473
0.2436080276966095
0.2436816692352295
0.24375542998313904
0.243829146027565
0.2439029961824417
0.2439766675233841
0.2440507560968399
0.24412457644939423
0.24419854581356049
0.24427253007888794
0.2443465292453766
0.24442058801651
0.24449479579925537
0.24456901848316193
0.24464324116706848
0.24471747875213623
0.24479161202907562
0.2448660135269165
0.24494044482707977
0.24501484632492065
0.24508929252624512
0.2451636642217636
0.24523819983005524
0.24531272053718567
0.245387464761734
0.245462104678154
0.2455366998910904
0.24561138451099396
0.24568620324134827
0.2457609921693802
0.24583590030670166
0.24591070413589478
0.24598565697669983
0.24606043100357056
0.24613550305366516
0.2462104707956314
0.24628561735153198
0.24636070430278778
0.24643585085868835
0.24651095271110535
0.2465861439704895
0.24666142463684082
0.2467367798089981
0.24681201577186584
0.24688731133937836
0.24696272611618042
0.24703800678253174
0.24711346626281738
0.24718913435935974
0.2472645491361618
0.247340127825737
0.2474156767129898
0.2474912405014038
0.2475668489933014
0.24764259159564972
0.2477182298898697
0.247794046998024
0.24786968529224396
0.24794557690620422
0.2480214536190033
0.24809731543064117
0.24817325174808502
0.24824921786785126
0.24832509458065033
0.24840109050273895
0.2484770566225052
0.24855320155620575
0.24862930178642273
0.24870538711547852
0.2487814873456955
0.2488577514886856
0.24893388152122498
0.24901016056537628
0.2490864098072052
0.24916274845600128
0.2492390125989914
0.24931541085243225
0.24939170479774475
0.24946825206279755
0.24954472482204437
0.24962100386619568
0.2496975064277649
0.2497739940881729
0.24985060095787048
0.24992717802524567
0.25000378489494324
0.2500804364681244
0.2501569986343384
0.25023359060287476
0.25031039118766785
0.25038713216781616
0.2504638433456421
0.2505406141281128
0.2506173253059387
0.2506941258907318
0.25077107548713684
0.2508479356765747
0.25092482566833496
0.2510017454624176
0.25107860565185547
0.25115564465522766
0.2512326240539551
0.25130966305732727
0.2513866126537323
0.25146371126174927
0.2515406906604767
0.2516176998615265
0.25169485807418823
0.25177204608917236
0.2518492639064789
0.2519263029098511
0.2520035207271576
0.25208061933517456
0.25215789675712585
0.2522352933883667
0.2523125410079956
0.2523897588253021
0.2524670362472534
0.2525443732738495
0.25262168049812317
0.252699077129364
0.2527764141559601
0.2528539001941681
0.25293126702308655
0.25300857424736023
0.2530859708786011
0.2531636357307434
0.25324106216430664
0.2533184885978699
0.25339600443840027
0.2534734010696411
0.25355103611946106
0.25362861156463623
0.2537062466144562
0.2537837326526642
0.25386127829551697
0.25393885374069214
0.2540164887905121
0.25409409403800964
0.254171758890152
0.2542494237422943
0.25432705879211426
0.2544046938419342
0.25448235869407654
0.25456008315086365
0.25463780760765076
0.25471553206443787
0.2547931969165802
0.2548708915710449
0.25494861602783203
0.2550264894962311
0.2551042437553406
0.25518205761909485
0.25525978207588196
0.25533753633499146
0.2554153501987457
0.2554931342601776
0.25557100772857666
0.2556488513946533
0.2557266056537628
0.2558043897151947
0.25588223338127136
0.2559601664543152
0.25603795051574707
0.2561158537864685
0.2561936676502228
0.25627151131629944
0.2563493847846985
0.2564273178577423
0.25650522112846375
0.256583034992218
0.25666090846061707
0.2567388415336609
0.25681668519973755
0.256894588470459
0.25697261095046997
0.25705045461654663
0.2571282982826233
0.2572062313556671
0.257284015417099
0.25736203789711
0.25743988156318665
0.25751781463623047
0.2575957775115967
0.2576736807823181
0.2577514350414276
0.25782954692840576
0.25790730118751526
0.2579852044582367
0.25806310772895813
0.2581409811973572
0.258218914270401
0.2582969069480896
0.2583746612071991
0.2584525942802429
0.25853049755096436
0.25860831141471863
0.2586861252784729
0.2587641179561615
0.25884193181991577
0.25891977548599243
0.2589975893497467
0.25907546281814575
0.2591532766819
0.25923120975494385
0.25930896401405334
0.2593868672847748
0.2594645619392395
0.25954246520996094
0.25962013006210327
0.2596980333328247
0.2597758173942566
0.2598535120487213
0.2599312663078308
0.2600090503692627
0.2600867450237274
0.2601645290851593
0.2602423131465912
0.26031988859176636
0.26039761304855347
0.2604753375053406
0.2605530321598053
0.2606307566165924
0.26070839166641235
0.26078593730926514
0.26086366176605225
0.2609413266181946
0.2610188126564026
0.2610965371131897
0.2611740827560425
0.2612515687942505
0.2613290846347809
0.26140668988227844
0.2614841163158417
0.2615617513656616
0.2616391181945801
0.2617166340351105
0.2617940902709961
0.26187148690223694
0.2619488835334778
0.26202642917633057
0.262103796005249
0.2621811330318451
0.2622584104537964
0.26233580708503723
0.2624130845069885
0.262490451335907
0.26256775856018066
0.26264503598213196
0.2627222537994385
0.26279938220977783
0.2628766894340515
0.26295387744903564
0.2630310654640198
0.26310810446739197
0.2631852626800537
0.2632623314857483
0.2633393704891205
0.26341643929481506
0.2634933888912201
0.26357048749923706
0.2636474072933197
0.26372426748275757
0.2638011574745178
0.26387831568717957
0.2639550566673279
0.26403191685676575
0.26410868763923645
0.2641855478286743
0.26426222920417786
0.2643391191959381
0.26441583037376404
0.2644925117492676
0.26456916332244873
0.2646458148956299
0.26472237706184387
0.2647991478443146
0.2648755609989166
0.2649520933628082
0.26502853631973267
0.26510509848594666
0.2651814818382263
0.26525789499282837
0.2653343379497528
0.2654106616973877
0.2654869258403778
0.26556336879730225
0.2656394839286804
0.2657157778739929
0.26579201221466064
0.265868216753006
0.2659442126750946
0.2660202383995056
0.26609623432159424
0.26617252826690674
0.2662483751773834
0.26632440090179443
0.2664002478122711
0.2664761543273926
0.2665519714355469
0.2666279375553131
0.266703724861145
0.26677948236465454
0.26685503125190735
0.26693081855773926
0.2670064866542816
0.267082154750824
0.267157644033432
0.26723313331604004
0.2673087418079376
0.2673841714859009
0.26745954155921936
0.26753494143486023
0.26761043071746826
0.26768559217453003
