0.509341835975647
0.5093300342559814
0.5093184113502502
0.5093068480491638
0.5092951059341431
0.5092837810516357
0.5092720985412598
0.5092604160308838
0.5092491507530212
0.5092376470565796
0.5092260837554932
0.5092147588729858
0.5092034339904785
0.5091920495033264
0.5091807246208191
0.5091694593429565
0.509158194065094
0.5091469287872314
0.5091356635093689
0.5091246366500854
0.5091133713722229
0.5091023445129395
0.5090912580490112
0.5090801119804382
0.5090690851211548
0.5090581178665161
0.5090470910072327
0.5090363025665283
0.5090253353118896
0.5090144872665405
0.5090035796165466
0.5089927315711975
0.5089820027351379
0.5089712738990784
0.5089604258537292
0.5089498162269592
0.5089390277862549
0.5089284181594849
0.5089179277420044
0.5089071989059448
0.5088966488838196
0.5088860392570496
0.5088757276535034
0.508865237236023
0.5088547468185425
0.5088444352149963
0.5088340044021606
0.5088235139846802
0.5088133215904236
0.5088030695915222
0.5087926983833313
0.5087825655937195
0.5087723135948181
0.5087619423866272
0.5087520480155945
0.5087419748306274
0.5087317824363708
0.5087217688560486
0.5087118148803711
0.5087016820907593
0.508691668510437
0.5086818337440491
0.5086718797683716
0.5086620450019836
0.5086521506309509
0.508642315864563
0.5086325407028198
0.5086227655410767
0.508613109588623
0.5086033344268799
0.5085937976837158
0.5085840225219727
0.5085744857788086
0.5085647702217102
0.5085552930831909
0.5085459351539612
0.5085362792015076
0.5085268616676331
0.5085173845291138
0.508508026599884
0.5084986686706543
0.5084893107414246
0.50847989320755
0.5084705352783203
0.5084614753723145
0.5084522366523743
0.5084429979324341
0.508433997631073
0.5084247589111328
0.5084155201911926
0.5084065198898315
0.5083975791931152
0.5083885788917542
0.5083795189857483
0.508370578289032
0.5083616971969604
0.5083528757095337
0.5083439350128174
0.5083352327346802
0.5083264708518982
0.5083176493644714
0.5083088874816895
0.5083001255989075
0.508291482925415
0.5082828998565674
0.508274257183075
0.5082657337188721
0.5082570910453796
0.5082485675811768
0.5082400441169739
0.5082316398620605
0.508223295211792
0.5082148313522339
0.5082064867019653
0.508198082447052
0.5081897974014282
0.508181631565094
0.5081732273101807
0.5081651210784912
0.5081570148468018
0.5081488490104675
0.508140504360199
0.5081325769424438
0.508124589920044
0.5081164836883545
0.5081086158752441
0.5081005692481995
0.5080926418304443
0.508084774017334
0.5080767869949341
0.5080689191818237
0.5080612301826477
0.5080533623695374
0.5080456137657166
0.5080379843711853
0.5080304145812988
0.5080227255821228
0.5080150365829468
0.5080074071884155
0.5079999566078186
0.5079923272132874
0.5079848170280457
0.5079774856567383
0.5079699754714966
0.5079625844955444
0.5079551339149475
0.5079478621482849
0.5079405307769775
0.5079332590103149
0.5079260468482971
0.5079188942909241
0.5079116225242615
0.507904589176178
0.5078973770141602
0.5078902840614319
0.5078831911087036
0.5078761577606201
0.5078692436218262
0.5078623294830322
0.5078553557395935
0.5078485012054443
0.5078416466712952
0.5078349113464355
0.5078280568122864
0.5078212022781372
0.5078144073486328
0.507807731628418
0.5078010559082031
0.5077945590019226
0.5077879428863525
0.5077812075614929
0.5077747106552124
0.5077682137489319
0.5077618360519409
0.5077552199363708
0.5077489614486694
0.5077425837516785
0.5077362060546875
0.5077298879623413
0.5077236890792847
0.5077172517776489
0.5077109932899475
0.5077048540115356
0.5076987147331238
0.5076925754547119
0.5076865553855896
0.5076804161071777
0.5076745748519897
0.5076683759689331
0.5076624155044556
0.5076565146446228
0.50765061378479
0.5076447129249573
0.5076389312744141
0.5076330304145813
0.5076274275779724
0.5076215863227844
0.5076161026954651
0.5076101422309875
0.5076045393943787
0.5075989365577698
0.5075935125350952
0.5075879096984863
0.5075823664665222
0.5075769424438477
0.5075715184211731
0.5075659155845642
0.5075607299804688
0.5075554847717285
0.5075499415397644
0.5075446963310242
0.5075393915176392
0.5075343251228333
0.507529079914093
0.5075241327285767
0.507519006729126
0.5075137615203857
0.5075086355209351
0.5075037479400635
0.5074986219406128
0.507493793964386
0.5074888467788696
0.507483959197998
0.5074790716171265
0.5074743032455444
0.5074695348739624
0.5074648857116699
0.5074599385261536
0.5074553489685059
0.5074507594108582
0.5074460506439209
0.5074415802955627
0.507436990737915
0.5074325203895569
0.507427990436554
0.5074236392974854
0.5074191093444824
0.507414698600769
0.5074102878570557
0.5074060559272766
0.5074018239974976
0.5073976516723633
0.5073934197425842
0.5073891282081604
0.5073850154876709
0.5073809027671814
0.5073768496513367
0.5073727369308472
0.5073687434196472
0.507364809513092
0.5073608160018921
0.5073568820953369
0.5073530077934265
0.5073491930961609
0.50734543800354
0.5073416233062744
0.5073379278182983
0.5073342323303223
0.507330596446991
0.5073268413543701
0.5073233246803284
0.5073196887969971
0.5073161721229553
0.507312536239624
0.5073091983795166
0.5073056817054749
0.5073022246360779
0.5072989463806152
0.5072956681251526
0.5072922706604004
0.5072890520095825
0.5072857737541199
0.5072826743125916
0.5072795152664185
0.5072762370109558
0.507273256778717
0.5072701573371887
0.5072670578956604
0.5072641372680664
0.5072610974311829
0.5072582960128784
0.5072553753852844
0.5072525143623352
0.5072495937347412
0.5072468519210815
0.5072441101074219
0.5072416067123413
0.5072386860847473
0.507236123085022
0.5072334408760071
0.507230818271637
0.5072283744812012
0.507225751876831
0.50722336769104
0.5072208642959595
0.5072184801101685
0.5072159767150879
0.5072137713432312
0.5072115063667297
0.5072092413902283
0.5072070360183716
0.5072048306465149
0.5072025656700134
0.5072004795074463
0.5071983337402344
0.5071963667869568
0.5071942806243896
0.5071921944618225
0.5071903467178345
0.5071883201599121
0.5071865320205688
0.507184624671936
0.5071829557418823
0.5071810483932495
0.5071793794631958
0.5071775317192078
0.5071759819984436
0.5071743726730347
0.5071727633476257
0.507171094417572
0.5071695446968079
0.5071679353713989
0.5071665644645691
0.5071650743484497
0.5071637630462646
0.5071625709533691
0.507161021232605
0.5071595907211304
0.5071585178375244
0.5071573257446289
0.5071560144424438
0.5071550011634827
0.5071537494659424
0.5071526169776917
0.5071516036987305
0.5071507096290588
0.5071496367454529
0.5071488618850708
0.5071477293968201
0.5071470737457275
0.5071461200714111
0.507145345211029
0.507144570350647
0.5071437358856201
0.5071430802345276
0.5071424841880798
0.5071417689323425
0.5071412920951843
0.5071406960487366
0.5071401000022888
0.5071396827697754
0.5071391463279724
0.507138729095459
0.5071384310722351
0.5071379542350769
0.507137656211853
0.5071374177932739
0.5071372389793396
0.5071370601654053
0.507136881351471
0.5071367621421814
0.5071365833282471
0.5071365833282471
0.5071366429328918
0.5071365237236023
0.5071367025375366
0.5071367621421814
0.5071369409561157
0.50713711977005
0.50713711977005
0.5071374177932739
0.5071377158164978
0.5071380138397217
0.5071382522583008
0.5071385502815247
0.5071390867233276
0.5071395039558411
0.5071398615837097
0.5071404576301575
0.5071409940719604
0.5071415901184082
0.507142186164856
0.5071428418159485
0.5071435570716858
0.5071442127227783
0.5071449875831604
0.5071457028388977
0.5071466565132141
0.507147490978241
0.5071483850479126
0.5071493983268738
0.507150411605835
0.5071512460708618
0.507152259349823
0.5071533918380737
0.5071545839309692
0.50715571641922
0.5071567893028259
0.5071580410003662
0.5071592330932617
0.5071606040000916
0.5071618556976318
0.5071633458137512
0.5071646571159363
0.5071660876274109
0.5071675181388855
0.5071691274642944
0.5071707963943481
0.507172167301178
0.5071738958358765
0.5071753859519958
0.5071771740913391
0.5071789622306824
0.5071805715560913
0.5071823596954346
0.5071842670440674
0.5071861147880554
0.5071880221366882
0.5071898698806763
0.5071917772293091
0.507193922996521
0.5071958899497986
0.5071979761123657
0.5072001218795776
0.5072022676467896
0.5072044134140015
0.5072067379951477
0.5072088837623596
0.5072112679481506
0.5072133541107178
0.5072157979011536
0.507218062877655
0.5072206854820251
0.5072230696678162
0.5072255730628967
0.5072281360626221
0.5072306990623474
0.5072333812713623
0.5072359442710876
0.5072385668754578
0.5072413086891174
0.5072439908981323
0.5072467923164368
0.5072497129440308
0.50725257396698
0.5072553157806396
0.5072582364082336
0.5072610974311829
0.5072641968727112
0.5072672367095947
0.5072702169418335
0.5072733163833618
0.5072762966156006
0.507279634475708
0.507283091545105
0.5072859525680542
0.5072892904281616
0.5072926878929138
0.5072960257530212
0.5072993636131287
0.5073028206825256
0.5073062181472778
0.5073097348213196
0.507313072681427
0.5073167681694031
0.5073202252388
0.5073239803314209
0.507327675819397
0.5073312520980835
0.5073350667953491
0.5073387026786804
0.5073425769805908
0.5073464512825012
0.5073502063751221
0.5073540210723877
0.5073580145835876
0.5073619484901428
0.5073659420013428
0.5073699951171875
0.5073740482330322
0.5073782801628113
0.5073822140693665
0.507386326789856
0.5073906183242798
0.5073949098587036
0.5073992013931274
0.5074033737182617
0.5074079036712646
0.5074121356010437
0.5074165463447571
0.5074210166931152
0.5074254870414734
0.5074298977851868
0.5074345469474792
0.5074390769004822
0.5074435472488403
0.5074480772018433
0.5074530839920044
0.5074576735496521
0.5074624419212341
0.5074671506881714
0.5074719786643982
0.5074768662452698
0.507481575012207
0.5074866414070129
0.5074915885925293
0.5074964165687561
0.5075015425682068
0.5075064897537231
0.5075114965438843
0.5075168013572693
0.5075218081474304
0.5075269937515259
0.5075321197509766
0.507537305355072
0.5075427293777466
0.507547914981842
0.5075533390045166
0.5075586438179016
0.5075640678405762
0.5075695514678955
0.5075749158859253
0.5075804591178894
0.5075859427452087
0.5075915455818176
0.5075970888137817
0.5076026916503906
0.5076083540916443
0.5076141357421875
0.5076198577880859
0.5076255798339844
0.5076311826705933
0.507637083530426
0.507642924785614
0.507648766040802
0.5076547265052795
0.5076607465744019
0.5076665282249451
0.5076725482940674
0.5076785683631897
0.5076846480369568
0.5076907277107239
0.5076968669891357
0.5077029466629028
0.5077092051506042
0.5077153444290161
0.5077217221260071
0.5077278017997742
0.5077341794967651
0.5077405571937561
0.5077467560768127
0.5077532529830933
0.507759690284729
0.5077660083770752
0.5077725648880005
0.507779061794281
0.5077855587005615
0.5077922940254211
0.5077987313270569
0.5078054070472717
0.5078120827674866
0.5078186988830566
0.5078253746032715
0.5078321099281311
0.5078389048576355
0.5078458189964294
0.5078525543212891
0.5078593492507935
0.5078662633895874
0.5078731179237366
0.5078800916671753
0.507887065410614
0.5078942179679871
0.5079010128974915
0.5079082250595093
0.5079153180122375
0.5079224109649658
0.5079294443130493
0.5079366564750671
0.5079437494277954
0.5079509615898132
0.5079582333564758
0.5079655051231384
0.5079731345176697
0.5079802870750427
0.5079876184463501
0.5079948902130127
0.5080022215843201
0.5080097317695618
0.5080171823501587
0.5080246925354004
0.5080320835113525
0.5080397129058838
0.5080471634864807
0.5080548524856567
0.5080624222755432
0.5080700516700745
0.5080775618553162
0.5080853700637817
0.5080929398536682
0.5081007480621338
0.5081084370613098
0.5081162452697754
0.508124053478241
0.5081319212913513
0.5081397294998169
0.5081475377082825
0.5081554055213928
0.5081632733345032
0.5081713199615479
0.5081791281700134
0.5081874132156372
0.508195161819458
0.5082032084465027
0.5082113742828369
0.5082191824913025
0.5082272887229919
0.508235514163971
0.5082435011863708
0.5082519054412842
0.5082600116729736
0.5082681775093079
0.5082764625549316
0.5082848072052002
0.5082927942276001
0.5083011984825134
0.508309543132782
0.508317768573761
0.5083260536193848
0.5083344578742981
0.5083428621292114
0.5083513259887695
0.5083596110343933
0.5083681344985962
0.5083765983581543
0.5083851218223572
0.5083934664726257
0.5084019899368286
0.5084106922149658
0.5084190964698792
0.5084277987480164
0.5084361433982849
0.5084449052810669
0.5084534287452698
0.508462131023407
0.5084707736968994
0.5084794163703918
0.508488118648529
0.5084967613220215
0.5085054636001587
0.5085141062736511
0.5085228681564331
0.5085318088531494
0.5085404515266418
0.5085493922233582
0.5085580945014954
0.5085669159889221
0.5085757374763489
0.5085846781730652
0.5085934400558472
0.5086023211479187
0.5086111426353455
0.5086201429367065
0.5086288452148438
0.5086376667022705
0.5086467862129211
0.5086556673049927
0.5086647272109985
0.5086736679077148
0.5086827278137207
0.5086915493011475
0.5087006092071533
0.5087096095085144
0.5087186694145203
0.5087279081344604
0.5087366104125977
0.5087457299232483
0.5087548494338989
0.5087639093399048
0.5087729096412659
0.5087820887565613
0.5087912678718567
0.5088001489639282
0.5088093876838684
0.5088183879852295
0.5088275074958801
0.5088368058204651
0.5088459253311157
0.5088550448417664
0.5088641047477722
0.5088732838630676
0.5088823437690735
0.5088915228843689
0.5089007019996643
0.508910059928894
0.5089191198348999
0.5089282393455505
0.5089373588562012
0.5089467167854309
0.5089558959007263
0.508965015411377
0.5089741349220276
0.5089834928512573
0.508992612361908
0.5090018510818481
0.5090110898017883
0.5090201497077942
0.5090293288230896
0.5090386867523193
0.50904780626297
0.5090571045875549
0.5090662240982056
0.509075403213501
0.5090846419334412
0.5090937614440918
0.5091030597686768
0.5091122984886169
0.5091214776039124
0.5091306567192078
0.5091398358345032
0.5091489553451538
0.5091580748558044
0.5091672539710999
0.5091765522956848
0.5091856718063354
0.5091947317123413
0.5092039704322815
0.5092131495475769
0.5092222094535828
0.5092313289642334
0.5092405080795288
0.5092496275901794
0.5092588067054749
0.5092678070068359
0.5092769861221313
0.5092860460281372
0.5092950463294983
0.5093041658401489
0.50931316614151
0.5093223452568054
0.509331226348877
0.5093403458595276
0.5093492269515991
0.5093583464622498
0.5093674063682556
0.5093762278556824
0.5093852877616882
0.5093942284584045
0.5094031691551208
0.5094120502471924
0.5094208717346191
0.509429931640625
0.5094386339187622
0.509447455406189
0.5094563364982605
0.5094652771949768
0.5094741582870483
0.5094828605651855
0.5094915628433228
0.5095003843307495
0.5095092058181763
0.5095179080963135
0.5095266103744507
0.5095353126525879
0.5095439553260803
0.5095524787902832
0.5095610618591309
0.5095697641372681
0.5095782279968262
0.5095866322517395
0.5095952749252319
0.5096037983894348
0.5096123218536377
0.5096207857131958
0.5096291303634644
0.5096375346183777
0.5096458792686462
0.50965416431427
0.5096626877784729
0.5096709132194519
0.5096792578697205
0.5096874237060547
0.5096955895423889
0.5097037553787231
0.5097121000289917
0.5097200870513916
0.5097280740737915
0.5097360014915466
0.5097441673278809
0.5097522139549255
0.5097601413726807
0.509768009185791
0.5097761154174805
0.5097837448120117
0.5097917914390564
0.5097994804382324
0.5098072290420532
0.509814977645874
0.5098225474357605
0.5098302960395813
0.5098379850387573
0.509845495223999
0.5098530650138855
0.5098605155944824
0.5098680257797241
0.5098754167556763
0.5098827481269836
0.5098901987075806
0.5098973512649536
0.5099047422409058
0.5099118947982788
0.5099189877510071
0.5099261403083801
0.5099334120750427
0.5099403858184814
0.5099472999572754
0.5099541544914246
0.5099610686302185
0.5099679827690125
0.5099747180938721
0.5099815130233765
0.5099883079528809
0.5099948644638062
0.5100014805793762
0.5100080966949463
0.510014533996582
0.5100212097167969
0.5100274085998535
0.510033905506134
0.5100401639938354
0.5100463628768921
0.5100527405738831
0.5100587010383606
0.5100647211074829
0.51007080078125
0.5100768208503723
0.5100828409194946
0.5100886225700378
0.5100942850112915
0.5101001262664795
0.5101057887077332
0.510111391544342
0.5101169347763062
0.5101224184036255
0.5101279616355896
0.5101333260536194
0.5101386904716492
0.5101438164710999
0.5101491212844849
0.5101543664932251
0.5101593136787415
0.5101642608642578
0.5101692080497742
0.5101741552352905
0.5101789236068726
0.5101836323738098
0.5101882815361023
0.5101929903030396
0.5101975202560425
0.5102018713951111
0.5102064609527588
0.5102105736732483
0.5102149844169617
0.5102190375328064
0.5102232098579407
0.5102272629737854
0.5102311968803406
0.5102351307868958
0.5102388858795166
0.5102425217628479
0.5102463364601135
0.5102499127388
0.510253369808197
0.510256826877594
0.5102602243423462
0.5102632641792297
0.5102664232254028
0.5102695226669312
0.5102726221084595
0.5102756023406982
0.5102782845497131
0.5102811455726624
0.510283887386322
0.5102865099906921
0.5102890729904175
0.5102914571762085
0.5102938413619995
0.5102960467338562
0.5102983117103577
0.5103002190589905
0.5103023648262024
0.5103042721748352
0.5103061199188232
0.5103077292442322
0.5103093981742859
0.5103110074996948
0.5103124976158142
0.5103137493133545
0.5103151202201843
0.5103161931037903
0.5103173851966858
0.5103183388710022
0.5103192329406738
0.5103201270103455
0.5103207230567932
0.5103213787078857
0.5103219151496887
0.5103222727775574
0.5103225708007812
0.5103227496147156
0.5103229284286499
0.5103228092193604
0.5103226900100708
0.5103225708007812
0.5103221535682678
0.510321855545044
0.5103212594985962
0.510320782661438
0.5103200674057007
0.5103192925453186
0.5103184580802917
0.5103174448013306
0.5103161931037903
0.5103150010108948
0.5103135704994202
0.5103120803833008
0.5103105902671814
0.5103088021278381
0.5103070735931396
0.5103052854537964
0.5103031992912292
0.5103010535240173
0.5102987885475159
0.5102965831756592
0.5102940797805786
0.5102913975715637
0.5102889537811279
0.5102860331535339
0.5102831125259399
0.5102800726890564
0.5102769136428833
0.5102736949920654
0.5102702379226685
0.5102667808532715
0.510263204574585
0.5102594494819641
0.5102555751800537
0.510251522064209
0.5102474093437195
0.5102433562278748
0.5102390050888062
0.510234534740448
0.5102298259735107
0.5102251172065735
0.5102204084396362
0.5102155804634094
0.5102104544639587
0.5102052092552185
0.5101998448371887
0.5101943016052246
0.5101887583732605
0.5101829171180725
0.5101773142814636
0.5101713538169861
0.510165274143219
0.5101590752601624
0.5101526975631714
0.5101461410522461
0.5101398229598999
0.5101329684257507
0.5101262331008911
0.5101191997528076
0.5101119875907898
0.5101048946380615
0.5100975036621094
0.5100900530815125
0.5100823640823364
0.5100746154785156
0.51006680727005
0.5100586414337158
0.5100505948066711
0.5100423097610474
0.510033905506134
0.5100253820419312
0.510016679763794
0.510007917881012
0.5099988579750061
0.509989857673645
0.5099806189537048
0.5099713206291199
0.5099619030952454
0.5099521279335022
0.5099424719810486
0.5099325776100159
0.5099225640296936
0.5099124312400818
0.5099021792411804
0.5098918676376343
0.5098812580108643
0.5098704695701599
0.5098596811294556
0.5098487734794617
0.5098376870155334
0.5098264217376709
0.5098152160644531
0.5098035931587219
0.5097918510437012
0.5097800493240356
0.5097684860229492
0.5097562074661255
0.5097441077232361
0.5097317695617676
0.5097193717956543
0.5097067952156067
0.5096940398216248
0.5096813440322876
0.5096682906150818
0.5096551179885864
0.5096420049667358
0.5096285939216614
0.5096150040626526
0.5096014738082886
0.5095875859260559
0.509573757648468
0.509559690952301
0.5095455646514893
0.5095312595367432
0.5095167756080627
0.5095022320747375
0.5094875693321228
0.5094727873802185
0.5094577670097351
0.5094426870346069
0.5094274282455444
0.5094121694564819
0.5093966722488403
0.5093810558319092
0.5093653798103333
0.5093494653701782
0.5093335509300232
0.5093173384666443
0.5093012452125549
0.5092847347259521
0.5092683434486389
0.509251594543457
0.5092350840568542
0.509218156337738
0.5092011094093323
0.5091841816902161
0.5091668963432312
0.5091495513916016
0.5091322064399719
0.5091146230697632
0.5090969204902649
0.509079098701477
0.5090612173080444
0.5090430378913879
0.5090251564979553
0.5090067386627197
0.5089885592460632
0.5089700222015381
0.5089513659477234
0.5089327096939087
0.5089138746261597
0.5088949203491211
0.5088759660720825
0.5088568925857544
0.5088376998901367
0.5088184475898743
0.5087988972663879
0.5087793469429016
0.5087596774101257
0.5087400674819946
0.5087201595306396
0.5087003707885742
0.5086802244186401
0.5086602568626404
0.5086401700973511
0.5086197257041931
0.5085994005203247
0.5085789561271667
0.5085585117340088
0.5085379481315613
0.5085172057151794
0.5084964036941528
0.5084755420684814
0.5084546804428101
0.5084335803985596
0.5084124803543091
0.5083913803100586
0.508370041847229
0.5083487033843994
0.5083274841308594
0.5083059668540955
0.5082845091819763
0.5082629323005676
0.5082414150238037
0.5082196593284607
0.508198082447052
0.5081762671470642
0.5081543922424316
0.5081326961517334
0.508110761642456
0.5080887079238892
0.508066713809967
0.5080446600914001
0.5080224871635437
0.5080006122589111
0.5079784393310547
0.5079560279846191
0.507934033870697
0.507911741733551
0.5078895688056946
0.507867157459259
0.5078449249267578
0.5078226923942566
0.507800281047821
0.5077779293060303
0.5077557563781738
0.5077333450317383
0.5077110528945923
0.5076887011528015
0.5076663494110107
0.50764399766922
0.507621705532074
0.507599413394928
0.507577121257782
0.5075547099113464
0.5075325965881348
0.507510244846344
0.5074881315231323
0.5074660181999207
0.5074437856674194
0.5074215531349182
0.5073995590209961
0.507377564907074
0.5073556303977966
0.5073336362838745
0.5073118805885315
0.5072899460792542
0.5072682499885559
0.507246732711792
0.507224977016449
0.5072035193443298
0.5071819424629211
0.5071605443954468
0.5071393847465515
0.5071181654930115
0.507097065448761
0.5070760250091553
0.5070552229881287
0.5070343017578125
0.5070135593414307
0.5069926977157593
0.5069724321365356
0.5069520473480225
0.5069318413734436
0.5069116950035095
0.5068918466567993
0.5068719983100891
0.5068520903587341
0.5068325996398926
0.5068132281303406
0.5067937970161438
0.5067747235298157
0.5067557692527771
0.5067371129989624
0.5067185759544373
0.5067002177238464
0.5066818594932556
0.5066639184951782
0.506645917892456
0.5066282153129578
0.5066108703613281
0.5065935254096985
0.5065765380859375
0.5065597295761108
0.5065431594848633
0.5065267086029053
0.5065105557441711
0.5064946413040161
0.5064789652824402
0.5064637064933777
0.50644850730896
0.5064334869384766
0.5064188838005066
0.5064045786857605
0.506390392780304
0.5063765048980713
0.5063629746437073
0.5063498020172119
0.5063368678092957
0.506324052810669
0.5063117146492004
0.5062997937202454
0.5062881112098694
0.5062767267227173
0.5062656402587891
0.5062547922134399
0.506244421005249
0.5062342882156372
0.5062246918678284
0.5062153339385986
0.5062064528465271
0.5061978101730347
0.5061895847320557
0.5061816573143005
0.5061741471290588
0.5061670541763306
0.5061603784561157
0.5061542391777039
0.5061483979225159
0.5061429142951965
0.5061376690864563
0.5061332583427429
0.5061290860176086
0.5061253309249878
0.5061221122741699
0.5061191320419312
0.5061168074607849
0.5061148405075073
0.506113588809967
0.5061124563217163
0.5061119794845581
0.5061119794845581
0.5061125159263611
0.5061134099960327
0.5061150193214417
0.5061169266700745
0.5061194896697998
0.506122350692749
0.5061259865760803
0.506130039691925
0.5061346292495728
0.5061398148536682
0.5061455368995667
0.5061517953872681
0.506158709526062
0.5061659216880798
0.5061739087104797
0.5061824917793274
0.5061915516853333
0.5062010884284973
0.5062113404273987
0.5062222480773926
0.5062336325645447
0.5062456130981445
0.5062582492828369
0.5062715411186218
0.5062853693962097
0.5062997937202454
0.5063149333000183
0.5063306093215942
0.5063468813896179
0.5063638687133789
0.5063813328742981
0.5063995718955994
0.5064185261726379
0.5064378976821899
0.5064581632614136
0.5064789056777954
0.5065003037452698
0.5065222978591919
0.5065449476242065
0.5065683722496033
0.506592333316803
0.50661700963974
0.5066422820091248
0.5066683292388916
0.506695032119751
0.5067220330238342
0.5067501664161682
0.5067787766456604
0.5068078637123108
0.506837785243988
0.5068684220314026
0.5068994164466858
0.5069312453269958
0.5069637298583984
0.506996750831604
0.5070304870605469
0.507064700126648
0.5070998072624207
0.5071355104446411
0.507171630859375
0.5072083473205566
0.5072458386421204
0.5072838664054871
0.5073225498199463
0.5073618292808533
0.5074014663696289
0.5074416995048523
0.507482647895813
0.5075240135192871
0.507565975189209
0.5076085329055786
0.5076515674591064
0.507695198059082
0.5077391266822815
0.507783830165863
0.5078285932540894
0.5078741312026978
0.50791996717453
0.5079662799835205
0.5080130696296692
0.5080603361129761
0.5081075429916382
0.5081555247306824
0.5082038044929504
0.5082523226737976
0.5083010792732239
0.5083502531051636
0.5083995461463928
0.508449137210846
0.5084990859031677
0.508549153804779
0.5085992217063904
0.5086497068405151
0.5087002515792847
0.5087507367134094
0.5088014602661133
0.5088521838188171
0.508902907371521
0.5089536905288696
0.5090042352676392
0.5090548992156982
0.5091054439544678
0.5091556310653687
0.5092060565948486
0.5092560648918152
0.5093057155609131
0.5093553066253662
0.5094045400619507
0.5094534158706665
0.5095017552375793
0.5095497965812683
0.5095974802970886
0.509644627571106
0.5096912384033203
0.5097373127937317
0.5097825527191162
0.5098272562026978
0.5098714232444763
0.5099148154258728
0.5099571943283081
0.5099989771842957
0.5100396871566772
0.5100796818733215
0.5101186633110046
0.5101566314697266
0.5101933479309082
0.510229229927063
0.5102638006210327
0.5102973580360413
0.5103294849395752
0.5103604197502136
0.5103899240493774
0.5104180574417114
0.5104449987411499
0.5104702115058899
0.5104940533638
0.5105161666870117
0.5105366110801697
0.5105555653572083
0.5105726718902588
0.5105881094932556
0.510601818561554
0.5106132626533508
0.5106230974197388
0.5106310248374939
0.5106368660926819
0.5106405019760132
0.5106423497200012
0.5106419324874878
0.5106393098831177
0.51063472032547
0.5106275677680969
0.510618269443512
0.5106066465377808
0.5105926394462585
0.5105762481689453
0.5105572938919067
0.5105360746383667
0.5105120539665222
0.5104857087135315
0.510456919670105
0.5104255080223083
0.5103912949562073
0.5103546380996704
0.5103152990341187
0.5102732181549072
0.5102285146713257
0.510181188583374
0.5101310014724731
0.5100783705711365
0.5100228786468506
0.5099645256996155
0.5099036693572998
0.509840190410614
0.5097739696502686
0.5097050666809082
0.5096336007118225
0.5095592737197876
0.5094828009605408
0.5094035863876343
0.509321928024292
0.5092378258705139
0.5091513991355896
0.509062647819519
0.508971631526947
0.5088786482810974
0.5087834596633911
0.5086864233016968
0.5085878372192383
0.5084871053695679
0.5083850622177124
0.5082815289497375
0.508176863193512
0.5080710649490356
0.5079644322395325
0.5078569054603577
0.5077491402626038
0.5076409578323364
0.507533073425293
0.5074249505996704
0.5073176026344299
0.5072108507156372
0.50710529088974
0.5070009231567383
0.5068982243537903
0.5067976117134094
0.50669926404953
0.5066033005714417
0.506510317325592
0.5064206719398499
0.5063346028327942
0.5062524676322937
0.5061747431755066
0.5061014294624329
0.506033182144165
0.5059700608253479
0.5059126615524292
0.5058608651161194
0.5058154463768005
0.5057765245437622
0.5057440400123596
0.5057183504104614
0.5057000517845154
0.5056888461112976
0.5056849122047424
0.5056887865066528
0.5057001709938049
0.5057193040847778
0.5057463645935059
0.5057811141014099
0.5058236718177795
0.5058740377426147
0.5059321522712708
0.505997896194458
0.5060710906982422
0.5061516165733337
0.5062394142150879
0.5063343048095703
0.5064361691474915
0.5065445303916931
0.5066593289375305
0.506780207157135
0.5069074034690857
0.5070399045944214
0.507178008556366
0.5073210597038269
0.507469117641449
0.507621705532074
0.507778525352478
0.5079394578933716
0.5081040859222412
0.5082722306251526
0.5084436535835266
0.5086178779602051
0.5087949633598328
0.5089743733406067
0.5091561079025269
0.5093398690223694
0.5095255970954895
0.5097127556800842
0.5099014043807983
0.510091245174408
0.5102823972702026
0.5104743838310242
0.5106673240661621
0.5108607411384583
0.5110549330711365
0.5112494826316833
0.5114444494247437
0.5116397142410278
0.5118353962898254
0.512031078338623
0.512226939201355
0.5124228596687317
0.5126188397407532
0.5128149390220642
0.5130108594894409
0.5132068395614624
0.5134027600288391
0.5135986804962158
0.5137947201728821
0.5139907598495483
0.5141865611076355
0.5143826007843018
0.5145784616470337
0.5147746801376343
0.5149709582328796
0.5151673555374146
0.515363872051239
0.5155604481697083
0.5157575607299805
0.515954852104187
0.5161523222923279
0.5163507461547852
0.5165489912033081
0.5167478919029236
0.5169471502304077
0.5171471834182739
0.5173476934432983
0.5175489783287048
0.5177506804466248
0.5179531574249268
0.5181566476821899
0.5183605551719666
0.5185655355453491
0.5187714099884033
0.5189779996871948
0.5191856026649475
0.5193942189216614
0.519603967666626
0.5198146104812622
0.5200263857841492
0.5202392935752869
0.5204533934593201
0.5206685066223145
0.5208848714828491
0.5211024284362793
0.5213214159011841
0.5215415954589844
0.5217628479003906
0.5219855904579163
0.5222097635269165
0.5224349498748779
0.5226621031761169
0.5228900909423828
0.5231196880340576
0.5233505964279175
0.5235831141471863
0.5238168239593506
0.5240522027015686
0.5242889523506165
0.5245271921157837
0.5247668623924255
0.5250081419944763
0.5252506732940674
0.5254950523376465
0.5257405638694763
0.5259876847267151
0.5262364745140076
0.5264866352081299
0.5267385244369507
0.5269918441772461
0.5272465348243713
0.5275027751922607
0.52776038646698
0.528019905090332
0.5282806158065796
0.5285429358482361
0.5288066864013672
0.5290720462799072
0.5293387770652771
0.5296072363853455
0.5298770070075989
0.5301483273506165
0.5304210782051086
0.5306953191757202
0.530971109867096
0.5312483906745911
0.5315268635749817
0.5318071246147156
0.5320886373519897
0.532371461391449
0.5326558947563171
0.5329418778419495
0.5332291722297668
0.5335179567337036
0.5338078141212463
0.5340994000434875
0.534392237663269
0.5346865057945251
0.5349820256233215
0.5352790951728821
0.5355775356292725
0.5358769297599792
0.5361781716346741
0.5364804863929749
0.5367841124534607
0.5370892286300659
0.5373954772949219
0.5377029180526733
0.5380118489265442
0.5383219122886658
0.5386332273483276
0.5389460325241089
0.5392597913742065
0.539574921131134
0.5398914217948914
0.5402088761329651
0.5405275225639343
0.5408475995063782
0.5411688089370728
0.5414910316467285
0.5418148636817932
0.5421393513679504
0.5424651503562927
0.5427923798561096
0.5431204438209534
0.5434495210647583
0.5437801480293274
0.5441115498542786
0.5444441437721252
0.544778048992157
0.545112669467926
0.5454486012458801
0.5457856059074402
0.5461236238479614
0.5464625954627991
0.546802818775177
0.5471441745758057
0.5474860668182373
0.5478294491767883
0.5481736063957214
0.5485188364982605
0.5488651990890503
0.5492122769355774
0.5495604872703552
0.549909770488739
0.5502598285675049
0.5506107211112976
0.5509631037712097
0.5513159036636353
0.5516698956489563
0.5520249009132385
0.5523804426193237
0.5527371764183044
0.5530948638916016
0.5534532070159912
0.553812563419342
0.5541728138923645
0.5545340180397034
0.55489581823349
0.5552589297294617
0.5556226372718811
0.5559870600700378
0.5563525557518005
0.556718647480011
0.5570858120918274
0.5574538111686707
0.5578223466873169
0.55819171667099
0.5585623979568481
0.5589332580566406
0.5593050122261047
0.5596780180931091
0.5600513815879822
0.5604254603385925
0.5608004927635193
0.5611763000488281
0.5615526437759399
0.5619299411773682
0.5623078346252441
0.5626864433288574
0.5630661249160767
0.5634461045265198
0.5638267397880554
0.5642085075378418
0.5645906925201416
0.5649734735488892
0.5653573870658875
0.5657415986061096
0.5661267638206482
0.5665120482444763
0.5668985247612
0.5672853589057922
0.5676729679107666
0.5680614113807678
0.5684505105018616
0.5688398480415344
0.5692299604415894
0.569620668888092
0.570012092590332
0.5704041123390198
0.5707969665527344
0.5711901783943176
0.5715840458869934
0.5719782710075378
0.5723735094070435
0.5727689862251282
0.5731654167175293
0.5735619068145752
0.573959231376648
0.5743569135665894
0.5747556686401367
0.5751544833183289
0.5755543112754822
0.5759541988372803
0.5763546824455261
0.576755940914154
0.5771577954292297
0.5775598883628845
0.5779626965522766
0.5783659815788269
0.5787694454193115
0.579173743724823
0.5795785784721375
0.579983651638031
0.5803896188735962
0.5807955861091614
0.5812023282051086
0.581609308719635
0.5820170044898987
0.5824252963066101
0.5828340649604797
0.5832428932189941
0.5836523175239563
0.5840620994567871
0.5844725370407104
0.584883451461792
0.5852948427200317
0.585706353187561
0.5861183404922485
0.5865308046340942
0.586944043636322
0.5873571634292603
0.5877711772918701
0.5881853103637695
0.5885997414588928
0.5890145897865295
0.5894302129745483
0.5898457765579224
0.590262234210968
0.5906787514686584
0.5910954475402832
0.5915127396583557
0.5919305682182312
0.5923484563827515
0.5927670001983643
0.5931856036186218
0.5936048030853271
0.594024121761322
0.5944440960884094
0.5948641896247864
0.5952848196029663
0.5957053899765015
0.5961265563964844
0.5965479612350464
0.5969700217247009
0.5973921418190002
0.597814679145813
0.5982373356819153
0.5986602902412415
0.5990836024284363
0.5995076298713684
0.5999314785003662
0.6003560423851013
0.6007805466651917
0.6012052893638611
0.6016302704811096
0.6020559668540955
0.6024816632270813
0.6029079556465149
0.6033340096473694
0.6037604808807373
0.6041873097419739
0.6046145558357239
0.6050418019294739
0.6054697632789612
0.6058974862098694
0.6063253283500671
0.6067537665367126
0.6071826219558716
0.607611358165741
0.6080406904220581
0.60847008228302
0.6088994741439819
0.6093292236328125
0.6097593903541565
0.6101896166801453
0.6106204390525818
0.6110509037971497
0.6114817261695862
0.6119129061698914
0.6123443841934204
0.6127759218215942
0.613207995891571
0.6136400103569031
0.6140720248222351
0.6145041584968567
0.6149371266365051
0.6153697967529297
0.6158029437065125
0.6162359714508057
0.6166691780090332
0.6171025037765503
0.6175364255905151
0.6179702281951904
0.6184045672416687
0.6188386082649231
0.6192729473114014
0.619707465171814
0.6201423406600952
0.6205771565437317
0.6210123896598816
0.6214475035667419
0.6218827962875366
0.6223183274269104
0.6227540373802185
0.6231898069381714
0.6236259341239929
0.6240620017051697
0.624498188495636
0.6249342560768127
0.6253712177276611
0.6258075833320618
0.6262447237968445
0.626681387424469
0.6271185278892517
0.6275554895401001
0.6279929280281067
0.6284301280975342
0.6288679838180542
0.6293054819107056
0.6297430992126465
0.6301809549331665
0.6306192278862
0.6310572028160095
0.6314955949783325
0.6319337487220764
0.6323719620704651
0.6328104138374329
0.6332492232322693
0.6336879134178162
0.6341268420219421
0.6345656514167786
0.6350043416023254
0.635443389415741
0.6358826756477356
0.636322021484375
0.636761486530304
0.6372007131576538
0.637640118598938
0.6380795836448669
0.638519287109375
0.6389589905738831
0.6393988728523254
0.6398387551307678
0.6402784585952759
0.6407183408737183
0.6411586403846741
0.6415985226631165
0.642038881778717
0.6424790024757385
0.6429191827774048
0.643359363079071
0.6438000798225403
0.6442404389381409
0.6446810364723206
0.6451214551925659
0.6455618739128113
0.6460023522377014
0.6464434266090393
0.6468839049339294
0.6473249793052673
0.6477656364440918
0.6482062935829163
0.6486472487449646
0.6490882039070129
0.6495290398597717
0.6499703526496887
0.6504111289978027
0.6508521437644958
0.6512929797172546
0.6517341732978821
0.6521751880645752
0.6526164412498474
0.6530575156211853
0.6534984707832336
0.6539396643638611
0.6543810963630676
0.6548222899436951
0.6552636027336121
0.6557047367095947
0.6561458706855774
0.6565869450569153
0.6570286154747009
0.6574696898460388
0.6579110026359558
0.6583523154258728
0.6587933301925659
0.6592345833778381
0.6596758961677551
0.6601172089576721
0.6605586409568787
0.6609998345375061
0.6614409685134888
0.6618821024894714
0.662323534488678
0.6627647280693054
0.663206160068512
0.6636472344398499
0.6640883088111877
0.6645293831825256
0.6649706959724426
0.6654118895530701
0.6658532023429871
0.6662940382957458
0.6667349338531494
0.6671761870384216
0.6676172614097595
0.6680582165718079
0.6684995293617249
0.6689403057098389
0.6693812012672424
0.6698222160339355
0.6702631115913391
0.6707037687301636
0.6711446642875671
0.6715854406356812
0.6720259785652161
0.6724668145179749
0.6729075312614441
0.673348069190979
0.6737887263298035
0.6742292046546936
0.6746695637702942
0.6751102805137634
0.675550639629364
0.675990879535675
0.6764312386512756
0.6768714785575867
0.6773115396499634
0.6777519583702087
0.6781920194625854
0.6786319613456726
0.6790721416473389
0.679512083530426
0.6799517273902893
0.6803920865058899
0.6808316111564636
0.6812712550163269
0.6817111372947693
0.6821505427360535
0.6825899481773376
0.6830297112464905
0.6834688782691956
0.6839083433151245
0.6843478083610535
0.684786856174469
0.6852259635925293
0.6856653094291687
0.6861042380332947
0.6865431070327759
0.6869820952415466
0.6874207854270935
0.6878595948219299
0.6882982850074768
0.6887368559837341
0.6891751885414124
0.6896138787269592
0.6900520324707031
0.6904903054237366
0.6909287571907043
0.6913667321205139
0.6918045878410339
0.6922428011894226
0.6926804184913635
0.6931180357933044
0.6935560703277588
0.6939935088157654
0.694430947303772
0.6948686242103577
0.6953057646751404
0.6957430243492126
0.6961801648139954
0.6966173648834229
0.6970541477203369
0.6974912285804749
0.6979279518127441
0.6983644366264343
0.6988014578819275
0.6992377638816833
0.6996738314628601
0.7001104950904846
0.7005465626716614
0.7009825110435486
0.7014187574386597
0.7018545269966125
0.7022902965545654
0.7027262449264526
0.7031615972518921
0.7035968899726868
0.7040325999259949
0.7044677138328552
0.7049029469490051
0.7053378224372864
0.7057728171348572
0.7062075138092041
0.7066423296928406
0.707076907157898
0.7075116038322449
0.7079457640647888
0.7083799242973328
0.7088139653205872
0.7092481255531311
0.709682047367096
0.7101159691810608
0.7105494141578674
0.7109829783439636
0.7114161849021912
0.7118496298789978
0.7122828364372253
0.7127161622047424
0.7131487727165222
0.7135815024375916
0.7140142321586609
0.7144469022750854
0.7148792147636414
0.7153117060661316
0.7157438397407532
0.7161757349967957
0.7166074514389038
0.7170395255088806
0.7174710631370544
0.7179027199745178
0.7183340191841125
0.7187653183937073
0.7191961407661438
0.7196274399757385
0.7200582027435303
0.720488965511322
0.7209194302558899
0.7213497161865234
0.7217798829078674
0.7222103476524353
0.7226399779319763
0.7230702042579651
0.7234998345375061
0.7239293456077576
0.7243586182594299
0.7247881293296814
0.7252171039581299
0.7256463766098022
0.7260750532150269
0.7265037298202515
0.7269322276115417
0.7273607850074768
0.7277887463569641
0.7282173037528992
0.7286450266838074
0.729072630405426
0.7295003533363342
0.7299279570579529
0.7303552031517029
0.7307825684547424
0.7312095761299133
0.7316364645957947
0.7320630550384521
0.7324897646903992
0.732915997505188
0.7333424687385559
0.7337682843208313
0.7341942191123962
0.7346199154853821
0.735045850276947
0.7354710698127747
0.7358965277671814
0.7363216280937195
0.7367463707923889
0.7371711134910583
0.7375959753990173
0.7380201816558838
0.7384447455406189
0.738868772983551
0.7392927408218384
0.7397162914276123
0.7401400208473206
0.7405634522438049
0.7409870624542236
0.7414100766181946
0.7418329119682312
0.7422555088996887
0.7426782250404358
0.7431005835533142
0.7435229420661926
0.7439449429512024
0.7443667054176331
0.7447883486747742
0.7452101707458496
0.7456315159797668
0.7460526823997498
0.7464736104011536
0.7468944191932678
0.7473149299621582
0.7477356791496277
0.7481557726860046
0.7485761046409607
0.748995840549469
0.7494155764579773
0.7498348951339722
0.7502544522285461
0.7506737112998962
0.7510929107666016
0.7515116333961487
0.7519300580024719
0.7523484230041504
0.7527669072151184
0.753184974193573
0.753602921962738
0.7540203928947449
0.7544379830360413
0.754855215549469
0.7552724480628967
0.7556893229484558
0.7561062574386597
0.7565226554870605
0.7569389343261719
0.7573549151420593
0.7577711343765259
0.7581868767738342
0.7586026787757874
0.7590178847312927
0.7594329714775085
0.7598478198051453
0.7602627873420715
0.7606773376464844
0.7610918879508972
0.7615060210227966
0.7619199752807617
0.7623334527015686
0.7627472877502441
0.7631607055664062
0.7635740637779236
0.7639870643615723
0.7643997073173523
0.7648120522499084
0.7652246356010437
0.7656366229057312
0.7660489678382874
0.7664607167243958
0.7668721079826355
0.7672833800315857
0.7676946520805359
0.7681055665016174
0.7685163617134094
0.7689269185066223
0.769336998462677
0.7697470784187317
0.7701571583747864
0.7705668210983276
0.7709764838218689
0.7713856101036072
0.7717944979667664
0.772203266620636
0.7726121544837952
0.7730205655097961
0.7734287977218628
0.7738367319107056
0.7742443680763245
0.7746519446372986
0.7750594615936279
0.7754663825035095
0.7758734822273254
0.7762802243232727
0.7766866683959961
0.7770928740501404
0.7774990200996399
0.7779046893119812
0.7783106565475464
0.7787157893180847
0.7791209816932678
0.7795258164405823
0.7799306511878967
0.7803351879119873
0.7807397246360779
0.7811437249183655
0.7815473675727844
0.7819510102272034
0.7823545336723328
0.7827576398849487
0.7831607460975647
0.7835633158683777
0.7839658856391907
0.784368097782135
0.7847703099250793
0.7851720452308655
0.7855737805366516
0.7859752774238586
0.7863762378692627
0.7867773175239563
0.787178099155426
0.7875785231590271
0.7879788279533386
0.7883787751197815
0.7887786626815796
0.789178192615509
0.7895776629447937
0.7899767756462097
0.7903757095336914
0.7907742857933044
0.7911725640296936
0.7915707230567932
0.7919689416885376
0.7923665642738342
0.7927642464637756
0.7931614518165588
0.7935582995414734
0.7939551472663879
0.7943517565727234
0.7947481274604797
0.7951444387435913
0.7955402135848999
0.7959358096122742
0.7963311076164246
0.7967265248298645
0.7971213459968567
0.7975162863731384
0.7979106903076172
0.7983048558235168
0.7986987829208374
0.7990926504135132
0.7994862198829651
0.7998797297477722
0.8002725839614868
0.8006654381752014
0.801057755947113
0.8014506101608276
0.8018425107002258
0.8022345304489136
0.8026260137557983
0.8030173778533936
0.8034084439277649
0.8037994503974915
0.8041900396347046
0.8045807480812073
0.804970920085907
0.805360734462738
0.8057503700256348
0.806140124797821
0.8065292239189148
0.8069184422492981
0.8073071837425232
0.8076956868171692
0.8080839514732361
0.8084720969200134
0.808859646320343
0.8092475533485413
0.8096347451210022
0.8100217580795288
0.8104087710380554
0.8107953071594238
0.8111817240715027
0.8115678429603577
0.8119536638259888
0.812339186668396
0.812724769115448
0.813109815120697
0.8134946227073669
0.8138794898986816
0.8142639398574829
0.8146480321884155
0.8150319457054138
0.8154156804084778
0.8157991170883179
0.8161823749542236
0.816565215587616
0.816947877407074
0.8173305988311768
0.8177124857902527
0.8180945515632629
0.8184764981269836
0.8188578486442566
0.8192389607429504
0.8196201920509338
0.8200008869171143
0.8203813433647156
0.8207616209983826
0.8211416602134705
0.821521520614624
0.8219010233879089
0.8222802877426147
0.8226591944694519
0.8230382800102234
0.8234167098999023
0.8237949013710022
0.8241731524467468
0.8245508074760437
0.8249284029006958
0.8253057599067688
0.8256829380989075
0.8260595202445984
0.8264363408088684
0.8268125653266907
0.8271885514259338
0.8275645971298218
0.8279402256011963
0.8283153176307678
0.8286906480789185
0.8290654420852661
0.8294400572776794
0.829814612865448
0.8301885724067688
0.8305625319480896
0.8309362530708313
0.8313096165657043
0.8316825032234192
0.8320556282997131
0.8324282765388489
0.8328004479408264
0.8331727981567383
0.8335446119308472
0.8339163661003113
0.8342878222465515
0.8346589207649231
0.8350297212600708
0.8354007601737976
0.8357710242271423
0.8361411690711975
0.8365113139152527
0.8368809223175049
0.8372503519058228
0.8376197814941406
0.837988555431366
0.8383575081825256
0.8387258648872375
0.8390941023826599
0.8394619226455688
0.8398299813270569
0.8401973843574524
0.8405647873878479
0.84093177318573
0.8412984013557434
0.8416648507118225
0.8420312404632568
0.842397153377533
0.8427633047103882
0.8431286215782166
0.8434938788414001
0.8438589572906494
0.8442240357398987
0.8445884585380554
0.8449528813362122
0.8453168869018555
0.8456807136535645
0.8460443019866943
0.8464077711105347
0.8467708230018616
0.8471338152885437
0.8474964499473572
0.847858726978302
0.8482207655906677
0.8485830426216125
0.8489445447921753
0.8493061065673828
0.8496673107147217
0.8500282168388367
0.850388765335083
0.8507493734359741
0.8511095643043518
0.8514697551727295
0.8518293499946594
0.852188766002655
0.8525480628013611
0.8529072403907776
0.8532660603523254
0.8536247611045837
0.8539831042289734
0.8543409109115601
0.8546987175941467
0.8550564646720886
0.8554138541221619
0.8557711243629456
0.856127917766571
0.856484591960907
0.8568409085273743
0.8571972846984863
0.8575531244277954
0.8579089045524597
0.8582643866539001
0.8586194515228271
0.8589743971824646
0.8593294024467468
0.8596838116645813
0.8600384593009949
0.8603922724723816
0.8607462048530579
0.8610997796058655
0.8614531755447388
0.8618062138557434
0.8621594309806824
0.8625118136405945
0.8628642559051514
0.8632165789604187
0.8635684847831726
0.863920271396637
0.8642719388008118
0.8646230697631836
0.8649740815162659
0.8653249144554138
0.8656755089759827
0.866025984287262
0.8663763999938965
0.8667261004447937
0.8670756816864014
0.8674250841140747
0.8677745461463928
0.868123471736908
0.8684723973274231
0.8688209056854248
0.8691692352294922
0.8695170283317566
0.8698652982711792
0.870212733745575
0.8705604076385498
0.8709074258804321
0.871254563331604
0.8716012239456177
0.871947705745697
0.8722941279411316
0.8726401925086975
0.8729861378669739
0.873331606388092
0.8736770749092102
0.8740224242210388
0.8743672966957092
0.8747122883796692
0.8750567436218262
0.875400960445404
0.8757448792457581
0.8760889172554016
0.876432478427887
0.8767762780189514
0.8771195411682129
0.8774622082710266
0.8778050541877747
0.8781479597091675
0.8784900307655334
0.8788323998451233
0.8791744112968445
0.879516065120697
0.8798574805259705
0.8801990747451782
0.8805398941040039
0.8808810114860535
0.8812214732170105
0.8815618753433228
0.8819020986557007
0.8822423815727234
0.8825821280479431
0.8829217553138733
0.8832612633705139
0.8836004137992859
0.883939266204834
0.8842782378196716
0.8846167922019958
0.8849552273750305
0.8852934241294861
0.8856314420700073
0.8859689235687256
0.8863067030906677
0.8866440057754517
0.8869813680648804
0.8873181939125061
0.887654721736908
0.8879912495613098
0.8883277773857117
0.8886638283729553
0.8890000581741333
0.889335572719574
0.8896711468696594
0.8900063037872314
0.8903415203094482
0.8906764984130859
0.8910114169120789
0.8913459181785583
0.8916801810264587
0.89201420545578
0.8923482894897461
0.8926820755004883
0.8930158019065857
0.8933491110801697
0.8936821818351746
0.8940151333808899
0.89434814453125
0.8946806788444519
0.8950133919715881
0.8953455090522766
0.8956775069236755
0.8960091471672058
0.8963411450386047
0.8966724276542664
0.8970038294792175
0.8973349928855896
0.897665798664093
0.8979964852333069
0.8983271718025208
0.898657500743866
0.8989878296852112
0.8993178009986877
0.8996474146842957
0.899976909160614
0.900306761264801
0.9006357789039612
0.9009650349617004
0.901293933391571
0.9016225934028625
0.901951014995575
0.9022796750068665
0.9026076793670654
0.9029359817504883
0.9032638072967529
0.9035914540290833
0.9039188027381897
0.9042462110519409
0.904573380947113
0.9049006104469299
0.9052273631095886
0.9055537581443787
0.9058804512023926
0.9062067866325378
0.9065327644348145
0.9068590998649597
0.9071847796440125
0.9075102210044861
0.9078357815742493
0.9081611037254333
0.9084861874580383
0.9088112711906433
0.9091359972953796
0.9094606637954712
0.9097850918769836
0.9101096391677856
0.9104335904121399
0.9107578992843628
0.9110815525054932
0.9114052653312683
0.9117287993431091
0.9120521545410156
0.9123755097389221
0.9126986861228943
0.9130213856697083
0.9133442044258118
0.9136666059494019
0.9139893651008606
0.9143115878105164
0.9146338105201721
0.914955735206604
0.9152775406837463
0.9155991077423096
0.9159207940101624
0.9162420630455017
0.9165634512901306
0.9168846011161804
0.917205274105072
0.9175263047218323
0.9178471565246582
0.9181673526763916
0.918488085269928
0.9188082218170166
0.9191282987594604
0.9194481372833252
0.9197680950164795
0.9200877547264099
0.9204074740409851
0.9207268357276917
0.9210458993911743
0.921364963054657
0.921684205532074
0.9220028519630432
0.9223218560218811
0.9226404428482056
0.9229586720466614
0.9232771396636963
0.9235952496528625
0.9239134192466736
0.9242314696311951
0.9245492219924927
0.9248667359352112
0.9251845479011536
0.9255018830299377
0.9258192181587219
0.9261365532875061
0.9264534115791321
0.9267705082893372
0.9270872473716736
0.9274041652679443
0.9277204871177673
0.9280372262001038
0.9283532500267029
0.9286695122718811
0.9289857745170593
0.9293016791343689
0.9296175837516785
0.929933488368988
0.9302489161491394
0.9305645823478699
0.9308799505233765
0.9311951994895935
0.9315103888511658
0.9318258166313171
0.932140588760376
0.9324554800987244
0.932770311832428
0.933085024356842
0.933399498462677
0.9337140917778015
0.9340283274650574
0.934342622756958
0.9346569180488586
0.9349709153175354
0.9352846741676331
0.9355986714363098
0.9359123706817627
0.936225950717926
0.9365395903587341
0.9368529915809631
0.9371663331985474
0.9374798536300659
0.937792956829071
0.9381060004234314
0.9384191036224365
0.9387320280075073
0.9390446543693542
0.9393576383590698
0.9396701455116272
0.9399827718734741
0.940295398235321
0.9406075477600098
0.9409198760986328
0.9412323236465454
0.9415442943572998
0.941856324672699
0.9421683549880981
0.9424802660942078
0.9427919983863831
0.9431038498878479
0.9434154629707336
0.9437270164489746
0.9440388083457947
0.9443501830101013
0.9446614384651184
0.944972813129425
0.945283830165863
0.9455950856208801
0.9459063410758972
0.9462173581123352
0.9465281963348389
0.9468392729759216
0.947149932384491
0.9474607110023499
0.9477714896202087
0.9480820894241333
0.9483927488327026
0.9487034678459167
0.9490136504173279
0.949323832988739
0.9496344923973083
0.9499444365501404
0.9502549767494202
0.9505652189254761
0.9508752822875977
0.9511851668357849
0.9514952301979065
0.9518051743507385
0.9521152377128601
0.9524250626564026
0.9527348875999451
0.9530443549156189
0.9533542990684509
0.9536640048027039
0.9539737105369568
0.9542831778526306
0.954592764377594
0.9549019932746887
0.9552118182182312
0.9555211663246155
0.9558306336402893
0.9561397433280945
0.9564492106437683
0.956758439540863
0.9570677876472473
0.9573768377304077
0.9576861262321472
0.9579952955245972
0.9583044648170471
0.9586132764816284
0.9589225053787231
0.9592315554618835
0.9595407843589783
0.9598495960235596
0.9601585268974304
0.960467517375946
0.9607766270637512
0.9610852599143982
0.9613943099975586
0.9617031216621399
0.9620117545127869
0.9623206257820129
0.9626293778419495
0.9629383683204651
0.9632473587989807
0.9635558724403381
0.9638646245002747
0.9641733765602112
0.9644822478294373
0.9647908210754395
0.9650997519493103
0.9654082655906677
0.9657170176506042
0.9660255312919617
0.9663344025611877
0.9666430354118347
0.9669520258903503
0.9672605395317078
0.9675691723823547
0.9678777456283569
0.968186616897583
0.9684951901435852
0.968804121017456
0.9691129326820374
0.96942138671875
0.9697301983833313
0.9700391292572021
0.9703475832939148
0.97065669298172
0.9709653258323669
0.9712740778923035
0.9715827703475952
0.9718918204307556
0.9722005724906921
0.9725095629692078
0.9728184342384338
0.9731273055076599
0.9734361171722412
0.9737451672554016
0.9740540981292725
0.9743632674217224
0.974672257900238
0.9749811887741089
0.9752903580665588
0.975599467754364
0.9759086966514587
0.9762179255485535
0.9765271544456482
0.9768362641334534
0.9771454930305481
0.9774548411369324
0.9777641892433167
0.97807377576828
0.9783831238746643
0.9786925315856934
0.979002058506012
0.9793115854263306
0.9796211123466492
0.9799309968948364
0.980240523815155
0.9805504679679871
0.9808600544929504
0.981170117855072
0.9814799427986145
0.9817900061607361
0.9820999503135681
0.9824099540710449
0.9827200174331665
0.9830304384231567
0.9833405613899231
0.9836511015892029
0.983961284160614
0.9842715859413147
0.9845820069313049
0.9848926663398743
0.9852033257484436
0.9855141043663025
0.9858247637748718
0.9861355423927307
0.9864463210105896
0.9867573380470276
0.9870683550834656
0.9873797297477722
0.9876907467842102
0.9880018830299377
0.9883132576942444
0.9886247515678406
0.9889362454414368
0.9892478585243225
0.9895594716072083
0.9898712635040283
0.9901829361915588
0.9904950261116028
0.9908069372177124
0.9911193251609802
0.9914314150810242
0.9917435050010681
0.9920558929443359
0.9923684000968933
0.9926808476448059
0.9929936528205872
0.9933063983917236
0.9936192631721497
0.9939319491386414
0.9942452907562256
0.9945582747459412
0.9948716759681702
0.9951848387718201
0.9954984188079834
0.9958118200302124
0.9961255788803101
0.9964393973350525
0.9967535138130188
0.9970673322677612
0.9973813891410828
0.9976955056190491
0.9980101585388184
0.9983245134353638
0.9986392259597778
0.9989538788795471
0.9992687106132507
0.9995835423469543
0.9998988509178162
1.000213861465454
1.0005295276641846
1.0008448362350464
1.0011603832244873
1.0014760494232178
1.0017919540405273
1.0021077394485474
1.0024241209030151
1.0027402639389038
1.0030567646026611
1.003373146057129
1.0036898851394653
1.0040067434310913
1.0043236017227173
1.0046406984329224
1.004957914352417
1.0052751302719116
1.005592942237854
1.0059105157852173
1.0062284469604492
1.0065463781356812
1.0068645477294922
1.0071827173233032
1.0075011253356934
1.0078198909759521
1.0081387758255005
1.0084575414657593
1.0087764263153076
1.0090956687927246
1.0094152688980103
1.0097346305847168
1.0100544691085815
1.0103744268417358
1.0106942653656006
1.011014699935913
1.0113351345062256
1.011655569076538
1.0119765996932983
1.0122973918914795
1.0126184225082397
1.012939453125
1.013261079788208
1.013582706451416
1.0139048099517822
1.0142266750335693
1.014548897743225
1.0148711204528809
1.0151937007904053
1.0155164003372192
1.0158395767211914
1.016162633895874
1.0164859294891357
1.016809344291687
1.017133355140686
1.017457127571106
1.017781376838684
1.0181055068969727
1.0184301137924194
1.0187546014785767
1.0190800428390503
1.0194048881530762
1.0197303295135498
1.0200557708740234
1.0203815698623657
1.020707368850708
1.0210336446762085
1.021359920501709
1.0216867923736572
1.022013545036316
1.0223405361175537
1.022667646408081
1.0229954719543457
1.0233231782913208
1.023651123046875
1.0239793062210083
1.024307370185852
1.0246362686157227
1.0249649286270142
1.0252940654754639
1.0256235599517822
1.025952935218811
1.026282548904419
1.0266129970550537
1.0269430875778198
1.0272732973098755
1.0276042222976685
1.027935266494751
1.028266429901123
1.0285981893539429
1.0289297103881836
1.029261589050293
1.0295941829681396
1.0299264192581177
1.030259132385254
1.0305923223495483
1.0309252738952637
1.0312588214874268
1.0315929651260376
1.0319266319274902
1.0322608947753906
1.0325956344604492
1.0329304933547974
1.0332653522491455
1.033600926399231
1.0339365005493164
1.034272313117981
1.0346086025238037
1.0349448919296265
1.0352816581726074
1.0356189012527466
1.0359559059143066
1.036293625831604
1.0366315841674805
1.036969542503357
1.0373077392578125
1.037646770477295
1.0379858016967773
1.0383248329162598
1.0386645793914795
1.0390043258666992
1.039344310760498
1.0396848917007446
1.0400255918502808
1.040366768836975
1.040708303451538
1.041049838066101
1.0413916110992432
1.041734218597412
1.042076587677002
1.04241943359375
1.0427628755569458
1.0431060791015625
1.043450117111206
1.0437942743301392
1.0441385507583618
1.0444834232330322
1.0448284149169922
1.0451738834381104
1.0455195903778076
1.0458656549453735
1.046212077140808
1.0465588569641113
1.0469061136245728
1.0472533702850342
1.0476007461547852
1.0479490756988525
1.04829740524292
1.0486459732055664
1.0489953756332397
1.0493446588516235
1.049694299697876
1.0500446557998657
1.0503950119018555
1.0507457256317139
1.0510969161987305
1.0514483451843262
1.05180025100708
1.0521526336669922
1.0525047779083252
1.0528578758239746
1.0532112121582031
1.0535647869110107
1.0539189577102661
1.054273247718811
1.0546278953552246
1.0549826622009277
1.0553385019302368
1.055694341659546
1.0560506582260132
1.0564073324203491
1.0567641258239746
1.0571212768554688
1.0574792623519897
1.0578371286392212
1.058195948600769
1.0585546493530273
1.0589139461517334
1.0592737197875977
1.059633731842041
1.059994101524353
1.0603549480438232
1.0607160329818726
1.0610774755477905
1.061439871788025
1.0618022680282593
1.0621649026870728
1.062528371810913
1.0628917217254639
1.063255786895752
1.0636203289031982
1.0639853477478027
1.0643503665924072
1.0647163391113281
1.0650821924209595
1.0654486417770386
1.065815806388855
1.0661829710006714
1.0665507316589355
1.066919207572937
1.0672876834869385
1.0676567554473877
1.0680263042449951
1.0683960914611816
1.0687665939331055
1.0691373348236084
1.06950843334198
1.0698801279067993
1.0702524185180664
1.0706249475479126
1.070997953414917
1.07137131690979
1.0717453956604004
1.0721197128295898
1.072494626045227
1.0728697776794434
1.0732452869415283
1.0736216306686401
1.073998212814331
1.0743751525878906
1.0747528076171875
1.075130820274353
1.0755091905593872
1.0758885145187378
1.0762677192687988
1.0766477584838867
1.0770282745361328
1.077409029006958
1.0777902603149414
1.078172206878662
1.078554630279541
1.0789371728897095
1.0793206691741943
1.0797041654586792
1.080088496208191
1.0804733037948608
1.0808584690093994
1.0812439918518066
1.0816304683685303
1.082017183303833
1.0824042558670044
1.082792043685913
1.0831801891326904
1.0835689306259155
1.0839585065841675
1.0843479633331299
1.0847382545471191
1.0851292610168457
1.0855203866958618
1.0859122276306152
1.0863046646118164
1.0866974592208862
1.0870907306671143
1.0874848365783691
1.0878791809082031
1.0882740020751953
1.0886698961257935
1.0890655517578125
1.0894622802734375
1.0898597240447998
1.090257167816162
1.0906552076339722
1.0910539627075195
1.0914533138275146
1.0918534994125366
1.0922538042068481
1.0926547050476074
1.0930559635162354
1.0934581756591797
1.0938606262207031
1.0942641496658325
1.0946677923202515
1.0950719118118286
1.0954768657684326
1.0958822965621948
1.0962882041931152
1.096695065498352
1.097102165222168
1.0975096225738525
1.0979180335998535
1.0983271598815918
1.0987365245819092
1.099146842956543
1.0995572805404663
1.0999683141708374
1.1003800630569458
1.1007928848266602
1.101205587387085
1.1016194820404053
1.1020336151123047
1.1024483442306519
1.1028635501861572
1.1032798290252686
1.103696346282959
1.1041138172149658
1.1045317649841309
1.1049500703811646
1.1053688526153564
1.1057889461517334
1.1062092781066895
1.1066303253173828
1.1070518493652344
1.1074737310409546
1.1078965663909912
1.1083202362060547
1.1087442636489868
1.1091691255569458
1.1095945835113525
1.110020399093628
1.1104469299316406
1.1108746528625488
1.111302375793457
1.111730933189392
1.112160325050354
1.1125900745391846
1.113020658493042
1.1134519577026367
1.1138836145401
1.1143163442611694
1.1147494316101074
1.1151833534240723
1.1156177520751953
1.1160531044006348
1.1164889335632324
1.1169257164001465
1.1173628568649292
1.1178008317947388
1.118239164352417
1.1186785697937012
1.119118571281433
1.119559407234192
1.1200007200241089
1.1204426288604736
1.1208851337432861
1.1213288307189941
1.1217728853225708
1.1222178936004639
1.1226632595062256
1.1231095790863037
1.1235564947128296
1.1240043640136719
1.1244525909423828
1.1249018907546997
1.1253516674041748
1.1258021593093872
1.1262532472610474
1.1267054080963135
1.1271580457687378
1.1276118755340576
1.1280657052993774
1.1285206079483032
1.1289761066436768
1.1294327974319458
1.129889726638794
1.1303479671478271
1.1308064460754395
1.1312657594680786
1.1317256689071655
1.132186770439148
1.1326484680175781
1.1331110000610352
1.1335740089416504
1.1340378522872925
1.1345024108886719
1.1349680423736572
1.1354343891143799
1.1359014511108398
1.136369228363037
1.1368377208709717
1.1373069286346436
1.1377772092819214
1.1382479667663574
1.1387197971343994
1.1391923427581787
1.1396653652191162
1.1401394605636597
1.1406145095825195
1.1410901546478271
1.1415667533874512
1.142043948173523
1.1425219774246216
1.143000602722168
1.1434805393218994
1.1439610719680786
1.1444425582885742
1.1449246406555176
1.1454076766967773
1.1458910703659058
1.146376132965088
1.1468615531921387
1.1473479270935059
1.1478350162506104
1.1483228206634521
1.1488115787506104
1.149301528930664
1.149791955947876
1.1502834558486938
1.15077543258667
1.1512682437896729
1.1517622470855713
1.1522570848464966
1.1527527570724487
1.1532492637634277
1.1537466049194336
1.1542447805404663
1.1547437906265259
1.1552438735961914
1.1557446718215942
1.1562466621398926
1.1567490100860596
1.157252550125122
1.1577568054199219
1.1582621335983276
1.1587684154510498
1.1592755317687988
1.1597832441329956
1.1602919101715088
1.160801649093628
1.161312460899353
1.1618239879608154
1.1623367071151733
1.1628499031066895
1.163364052772522
1.163879156112671
1.1643955707550049
1.1649123430252075
1.1654307842254639
1.1659493446350098
1.1664690971374512
1.166989803314209
1.1675117015838623
1.168034315109253
1.168558120727539
1.1690826416015625
1.1696077585220337
1.1701343059539795
1.1706618070602417
1.1711900234222412
1.1717195510864258
1.1722495555877686
1.1727807521820068
1.173312783241272
1.1738462448120117
1.1743800640106201
1.1749155521392822
1.1754515171051025
1.1759884357452393
1.1765263080596924
1.1770658493041992
1.1776056289672852
1.1781469583511353
1.1786887645721436
1.1792314052581787
1.1797754764556885
1.1803206205368042
1.1808667182922363
1.1814138889312744
1.1819617748260498
1.182510495185852
1.1830604076385498
1.1836118698120117
1.1841638088226318
1.1847171783447266
1.1852712631225586
1.185826063156128
1.1863822937011719
1.1869398355484009
1.187497854232788
1.1880576610565186
1.1886178255081177
1.1891793012619019
1.1897413730621338
1.190305233001709
1.1908698081970215
1.1914355754852295
1.1920021772384644
1.1925697326660156
1.1931384801864624
1.193708896636963
1.1942795515060425
1.1948519945144653
1.1954247951507568
1.1959991455078125
1.1965742111206055
1.1971508264541626
1.197728157043457
1.1983067989349365
1.1988866329193115
1.1994671821594238
1.2000489234924316
1.2006323337554932
1.201216220855713
1.2018015384674072
1.202387809753418
1.2029752731323242
1.2035634517669678
1.2041535377502441
1.2047442197799683
1.205336332321167
1.2059292793273926
1.2065234184265137
1.2071186304092407
1.2077152729034424
1.208313226699829
1.2089120149612427
1.2095117568969727
1.2101126909255981
1.2107152938842773
1.2113183736801147
1.2119228839874268
1.2125290632247925
1.2131357192993164
1.2137435674667358
1.214353322982788
1.214963436126709
1.215574860572815
1.2161879539489746
1.2168020009994507
1.217416763305664
1.2180335521697998
1.2186508178710938
1.2192695140838623
1.219889760017395
1.2205108404159546
1.2211329936981201
1.221757173538208
1.222381353378296
1.2230074405670166
1.2236348390579224
1.224263310432434
1.2248928546905518
1.2255241870880127
1.226156234741211
1.2267892360687256
1.227424144744873
1.228060007095337
1.2286969423294067
1.2293355464935303
1.2299752235412598
1.2306157350540161
1.2312582731246948
1.2319016456604004
1.2325459718704224
1.2331922054290771
1.2338392734527588
1.234487771987915
1.235137701034546
1.2357884645462036
1.236440658569336
1.237094521522522
1.237749457359314
1.2384053468704224
1.2390632629394531
1.2397218942642212
1.2403818368911743
1.2410435676574707
1.2417058944702148
1.2423698902130127
1.2430355548858643
1.2437020540237427
1.2443697452545166
1.245039463043213
1.2457101345062256
1.2463816404342651
1.2470554113388062
1.247729778289795
1.2484054565429688
1.2490832805633545
1.249761700630188
1.2504417896270752
1.2511234283447266
1.2518057823181152
1.2524895668029785
1.2531754970550537
1.2538622617721558
1.2545503377914429
1.2552402019500732
1.2559309005737305
1.2566230297088623
1.257317304611206
1.258012056350708
1.2587084770202637
1.2594066858291626
1.260105848312378
1.2608060836791992
1.2615084648132324
1.2622120380401611
1.2629170417785645
1.2636232376098633
1.2643306255340576
1.2650396823883057
1.2657506465911865
1.2664624452590942
1.2671760320663452
1.2678908109664917
1.2686069011688232
1.2693244218826294
1.2700438499450684
1.2707644701004028
1.271486759185791
1.2722101211547852
1.2729350328445435
1.2736611366271973
1.2743892669677734
1.275118350982666
1.27584969997406
1.2765816450119019
1.277315378189087
1.278050184249878
1.278787612915039
1.2795255184173584
1.2802655696868896
1.2810065746307373
1.2817490100860596
1.282493233680725
1.2832390069961548
1.2839860916137695
1.2847354412078857
1.2854852676391602
1.2862367630004883
1.286989688873291
1.2877448797225952
1.2885010242462158
1.2892591953277588
1.2900184392929077
1.2907789945602417
1.2915410995483398
1.2923054695129395
1.293070912361145
1.2938382625579834
1.2946066856384277
1.2953766584396362
1.2961480617523193
1.2969216108322144
1.2976963520050049
1.2984731197357178
1.2992510795593262
1.30003023147583
1.3008112907409668
1.3015944957733154
1.3023782968521118
1.3031646013259888
1.3039518594741821
1.3047406673431396
1.3055312633514404
1.306323766708374
1.3071175813674927
1.3079131841659546
1.3087100982666016
1.3095086812973022
1.3103086948394775
1.3111109733581543
1.3119144439697266
1.3127198219299316
1.3135266304016113
1.3143348693847656
1.3151447772979736
1.315956711769104
1.3167698383331299
1.3175852298736572
1.3184016942977905
1.3192198276519775
1.3200396299362183
1.320861577987671
1.321684718132019
1.322510004043579
1.3233367204666138
1.3241642713546753
1.3249942064285278
1.3258262872695923
1.3266594409942627
1.327494740486145
1.3283312320709229
1.3291692733764648
1.3300092220306396
1.3308513164520264
1.331694483757019
1.3325402736663818
1.3333868980407715
1.3342351913452148
1.335085391998291
1.335937738418579
1.3367913961410522
1.3376469612121582
1.3385041952133179
1.3393628597259521
1.3402233123779297
1.3410861492156982
1.3419499397277832
1.3428163528442383
1.3436837196350098
1.3445528745651245
1.345423698425293
1.3462969064712524
1.3471713066101074
1.3480480909347534
1.3489258289337158
1.3498055934906006
1.3506871461868286
1.3515710830688477
1.3524560928344727
1.3533436059951782
1.3542320728302002
1.355122447013855
1.3560147285461426
1.3569090366363525
1.3578048944473267
1.3587031364440918
1.3596022129058838
1.3605034351348877
1.3614062070846558
1.362311840057373
1.3632184267044067
1.364127516746521
1.365037441253662
1.3659496307373047
1.366863489151001
1.3677797317504883
1.368697166442871
1.369617223739624
1.3705384731292725
1.3714613914489746
1.37238609790802
1.373313546180725
1.3742420673370361
1.3751730918884277
1.376105546951294
1.3770394325256348
1.3779752254486084
1.3789138793945312
1.3798534870147705
1.3807954788208008
1.3817392587661743
1.3826847076416016
1.383631706237793
1.384581208229065
1.3855323791503906
1.3864858150482178
1.3874402046203613
1.388396978378296
1.3893555402755737
1.3903167247772217
1.3912787437438965
1.3922436237335205
1.3932099342346191
1.3941776752471924
1.3951473236083984
1.3961199522018433
1.3970937728881836
1.3980700969696045
1.399047613143921
1.4000269174575806
1.4010084867477417
1.4019925594329834
1.4029778242111206
1.4039655923843384
1.404954433441162
1.4059457778930664
1.4069386720657349
1.407934546470642
1.408931016921997
1.4099308252334595
1.4109315872192383
1.4119343757629395
1.4129388332366943
1.4139463901519775
1.4149550199508667
1.4159661531448364
1.4169788360595703
1.4179933071136475
1.4190096855163574
1.4200289249420166
1.4210493564605713
1.4220722913742065
1.4230966567993164
1.4241228103637695
1.4251511096954346
1.4261820316314697
1.4272143840789795
1.428249716758728
1.429286003112793
1.4303239583969116
1.4313641786575317
1.432407259941101
1.4334514141082764
1.4344985485076904
1.435546636581421
1.4365971088409424
1.437649130821228
1.438704252243042
1.439760684967041
1.4408193826675415
1.4418797492980957
1.4429419040679932
1.4440064430236816
1.4450733661651611
1.4461421966552734
1.4472132921218872
1.4482855796813965
1.4493601322174072
1.4504365921020508
1.451515793800354
1.4525964260101318
1.4536799192428589
1.454764485359192
1.4558510780334473
1.4569398164749146
1.4580312967300415
1.4591243267059326
1.4602197408676147
1.4613168239593506
1.4624159336090088
1.4635164737701416
1.4646201133728027
1.4657254219055176
1.466833233833313
1.4679425954818726
1.4690539836883545
1.4701672792434692
1.471283197402954
1.4724009037017822
1.4735212326049805
1.4746425151824951
1.4757664203643799
1.4768917560577393
1.478020429611206
1.479150414466858
1.4802830219268799
1.481416940689087
1.4825530052185059
1.4836909770965576
1.4848320484161377
1.4859743118286133
1.4871196746826172
1.488265872001648
1.4894144535064697
1.4905660152435303
1.4917190074920654
1.492873191833496
1.4940310716629028
1.495190143585205
1.4963507652282715
1.4975147247314453
1.4986796379089355
1.4998469352722168
1.5010172128677368
1.5021885633468628
1.5033621788024902
1.5045385360717773
1.5057162046432495
1.5068961381912231
1.5080788135528564
1.5092625617980957
1.5104485750198364
1.511637568473816
1.5128278732299805
1.5140202045440674
1.5152151584625244
1.5164120197296143
1.5176105499267578
1.5188121795654297
1.520014762878418
1.5212197303771973
1.5224273204803467
1.5236363410949707
1.5248475074768066
1.526061773300171
1.5272771120071411
1.5284942388534546
1.529714822769165
1.5309367179870605
1.5321602821350098
1.5333867073059082
1.5346146821975708
1.5358445644378662
1.5370774269104004
1.5383117198944092
1.5395479202270508
1.5407872200012207
1.542027473449707
1.5432698726654053
1.544515609741211
1.5457621812820435
1.5470112562179565
1.5482627153396606
1.549515724182129
1.5507707595825195
1.5520286560058594
1.5532878637313843
1.554549217224121
1.5558133125305176
1.5570790767669678
1.5583465099334717
1.5596168041229248
1.5608887672424316
1.5621623992919922
1.563439130783081
1.5647170543670654
1.5659968852996826
1.5672799348831177
1.56856369972229
1.5698503255844116
1.5711396932601929
1.5724300146102905
1.573722243309021
1.5750174522399902
1.5763142108917236
1.5776128768920898
1.5789146423339844
1.5802173614501953
1.5815216302871704
1.5828297138214111
1.5841385126113892
1.585449457168579
1.5867631435394287
1.5880787372589111
1.5893964767456055
1.5907154083251953
1.5920366048812866
1.5933599472045898
1.5946862697601318
1.5960133075714111
1.5973434448242188
1.5986748933792114
1.600008249282837
1.6013436317443848
1.602682113647461
1.6040215492248535
1.6053639650344849
1.6067076921463013
1.608053207397461
1.6094005107879639
1.6107511520385742
1.6121023893356323
1.6134569644927979
1.6148124933242798
1.6161701679229736
1.6175298690795898
1.6188921928405762
1.620255708694458
1.62162184715271
1.622989296913147
1.624358892440796
1.6257308721542358
1.6271051168441772
1.6284804344177246
1.6298587322235107
1.6312381029129028
1.6326192617416382
1.6340025663375854
1.635388731956482
1.6367757320404053
1.638165831565857
1.639556884765625
1.6409499645233154
1.6423448324203491
1.6437427997589111
1.6451416015625
1.6465435028076172
1.6479460000991821
1.6493505239486694
1.6507567167282104
1.652166485786438
1.653576374053955
1.6549897193908691
1.6564040184020996
1.6578195095062256
1.6592375040054321
1.660658359527588
1.6620798110961914
1.6635046005249023
1.6649298667907715
1.6663570404052734
1.6677862405776978
1.6692180633544922
1.6706509590148926
1.672086477279663
1.6735230684280396
1.674961805343628
1.6764013767242432
1.6778442859649658
1.6792881488800049
1.6807348728179932
1.6821821928024292
1.683631420135498
1.6850824356079102
1.6865366697311401
1.6879912614822388
1.689448356628418
1.6909067630767822
1.692366600036621
1.6938281059265137
1.6952929496765137
1.696758508682251
1.6982264518737793
1.699695348739624
1.7011654376983643
1.7026381492614746
1.7041125297546387
1.7055888175964355
1.7070664167404175
1.7085459232330322
1.7100266218185425
1.7115094661712646
1.7129948139190674
1.7144806385040283
1.7159693241119385
1.7174584865570068
1.7189496755599976
1.7204420566558838
1.7219375371932983
1.723433494567871
1.7249319553375244
1.726430892944336
1.7279318571090698
1.7294342517852783
1.7309391498565674
1.7324448823928833
1.7339532375335693
1.7354621887207031
1.7369725704193115
1.7384848594665527
1.7399991750717163
1.7415142059326172
1.7430322170257568
1.7445502281188965
1.746070384979248
1.7475917339324951
1.749114990234375
1.750639796257019
1.752166748046875
1.7536938190460205
1.7552227973937988
1.7567532062530518
1.7582862377166748
1.759819746017456
1.7613551616668701
1.7628912925720215
1.7644293308258057
1.7659687995910645
1.7675102949142456
1.7690521478652954
1.7705963850021362
1.772141456604004
1.773687720298767
1.7752348184585571
1.776785135269165
1.778335690498352
1.779888391494751
1.7814416885375977
1.7829961776733398
1.784551739692688
1.7861104011535645
1.7876684665679932
1.7892292737960815
1.7907905578613281
1.7923531532287598
1.7939167022705078
1.7954823970794678
1.7970484495162964
1.7986176013946533
1.8001859188079834
1.8017559051513672
1.8033270835876465
1.8049007654190063
1.8064738512039185
1.8080500364303589
1.8096263408660889
1.8112032413482666
1.812781572341919
1.8143624067306519
1.8159430027008057
1.8175256252288818
1.8191086053848267
1.820693016052246
1.8222782611846924
1.8238656520843506
1.8254534006118774
1.8270424604415894
1.8286323547363281
1.8302232027053833
1.8318146467208862
1.8334085941314697
1.8350021839141846
1.83659827709198
1.8381942510604858
1.8397912979125977
1.8413888216018677
1.8429887294769287
1.8445887565612793
1.8461904525756836
1.847792148590088
1.849394679069519
1.8509984016418457
1.8526041507720947
1.8542094230651855
1.8558168411254883
1.857424259185791
1.8590319156646729
1.8606412410736084
1.8622519969940186
1.8638629913330078
1.8654754161834717
1.8670878410339355
1.8687001466751099
1.870314598083496
1.8719301223754883
1.8735456466674805
1.8751628398895264
1.8767805099487305
1.8783979415893555
1.8800162076950073
1.881636142730713
1.8832565546035767
1.884878396987915
1.8864991664886475
1.888121247291565
1.889743685722351
1.8913683891296387
1.8929924964904785
1.8946177959442139
1.8962428569793701
1.8978687524795532
1.8994946479797363
1.901123046875
1.9027506113052368
1.9043794870376587
1.906008005142212
1.907637119293213
1.909266710281372
1.910897970199585
1.912528395652771
1.9141607284545898
1.9157917499542236
1.9174240827560425
1.9190566539764404
1.9206910133361816
1.9223240613937378
1.9239583015441895
1.9255926609039307
1.927227258682251
1.92886221408844
1.9304978847503662
1.9321337938308716
1.933770775794983
1.9354069232940674
1.937043309211731
1.9386800527572632
1.9403183460235596
1.94195556640625
1.943593978881836
1.9452322721481323
1.9468700885772705
1.948508381843567
1.9501478672027588
1.9517865180969238
1.9534261226654053
1.9550652503967285
1.9567043781280518
1.9583436250686646
1.9599840641021729
1.9616233110427856
1.9632641077041626
1.9649040699005127
1.9665436744689941
1.9681848287582397
1.9698243141174316
1.971463918685913
1.973105549812317
1.974745273590088
1.9763849973678589
1.978026032447815
1.979665756225586
1.9813058376312256
1.9829459190368652
1.9845861196517944
1.9862251281738281
1.987865686416626
1.9895052909851074
1.991143822669983
1.9927845001220703
1.9944233894348145
1.996062159538269
1.99770188331604
1.9993398189544678
2.0009779930114746
2.002617359161377
2.0042545795440674
2.005891799926758
2.0075302124023438
2.009166955947876
2.010803461074829
2.0124406814575195
2.0140764713287354
2.015712261199951
2.017348289489746
2.0189833641052246
2.020617723464966
2.0222527980804443
2.0238869190216064
2.025519847869873
2.027153730392456
2.0287859439849854
2.0304179191589355
2.032050609588623
2.033681631088257
2.035311698913574
2.036943197250366
2.038572311401367
2.04020094871521
2.041830539703369
2.0434579849243164
2.0450851917266846
2.04671311378479
2.0483388900756836
2.049964189529419
2.0515897274017334
2.053213357925415
2.0548367500305176
2.0564606189727783
2.058082342147827
2.0597033500671387
2.0613253116607666
2.0629446506500244
2.0645639896392822
2.066183090209961
2.067800521850586
2.0694172382354736
2.0710339546203613
2.072648763656616
2.074263334274292
2.0758774280548096
2.0774900913238525
2.079101800918579
2.0807132720947266
2.082322835922241
2.0839312076568604
2.085540771484375
2.0871479511260986
2.0887534618377686
2.0903594493865967
2.091963529586792
2.093566656112671
2.09516978263855
2.0967705249786377
2.0983715057373047
2.0999701023101807
2.101567506790161
2.1031644344329834
2.1047613620758057
2.106355667114258
2.10794997215271
2.109541893005371
2.111133098602295
2.112722635269165
2.1143126487731934
2.1158998012542725
2.1174871921539307
2.119072198867798
2.1206560134887695
2.1222381591796875
2.1238205432891846
2.1253998279571533
2.1269800662994385
2.1285574436187744
2.130133628845215
2.1317076683044434
2.133282423019409
2.1348540782928467
2.136425733566284
2.1379950046539307
2.1395626068115234
2.1411290168762207
2.142695188522339
2.1442582607269287
2.1458218097686768
2.1473820209503174
2.1489408016204834
2.150498628616333
2.152055501937866
2.1536097526550293
2.1551640033721924
2.156714916229248
2.1582651138305664
2.159813165664673
2.1613609790802
2.16290545463562
2.1644504070281982
2.165992021560669
2.167532205581665
2.1690707206726074
2.1706085205078125
2.1721436977386475
2.173678159713745
2.1752095222473145
2.1767399311065674
2.17826771736145
2.179795503616333
2.1813204288482666
2.182844400405884
2.1843650341033936
2.185884475708008
2.187401533126831
2.188918352127075
2.1904327869415283
2.1919453144073486
2.193455934524536
2.1949636936187744
2.196470022201538
2.1979756355285645
2.1994783878326416
2.2009799480438232
2.2024786472320557
2.203975200653076
2.2054696083068848
2.2069637775421143
2.2084543704986572
2.209944486618042
2.2114312648773193
2.2129156589508057
2.2143983840942383
2.2158801555633545
2.217358350753784
2.2188360691070557
2.220310688018799
2.221782922744751
2.223253011703491
2.224722146987915
2.2261877059936523
2.2276527881622314
2.229114294052124
2.2305734157562256
2.2320311069488525
2.233487367630005
2.23494029045105
2.23639178276062
2.237839937210083
2.239286422729492
2.2407302856445312
2.242172956466675
2.24361252784729
2.2450501918792725
2.2464849948883057
2.247917890548706
2.2493479251861572
2.250776767730713
2.252202033996582
2.2536263465881348
2.255047559738159
2.2564656734466553
2.2578816413879395
2.2592966556549072
2.2607078552246094
2.2621171474456787
2.263524293899536
2.264928102493286
2.266329526901245
2.2677292823791504
2.2691261768341064
2.270521402359009
2.2719128131866455
2.2733020782470703
2.274688482284546
2.276073694229126
2.2774550914764404
2.2788355350494385
2.280212163925171
2.281585931777954
2.282957077026367
2.284327745437622
2.285693407058716
2.287057638168335
2.288418769836426
2.2897772789001465
2.291133165359497
2.292487621307373
2.293837547302246
2.2951865196228027
2.2965316772460938
2.2978742122650146
2.2992141246795654
2.3005521297454834
2.301886796951294
2.3032195568084717
2.304548501968384
2.305874824523926
2.3071982860565186
2.3085200786590576
2.309838056564331
2.3111541271209717
2.312466859817505
2.313776731491089
2.3150835037231445
2.3163890838623047
2.317690134048462
2.3189895153045654
2.3202853202819824
2.3215787410736084
2.322868585586548
2.3241565227508545
2.3254411220550537
2.326723337173462
2.3280022144317627
2.3292782306671143
2.3305513858795166
2.331822633743286
2.3330891132354736
2.334354877471924
2.335615873336792
2.3368747234344482
2.338129997253418
2.339383125305176
2.3406331539154053
2.3418807983398438
2.3431246280670166
2.3443655967712402
2.3456034660339355
2.34683895111084
2.3480708599090576
2.3493006229400635
2.3505265712738037
2.3517496585845947
2.3529694080352783
2.354187250137329
2.3554015159606934
2.3566126823425293
2.357820987701416
2.359025716781616
2.3602278232574463
2.3614273071289062
2.3626227378845215
2.363816261291504
2.3650057315826416
2.366192579269409
2.3673760890960693
2.3685569763183594
2.369734525680542
2.3709092140197754
2.3720805644989014
2.373248815536499
2.37441349029541
2.3755760192871094
2.376734972000122
2.3778913021087646
2.3790440559387207
2.380192995071411
2.3813390731811523
2.3824830055236816
2.383622884750366
2.3847601413726807
2.3858938217163086
2.387024402618408
2.3881518840789795
2.3892767429351807
2.3903980255126953
2.3915162086486816
2.3926308155059814
2.393742322921753
2.394850492477417
2.39595627784729
2.3970584869384766
2.398157835006714
2.3992533683776855
2.400345802307129
2.401434898376465
2.4025213718414307
2.40360426902771
2.404684543609619
2.4057607650756836
2.4068336486816406
2.4079034328460693
2.408970594406128
2.4100341796875
2.411095142364502
2.412152051925659
2.413205623626709
2.4142560958862305
2.415303945541382
2.4163479804992676
2.417389392852783
2.4184272289276123
2.419461488723755
2.42049241065979
2.421520471572876
2.4225449562072754
2.423567056655884
2.4245855808258057
2.4255998134613037
2.4266116619110107
2.4276199340820312
2.4286251068115234
2.4296271800994873
2.4306256771087646
2.4316208362579346
2.4326136112213135
2.4336020946502686
2.4345874786376953
2.435570001602173
2.436548948287964
2.4375245571136475
2.438497304916382
2.4394659996032715
2.440432071685791
2.4413952827453613
2.4423539638519287
2.443310022354126
2.444263219833374
2.4452126026153564
2.4461586475372314
2.4471023082733154
2.4480416774749756
2.4489777088165283
2.44991135597229
2.450841188430786
2.4517674446105957
2.452690839767456
2.453611135482788
2.4545276165008545
2.4554412364959717
2.4563510417938232
2.4572579860687256
2.4581620693206787
2.459061861038208
2.4599592685699463
2.4608535766601562
2.4617438316345215
2.4626307487487793
2.463515281677246
2.464395761489868
2.465273141860962
2.4661478996276855
2.4670186042785645
2.467886209487915
2.4687507152557373
2.4696121215820312
2.4704697132110596
2.4713244438171387
2.4721758365631104
2.4730236530303955
2.4738690853118896
2.474710702896118
2.4755489826202393
2.476384401321411
2.4772157669067383
2.478044271469116
2.478870391845703
2.479692220687866
2.48051118850708
2.4813272953033447
2.4821395874023438
2.4829485416412354
2.483755111694336
2.4845573902130127
2.4853570461273193
2.4861538410186768
2.4869468212127686
2.487736463546753
2.4885237216949463
2.489306926727295
2.490086793899536
2.4908647537231445
2.491638422012329
2.4924089908599854
2.4931766986846924
2.493941068649292
2.494701862335205
2.495460271835327
2.4962151050567627
2.4969661235809326
2.4977152347564697
2.498460054397583
2.499202013015747
2.499941349029541
2.5006768703460693
2.5014097690582275
2.5021393299102783
2.5028653144836426
2.5035884380340576
2.5043089389801025
2.505025625228882
2.505739450454712
2.5064499378204346
2.507157325744629
2.507861614227295
2.508563280105591
2.5092613697052
2.5099565982818604
2.510648488998413
2.5113370418548584
2.5120229721069336
2.5127055644989014
2.513385057449341
2.51406192779541
2.514734983444214
2.5154049396514893
2.5160722732543945
2.5167369842529297
2.517397880554199
2.5180561542510986
2.5187108516693115
2.519362688064575
2.5200116634368896
2.520657777786255
2.5213005542755127
2.5219409465789795
2.5225772857666016
2.5232107639312744
2.523841142654419
2.5244698524475098
2.5250940322875977
2.5257160663604736
2.5263350009918213
2.5269503593444824
2.5275633335113525
2.5281732082366943
2.528780221939087
2.529384136199951
2.529985189437866
2.5305826663970947
2.531177520751953
2.5317699909210205
2.5323588848114014
2.532945394515991
2.5335285663604736
2.5341086387634277
2.5346858501434326
2.5352609157562256
2.535832166671753
2.5364010334014893
2.5369668006896973
2.537529706954956
2.5380895137786865
2.538646936416626
2.539201021194458
2.539752721786499
2.5403010845184326
2.540846586227417
2.541389226913452
2.5419294834136963
2.542466640472412
2.543001174926758
2.543532609939575
2.5440609455108643
2.5445868968963623
2.545109987258911
2.5456302165985107
2.546147584915161
2.5466623306274414
2.5471739768981934
2.547683000564575
2.548189401626587
2.5486929416656494
2.549194097518921
2.549691915512085
2.550187110900879
2.5506794452667236
2.5511693954467773
2.551656484603882
2.5521411895751953
2.5526225566864014
2.5531013011932373
2.553577184677124
2.554051160812378
2.5545217990875244
2.55499005317688
2.555455446243286
2.555917978286743
2.55637788772583
2.556835889816284
2.5572903156280518
2.5577428340911865
2.558192014694214
2.55863881111145
2.5590832233428955
2.5595250129699707
2.5599639415740967
2.5604002475738525
2.5608341693878174
2.561265230178833
2.5616936683654785
2.562120199203491
2.5625431537628174
2.56296443939209
2.563382387161255
2.563798189163208
2.564211368560791
2.564621925354004
2.565030336380005
2.5654358863830566
2.5658390522003174
2.566239356994629
2.5666372776031494
2.567032814025879
2.5674259662628174
2.5678164958953857
2.568204402923584
2.5685901641845703
2.5689730644226074
2.5693538188934326
2.5697319507598877
2.5701076984405518
2.570481061935425
2.570852041244507
2.5712201595306396
2.5715863704681396
2.5719497203826904
2.5723111629486084
2.572669744491577
2.573025941848755
2.5733802318573
2.5737316608428955
2.5740807056427
2.574428081512451
2.5747721195220947
2.5751144886016846
2.575453996658325
2.575791597366333
2.5761263370513916
2.5764594078063965
2.5767898559570312
2.577117681503296
2.5774435997009277
2.5777671337127686
2.5780882835388184
2.5784075260162354
2.578723907470703
2.579038143157959
2.579350233078003
2.579659938812256
2.5799672603607178
2.580272912979126
2.580575942993164
2.5808768272399902
2.5811750888824463
2.5814716815948486
2.58176589012146
2.5820577144622803
2.5823476314544678
2.582634687423706
2.5829203128814697
2.5832035541534424
2.583484411239624
2.583763360977173
2.5840399265289307
2.5843141078948975
2.5845863819122314
2.5848569869995117
2.5851247310638428
2.58539080619812
2.5856549739837646
2.58591628074646
2.5861759185791016
2.5864334106445312
2.58668851852417
2.586941957473755
2.587193012237549
2.58744215965271
2.5876893997192383
2.5879342555999756
2.58817720413208
2.5884182453155518
2.5886566638946533
2.588893413543701
2.589128255844116
2.5893609523773193
2.5895915031433105
2.589820146560669
2.5900471210479736
2.5902717113494873
2.590494394302368
2.590714693069458
2.5909335613250732
2.5911502838134766
2.591365098953247
2.5915777683258057
2.5917887687683105
2.5919973850250244
2.5922043323516846
2.592409610748291
2.5926125049591064
2.592813491821289
2.593012809753418
2.593210220336914
2.5934054851531982
2.5935990810394287
2.5937905311584473
2.593980550765991
2.5941684246063232
2.5943543910980225
2.5945382118225098
2.5947206020355225
2.5949010848999023
2.5950796604156494
2.5952565670013428
2.595431089401245
2.595604181289673
2.5957753658294678
2.59594464302063
2.5961122512817383
2.596277952194214
2.5964419841766357
2.596604108810425
2.5967648029327393
2.5969231128692627
2.5970799922943115
2.5972349643707275
2.597388505935669
2.5975399017333984
2.597689390182495
2.5978376865386963
2.5979838371276855
2.5981285572052
2.598271608352661
2.598412275314331
2.5985519886016846
2.5986897945404053
2.598825693130493
2.5989596843719482
2.599092483520508
2.5992233753204346
2.5993523597717285
2.599480152130127
2.5996060371398926
2.5997302532196045
2.599853038787842
2.599973440170288
2.600093126296997
2.600210666656494
2.6003265380859375
2.6004412174224854
2.6005537509918213
2.6006648540496826
2.6007745265960693
2.6008822917938232
2.6009886264801025
2.601093292236328
2.6011962890625
2.6012980937957764
2.60139799118042
2.601496458053589
2.601593017578125
2.6016883850097656
2.6017820835113525
2.6018741130828857
2.6019647121429443
2.6020541191101074
2.6021416187286377
2.6022274494171143
2.6023120880126953
2.6023948192596436
2.6024765968322754
2.6025564670562744
2.6026346683502197
2.6027116775512695
2.6027872562408447
2.602861166000366
2.602933883666992
2.6030046939849854
2.603074550628662
2.603142499923706
2.6032092571258545
2.603274345397949
2.6033382415771484
2.603400468826294
2.603461503982544
2.603520631790161
2.603578805923462
2.60363507270813
2.6036903858184814
2.6037442684173584
2.6037967205047607
2.6038477420806885
2.6038970947265625
2.603945255279541
2.603992223739624
2.6040375232696533
2.604081392288208
2.6041243076324463
2.6041653156280518
2.60420560836792
2.6042439937591553
2.604281187057495
2.6043171882629395
2.604351758956909
2.604384660720825
2.604416847229004
2.604447603225708
2.6044766902923584
2.6045045852661133
2.6045310497283936
2.6045563220977783
2.6045801639556885
2.6046030521392822
2.6046245098114014
2.604644775390625
2.604663610458374
2.6046807765960693
2.6046974658966064
2.6047122478485107
2.6047260761260986
2.60473895072937
2.604749917984009
2.60476016998291
2.6047685146331787
2.60477614402771
2.6047823429107666
2.604787588119507
2.6047914028167725
2.6047942638397217
2.604795217514038
2.604795455932617
2.604794502258301
2.604792356491089
2.6047887802124023
2.6047844886779785
2.604778528213501
2.604771375656128
2.6047632694244385
2.6047542095184326
2.604743480682373
2.604731798171997
2.6047189235687256
2.6047048568725586
2.604689836502075
2.604673385620117
2.6046559810638428
2.604637384414673
2.6046173572540283
2.6045966148376465
2.6045749187469482
2.6045515537261963
2.604527235031128
2.604501962661743
2.604475498199463
2.604447841644287
2.604419231414795
2.6043894290924072
2.6043589115142822
2.6043264865875244
2.6042933464050293
2.604259490966797
2.60422420501709
2.6041879653930664
2.6041505336761475
2.604111909866333
2.6040728092193604
2.604032278060913
2.603990316390991
2.603947877883911
2.6039042472839355
2.6038594245910645
2.603813886642456
2.603766918182373
2.6037192344665527
2.603670358657837
2.6036202907562256
2.603569269180298
2.603517532348633
2.603464365005493
2.603410482406616
2.603355646133423
2.603299856185913
2.6032426357269287
2.603184938430786
2.603126049041748
2.6030662059783936
2.6030051708221436
2.602943181991577
2.6028802394866943
2.6028168201446533
2.6027519702911377
2.6026861667633057
2.6026198863983154
2.6025519371032715
2.6024832725524902
2.6024138927459717
2.6023433208465576
2.602271795272827
2.6021997928619385
2.602126359939575
2.6020519733428955
2.6019771099090576
2.6019012928009033
2.6018240451812744
2.601746082305908
2.6016671657562256
2.6015875339508057
2.6015069484710693
2.6014256477355957
2.6013433933258057
2.60125994682312
2.601175546646118
2.601090669631958
2.6010046005249023
2.6009178161621094
2.600830078125
2.6007416248321533
2.600651979446411
2.60056209564209
2.600470781326294
2.6003787517547607
2.600285768508911
2.600191831588745
2.600097417831421
2.600001811981201
2.599905490875244
2.599808692932129
2.599710702896118
2.599611759185791
2.5995121002197266
2.599411725997925
2.5993106365203857
2.599208354949951
2.5991053581237793
2.59900164604187
2.5988972187042236
2.5987918376922607
2.5986857414245605
2.598578691482544
2.59847092628479
2.598362684249878
2.598253011703491
2.5981428623199463
2.598031997680664
2.5979204177856445
2.5978081226348877
2.5976946353912354
2.597580671310425
2.597465991973877
2.5973501205444336
2.597234010696411
2.5971171855926514
2.596999168395996
2.5968806743621826
2.5967612266540527
2.5966408252716064
2.596520185470581
2.5963985919952393
2.59627628326416
2.5961530208587646
2.59602952003479
2.59590482711792
2.5957796573638916
2.595653772354126
2.595526695251465
2.5953991413116455
2.595271348953247
2.595142364501953
2.595012903213501
2.5948827266693115
2.5947515964508057
2.5946197509765625
2.594487428665161
2.5943541526794434
2.5942203998565674
2.594085931777954
2.5939509868621826
2.5938146114349365
2.5936782360076904
2.593541145324707
2.5934031009674072
2.593264579772949
2.593125581741333
2.5929853916168213
2.5928447246551514
2.5927035808563232
2.5925614833831787
2.592418909072876
2.592275619506836
2.5921318531036377
2.591987371444702
2.59184193611145
2.59169602394104
2.5915496349334717
2.591402769088745
2.591254472732544
2.5911061763763428
2.5909571647644043
2.5908074378967285
2.5906572341918945
2.5905063152313232
2.5903546810150146
2.590202569961548
2.5900495052337646
2.5898959636688232
2.5897421836853027
2.5895869731903076
2.5894320011138916
2.589276075363159
2.5891196727752686
2.5889625549316406
2.5888047218322754
2.588646173477173
2.588487386703491
2.5883281230926514
2.588167905807495
2.5880072116851807
2.587846040725708
2.587683916091919
2.58752179145813
2.5873587131500244
2.5871949195861816
2.587031126022339
2.5868661403656006
2.586700677871704
2.5865347385406494
2.5863683223724365
2.5862014293670654
2.586033821105957
2.5858657360076904
2.5856969356536865
2.5855281352996826
2.585357904434204
2.5851876735687256
2.5850164890289307
2.5848453044891357
2.5846731662750244
2.584500551223755
2.584327459335327
2.584153890609741
2.583979845046997
2.5838050842285156
2.583629846572876
2.5834543704986572
2.583277940750122
2.5831010341644287
2.582923650741577
2.5827457904815674
2.5825674533843994
2.5823886394500732
2.5822091102600098
2.582029104232788
2.5818488597869873
2.581667900085449
2.581486463546753
2.5813045501708984
2.5811221599578857
2.5809390544891357
2.5807557106018066
2.5805718898773193
2.5803873538970947
2.580202341079712
2.580016851425171
2.579831123352051
2.5796446800231934
2.5794577598571777
2.579270601272583
2.579082489013672
2.5788943767547607
2.5787055492401123
2.5785160064697266
2.578326463699341
2.5781362056732178
2.5779454708099365
2.577754259109497
2.5775625705718994
2.5773704051971436
2.5771782398223877
2.5769851207733154
2.576791524887085
2.5765974521636963
2.5764029026031494
2.5762081146240234
2.5760130882263184
2.575817346572876
2.5756211280822754
2.5754244327545166
2.5752274990081787
2.5750298500061035
2.57483172416687
2.5746333599090576
2.574434757232666
2.574235439300537
2.574035882949829
2.573835611343384
2.5736351013183594
2.5734338760375977
2.573232650756836
2.573030710220337
2.572828531265259
2.5726258754730225
2.572422742843628
2.572219133377075
2.5720152854919434
2.5718109607696533
2.571605920791626
2.5714008808135986
2.571195363998413
2.5709893703460693
2.5707828998565674
2.5705761909484863
2.570368766784668
2.5701613426208496
2.569953441619873
2.569744825363159
2.569535732269287
2.5693271160125732
2.5691170692443848
2.5689070224761963
2.5686967372894287
2.568485975265503
2.568274974822998
2.568063497543335
2.5678513050079346
2.567639112472534
2.5674264430999756
2.567213296890259
2.567000150680542
2.566786289215088
2.5665719509124756
2.566357374191284
2.5661425590515137
2.565927267074585
2.565711259841919
2.565495252609253
2.5652787685394287
2.5650622844696045
2.564845085144043
2.5646274089813232
2.5644094944000244
2.5641915798187256
2.5639729499816895
2.563754081726074
2.563534736633301
2.5633151531219482
2.5630950927734375
2.5628750324249268
2.5626540184020996
2.5624330043792725
2.562211751937866
2.5619897842407227
2.561767816543579
2.5615456104278564
2.5613226890563965
2.5610997676849365
2.5608761310577393
2.560652494430542
2.5604283809661865
2.560204029083252
2.559979200363159
2.5597541332244873
2.5595290660858154
2.559303045272827
2.559077024459839
2.5588507652282715
2.558624029159546
2.558396816253662
2.5581696033477783
2.5579419136047363
2.5577139854431152
2.557485580444336
2.5572569370269775
2.557027816772461
2.5567986965179443
2.5565690994262695
2.5563390254974365
2.5561091899871826
2.5558784008026123
2.555647611618042
2.5554168224334717
2.555185317993164
2.5549535751342773
2.5547218322753906
2.5544893741607666
2.5542566776275635
2.5540239810943604
2.553790807723999
2.5535571575164795
2.55332350730896
2.5530893802642822
2.5528552532196045
2.5526204109191895
2.552385091781616
2.552150011062622
2.551914930343628
2.5516788959503174
2.551442861557007
2.551206350326538
2.5509696006774902
2.550732374191284
2.5504953861236572
2.550257921218872
2.5500199794769287
2.5497820377349854
2.549543619155884
2.5493052005767822
2.5490663051605225
2.5488269329071045
2.5485877990722656
2.5483481884002686
2.548107862472534
2.547868013381958
2.5476272106170654
2.547386407852173
2.5471456050872803
2.5469043254852295
2.5466628074645996
2.5464210510253906
2.5461785793304443
2.545936346054077
2.545694351196289
2.5454509258270264
2.545208215713501
2.5449650287628174
2.5447211265563965
2.5444772243499756
2.544233560562134
2.5439889430999756
2.5437443256378174
2.54349946975708
2.5432543754577637
2.543009042739868
2.5427634716033936
2.542517900466919
2.542271614074707
2.542025327682495
2.541778802871704
2.541531801223755
2.5412850379943848
2.5410377979278564
2.540790319442749
2.5405423641204834
2.540294647216797
2.540046215057373
2.539797782897949
2.5395491123199463
2.5393002033233643
2.539051055908203
2.538801670074463
2.5385522842407227
2.538302421569824
2.538052558898926
2.53780198097229
2.5375516414642334
2.5373008251190186
2.537050247192383
2.5367989540100098
2.5365474224090576
2.5362961292266846
2.5360443592071533
2.535792112350464
2.5355398654937744
2.535287618637085
2.5350348949432373
2.5347816944122314
2.534528970718384
2.534275531768799
2.534022092819214
2.53376841545105
2.5335144996643066
2.5332603454589844
2.533005952835083
2.5327513217926025
2.532496452331543
2.5322415828704834
2.5319864749908447
2.531730890274048
2.53147554397583
2.531219720840454
2.530963659286499
2.530707597732544
2.530451536178589
2.5301947593688965
2.529937744140625
2.5296807289123535
2.529423713684082
2.5291664600372314
2.5289089679718018
2.528650999069214
2.528393030166626
2.52813458442688
2.527876615524292
2.527618169784546
2.5273594856262207
2.5271008014678955
2.526841402053833
2.5265824794769287
2.526322841644287
2.5260632038116455
2.525803327560425
2.525543451309204
2.5252833366394043
2.5250227451324463
2.5247626304626465
2.5245018005371094
2.5242409706115723
2.523979425430298
2.5237183570861816
2.5234570503234863
2.523195505142212
2.5229339599609375
2.522671937942505
2.522409677505493
2.5221474170684814
2.5218846797943115
2.5216221809387207
2.521359443664551
2.5210964679718018
2.5208332538604736
2.5205700397491455
2.520306348800659
2.520042896270752
2.5197789669036865
2.5195152759552
2.5192508697509766
2.518986701965332
2.51872181892395
2.5184576511383057
2.518192768096924
2.517927885055542
2.517662763595581
2.517397403717041
2.517132043838501
2.516866445541382
2.5166006088256836
2.5163347721099854
2.516068696975708
2.5158026218414307
2.515536069869995
2.5152695178985596
2.515002965927124
2.5147359371185303
2.5144689083099365
2.5142016410827637
2.513934373855591
2.513667106628418
2.513399362564087
2.513131856918335
2.5128636360168457
2.5125961303710938
2.5123274326324463
2.512059211730957
2.5117907524108887
2.511522054672241
2.511253595352173
2.5109846591949463
2.5107157230377197
2.510446310043335
2.51017689704895
2.5099072456359863
2.5096380710601807
2.5093679428100586
2.5090982913970947
2.5088279247283936
2.5085580348968506
2.5082874298095703
2.508017063140869
2.507746696472168
2.5074758529663086
2.50720477104187
2.5069339275360107
2.506662607192993
2.5063915252685547
2.506120443344116
2.5058486461639404
2.5055770874023438
2.505305528640747
2.5050337314605713
2.5047614574432373
2.5044894218444824
2.5042169094085693
2.5039446353912354
2.503671884536743
2.503399133682251
2.503126382827759
2.5028536319732666
2.502580404281616
2.502307653427124
2.5020339488983154
2.501760244369507
2.5014870166778564
2.5012130737304688
2.500939130783081
2.5006654262542725
2.5003912448883057
2.500117063522339
2.499842882156372
2.4995687007904053
2.4992940425872803
2.4990193843841553
2.4987447261810303
2.498469591140747
2.498194694519043
2.497919797897339
2.4976444244384766
2.4973690509796143
2.497093677520752
2.4968180656433105
2.4965426921844482
2.4962666034698486
2.495990514755249
2.4957149028778076
2.495438814163208
2.49516224861145
2.4948861598968506
2.4946095943450928
2.494332790374756
2.494056463241577
2.4937798976898193
2.493502378463745
2.4932258129119873
2.492948532104492
2.492671251296997
2.492393970489502
2.492116689682007
2.4918389320373535
2.4915614128112793
2.491283655166626
2.4910056591033936
2.490727663040161
2.490449905395508
2.4901716709136963
2.489893674850464
2.4896152019500732
2.4893367290496826
2.489058256149292
2.4887797832489014
2.4885003566741943
2.4882216453552246
2.487942934036255
2.487663507461548
2.487384557723999
2.487105369567871
2.486826181411743
2.486546754837036
2.486267328262329
2.485987424850464
2.4857077598571777
2.4854280948638916
2.4851479530334473
2.484868288040161
2.4845879077911377
2.4843077659606934
2.48402738571167
2.4837472438812256
2.483466863632202
2.4831860065460205
2.482905626296997
2.4826245307922363
2.482343912124634
2.482063055038452
2.4817817211151123
2.4815008640289307
2.48121976852417
2.48093843460083
2.4806571006774902
2.4803755283355713
2.4800941944122314
2.4798123836517334
2.4795305728912354
2.4792487621307373
2.4789669513702393
2.478685140609741
2.478403091430664
2.478121042251587
2.4778387546539307
2.4775564670562744
2.477274179458618
2.476991653442383
2.4767091274261475
2.476426601409912
2.4761438369750977
2.475861072540283
2.4755780696868896
2.475295305252075
2.4750120639801025
2.474729061126709
2.4744460582733154
2.4741628170013428
2.473879337310791
2.4735958576202393
2.4733126163482666
2.4730288982391357
2.472745180130005
2.472461462020874
2.472177743911743
2.471893548965454
2.4716098308563232
2.4713258743286133
2.471041679382324
2.470757246017456
2.470473051071167
2.470188856124878
2.4699044227600098
2.4696199893951416
2.4693357944488525
2.4690511226654053
2.468766212463379
2.4684813022613525
2.4681966304779053
2.467911720275879
2.4676268100738525
2.467341661453247
2.4670565128326416
2.466771364212036
2.4664862155914307
2.466201066970825
2.4659156799316406
2.465630054473877
2.4653446674346924
2.4650590419769287
2.464773178100586
2.4644875526428223
2.4642016887664795
2.4639158248901367
2.463629961013794
2.463344097137451
2.46305775642395
2.4627716541290283
2.4624855518341064
2.4621992111206055
2.4619128704071045
2.4616267681121826
2.4613401889801025
2.4610536098480225
2.4607672691345215
2.4604804515838623
2.4601938724517822
2.459907293319702
2.4596199989318848
2.4593334197998047
2.4590466022491455
2.4587595462799072
2.458472490310669
2.4581854343414307
2.457897901535034
2.457610845565796
2.4573233127593994
2.457036018371582
2.4567487239837646
2.456461191177368
2.4561736583709717
2.455886125564575
2.4555983543395996
2.455310583114624
2.4550230503082275
2.454735040664673
2.4544472694396973
2.4541594982147217
2.453871488571167
2.453583002090454
2.4532952308654785
2.4530069828033447
2.45271897315979
2.452430486679077
2.4521420001983643
2.4518537521362305
2.4515650272369385
2.4512767791748047
2.450988292694092
2.4506995677948
2.450410842895508
2.450122117996216
2.449833631515503
2.449544668197632
2.44925594329834
2.4489667415618896
2.4486777782440186
2.4483888149261475
2.4480998516082764
2.4478108882904053
2.447521448135376
2.447232484817505
2.4469428062438965
2.4466536045074463
2.446364641189575
2.4460747241973877
2.4457855224609375
2.445495843887329
2.4452061653137207
2.4449167251586914
2.444627046585083
2.4443376064300537
2.444047451019287
2.4437577724456787
2.443467855453491
2.4431779384613037
2.4428882598876953
2.4425981044769287
2.442308187484741
2.4420177936553955
2.441727876663208
2.4414374828338623
2.441147565841675
2.440857172012329
2.4405667781829834
2.4402763843536377
2.439985752105713
2.439695358276367
2.4394052028656006
2.4391143321990967
2.438823699951172
2.438533306121826
2.4382424354553223
2.4379518032073975
2.4376609325408936
2.437370538711548
2.4370791912078857
2.43678879737854
2.436497449874878
2.436206340789795
2.435915470123291
2.435624599456787
2.435333013534546
2.435042142868042
2.43475079536438
2.434459924697876
2.434168577194214
2.4338772296905518
2.4335858821868896
2.4332945346832275
2.4330029487609863
2.432711362838745
2.432420015335083
2.432128429412842
2.4318368434906006
2.4315452575683594
2.431253671646118
2.4309616088867188
2.4306700229644775
2.4303781986236572
2.430086374282837
2.4297945499420166
2.4295027256011963
2.4292104244232178
2.4289186000823975
2.428626537322998
2.428334951400757
2.428042411804199
2.4277503490448
2.4274580478668213
2.427166223526001
2.4268736839294434
2.426581621170044
2.4262890815734863
2.425997018814087
2.4257047176361084
2.4254119396209717
2.425119638442993
2.4248270988464355
2.424534559249878
2.424241781234741
2.4239494800567627
2.423656702041626
2.4233639240264893
2.4230711460113525
2.422778844833374
2.422485828399658
2.4221930503845215
2.4219002723693848
2.421607255935669
2.4213144779205322
2.4210212230682373
2.4207284450531006
2.420435667037964
2.420142412185669
2.4198496341705322
2.4195563793182373
2.4192631244659424
2.4189701080322266
2.4186770915985107
2.4183835983276367
2.418090343475342
2.4177968502044678
2.417503595352173
2.417210340499878
2.416916847229004
2.416623592376709
2.416330099105835
2.416036605834961
2.415743112564087
2.415449380874634
2.4151558876037598
2.4148623943328857
2.4145686626434326
2.4142749309539795
2.4139811992645264
2.4136877059936523
2.41339373588562
2.413100004196167
2.412806272506714
2.4125123023986816
2.4122183322906494
2.4119246006011963
2.411630392074585
2.411336660385132
2.4110426902770996
2.4107487201690674
2.410454750061035
2.410160541534424
2.4098663330078125
2.4095723628997803
2.409278154373169
2.4089839458465576
2.4086897373199463
2.408395528793335
2.4081013202667236
2.4078071117401123
2.4075124263763428
2.4072182178497314
2.40692400932312
2.4066293239593506
2.4063351154327393
2.406040668487549
2.4057457447052
2.405451536178589
2.4051573276519775
2.404862403869629
2.4045679569244385
2.404273271560669
2.4039785861968994
2.40368390083313
2.4033892154693604
2.4030942916870117
2.4027998447418213
2.4025049209594727
2.402209997177124
2.4019155502319336
2.401620626449585
2.4013254642486572
2.4010307788848877
2.400736093521118
2.4004409313201904
2.400146007537842
2.399851083755493
2.3995559215545654
2.399261236190796
2.398966073989868
2.3986704349517822
2.3983755111694336
2.398080587387085
2.397785186767578
2.3974900245666504
2.3971951007843018
2.396899700164795
2.396604537963867
2.3963091373443604
2.3960139751434326
2.3957183361053467
2.395423173904419
2.395127534866333
2.3948323726654053
2.3945369720458984
2.3942415714263916
2.3939459323883057
2.393650770187378
2.393355131149292
2.393059492111206
2.392764091491699
2.3924684524536133
2.3921730518341064
2.3918769359588623
2.3915812969207764
2.3912856578826904
2.3909902572631836
2.3906943798065186
2.3903987407684326
2.3901031017303467
2.3898072242736816
2.3895113468170166
2.3892157077789307
2.3889195919036865
2.3886239528656006
2.3883280754089355
2.3880319595336914
2.3877360820770264
2.3874404430389404
2.387144088745117
2.386848211288452
2.386552572250366
2.386256217956543
2.385960340499878
2.385664224624634
2.3853681087493896
2.3850719928741455
2.3847758769989014
2.384479522705078
2.384183645248413
2.383887529373169
2.3835911750793457
2.3832948207855225
2.3829987049102783
2.382702112197876
2.382405996322632
2.3821098804473877
2.3818132877349854
2.381517171859741
2.381220817565918
2.3809244632720947
2.3806278705596924
2.3803317546844482
2.380035161972046
2.3797390460968018
2.3794422149658203
2.379145622253418
2.3788492679595947
2.3785531520843506
2.37825608253479
2.3779594898223877
2.3776631355285645
2.377366304397583
2.3770697116851807
2.3767731189727783
2.376476526260376
2.3761799335479736
2.3758833408355713
2.3755860328674316
2.3752896785736084
2.374993085861206
2.3746962547302246
2.374399423599243
2.374102830886841
2.373805522918701
2.3735086917877197
2.3732120990753174
2.372915029525757
2.3726184368133545
2.372321367263794
2.3720242977142334
2.371727705001831
2.3714303970336914
2.37113356590271
2.3708367347717285
2.370539665222168
2.3702425956726074
2.369945526123047
2.3696486949920654
2.3693511486053467
2.3690543174743652
2.368757486343384
2.368459939956665
2.3681628704071045
2.367865800857544
2.3675684928894043
2.3672711849212646
2.366974115371704
2.3666770458221436
2.366379976272583
2.3660824298858643
2.3657848834991455
2.365487813949585
2.3651907444000244
2.3648931980133057
2.364596128463745
2.3642985820770264
2.3640010356903076
2.363703966140747
2.3634064197540283
2.3631088733673096
2.362811803817749
2.362514019012451
2.3622164726257324
2.3619191646575928
2.361621856689453
2.3613240718841553
2.3610265254974365
2.360729217529297
2.360431671142578
2.3601338863372803
2.3598363399505615
2.3595387935638428
2.359241008758545
2.358943462371826
2.3586456775665283
2.3583481311798096
2.3580503463745117
2.357752799987793
2.357455015182495
2.3571574687957764
2.3568594455718994
2.3565616607666016
2.356264352798462
2.355966091156006
2.355668544769287
2.3553707599639893
2.3550727367401123
2.3547751903533936
2.3544771671295166
2.3541791439056396
2.353881597518921
2.353583574295044
2.353285312652588
2.35298752784729
2.352689743041992
2.352391481399536
2.352093458175659
2.3517959117889404
2.3514978885650635
2.3511996269226074
2.3509016036987305
2.3506035804748535
2.3503055572509766
2.3500075340270996
2.3497092723846436
2.3494112491607666
2.3491129875183105
2.3488147258758545
2.3485169410705566
2.3482184410095215
2.3479204177856445
2.3476223945617676
2.3473241329193115
2.3470256328582764
2.3467276096343994
2.3464293479919434
2.3461310863494873
2.3458328247070312
2.345534563064575
2.34523606300354
2.344938039779663
2.344639539718628
2.344341278076172
2.344043016433716
2.3437445163726807
2.3434462547302246
2.3431479930877686
2.3428492546081543
2.3425509929656982
2.342252492904663
2.341953992843628
2.3416554927825928
2.3413569927215576
2.3410584926605225
2.3407599925994873
2.340461492538452
2.340162992477417
2.339864492416382
2.3395659923553467
2.3392670154571533
2.338968515396118
2.338670015335083
2.338371515274048
2.3380730152130127
2.3377745151519775
2.337475538253784
2.337177038192749
2.3368782997131348
2.3365795612335205
2.3362810611724854
2.335982084274292
2.3356831073760986
2.3353846073150635
2.3350861072540283
2.334786891937256
2.3344886302948
2.3341896533966064
2.333890676498413
2.333591938018799
2.3332931995391846
2.332994222640991
2.332695245742798
2.3323967456817627
2.3320977687835693
2.331798791885376
2.3314998149871826
2.3312008380889893
2.330901861190796
2.3306031227111816
2.330303907394409
2.330005168914795
2.3297064304351807
2.329406976699829
2.3291079998016357
2.3288090229034424
2.328510046005249
2.3282110691070557
2.3279120922088623
2.327613115310669
2.3273136615753174
2.327014684677124
2.3267154693603516
2.326416492462158
2.326117515563965
2.325817823410034
2.325518846511841
2.3252198696136475
2.324920415878296
2.3246214389801025
2.324322462081909
2.3240230083465576
2.323723554611206
2.3234243392944336
2.323125123977661
2.3228259086608887
2.322526693344116
2.3222272396087646
2.3219282627105713
2.3216288089752197
2.3213295936584473
2.3210299015045166
2.320730686187744
2.3204314708709717
2.320131540298462
2.3198325634002686
2.319533109664917
2.3192336559295654
2.318934202194214
2.3186347484588623
2.3183352947235107
2.3180360794067383
2.3177363872528076
2.317436933517456
2.3171374797821045
2.316838026046753
2.3165385723114014
2.3162388801574707
2.31593918800354
2.3156397342681885
2.315340042114258
2.315040349960327
2.3147408962249756
2.314441204071045
2.3141415119171143
2.3138420581817627
2.313542366027832
2.3132426738739014
2.3129429817199707
2.31264328956604
2.3123433589935303
2.3120439052581787
2.311744213104248
2.311444044113159
2.3111445903778076
2.310844898223877
2.3105452060699463
2.3102452754974365
2.3099453449249268
2.309645652770996
2.3093454837799072
2.3090460300445557
2.308746099472046
2.3084464073181152
2.3081462383270264
2.3078465461730957
2.307546854019165
2.307246446609497
2.3069465160369873
2.3066468238830566
2.306347131729126
2.306046724319458
2.3057470321655273
2.3054468631744385
2.3051469326019287
2.304847002029419
2.304547071456909
2.3042469024658203
2.3039467334747314
2.3036468029022217
2.303346633911133
2.303046464920044
2.3027467727661133
2.3024463653564453
2.3021461963653564
2.3018462657928467
2.301546335220337
2.301245927810669
2.30094575881958
2.300645589828491
2.3003456592559814
2.3000452518463135
2.2997448444366455
2.2994446754455566
2.2991445064544678
2.2988440990448
2.29854416847229
2.298243761062622
2.2979438304901123
2.297642946243286
